0 verbose cli /usr/local/bin/node /usr/local/bin/npm
1 info using npm@11.17.0
2 info using node@v24.19.0
3 silly config load:file:/usr/local/lib/node_modules/npm/npmrc
4 silly config load:file:/Users/pcartee/github/writing-samples/writing-samples/.npmrc
5 silly config load:file:/Users/pcartee/.npmrc
6 silly config load:file:/usr/local/etc/npmrc
7 verbose title npm install
8 verbose argv "install" "--legacy-peer-deps"
9 verbose logfile logs-max:10 dir:/Users/pcartee/github/writing-samples/writing-samples/.npm-cache/_logs/2026-08-07T20_16_13_479Z-
10 verbose logfile /Users/pcartee/github/writing-samples/writing-samples/.npm-cache/_logs/2026-08-07T20_16_13_479Z-debug-0.log
11 silly logfile done cleaning log files
12 silly packumentCache heap:4496293888 maxSize:1124073472 maxEntrySize:562036736
13 silly idealTree buildDeps
14 silly reify mark retired [
14 silly reify   '/Users/pcartee/github/writing-samples/writing-samples/node_modules/accepts'
14 silly reify ]
15 silly reify mark retired [
15 silly reify   '/Users/pcartee/github/writing-samples/writing-samples/node_modules/ajv'
15 silly reify ]
16 silly reify mark retired [
16 silly reify   '/Users/pcartee/github/writing-samples/writing-samples/node_modules/algoliasearch'
16 silly reify ]
17 silly reify mark retired [
17 silly reify   '/Users/pcartee/github/writing-samples/writing-samples/node_modules/ansi-align'
17 silly reify ]
18 silly reify mark retired [
18 silly reify   '/Users/pcartee/github/writing-samples/writing-samples/node_modules/body-parser'
18 silly reify ]
19 silly reify mark retired [
19 silly reify   '/Users/pcartee/github/writing-samples/writing-samples/node_modules/cheerio'
19 silly reify ]
20 silly reify mark retired [
20 silly reify   '/Users/pcartee/github/writing-samples/writing-samples/node_modules/clean-css'
20 silly reify ]
21 silly reify mark retired [
21 silly reify   '/Users/pcartee/github/writing-samples/writing-samples/node_modules/compression'
21 silly reify ]
22 silly reify mark retired [
22 silly reify   '/Users/pcartee/github/writing-samples/writing-samples/node_modules/bonjour-service'
22 silly reify ]
23 silly reify mark retired [
23 silly reify   '/Users/pcartee/github/writing-samples/writing-samples/node_modules/core-js'
23 silly reify ]
24 silly reify mark retired [
24 silly reify   '/Users/pcartee/github/writing-samples/writing-samples/node_modules/crypto-random-string'
24 silly reify ]
25 silly reify mark retired [
25 silly reify   '/Users/pcartee/github/writing-samples/writing-samples/node_modules/babel-plugin-polyfill-corejs2'
25 silly reify ]
26 silly reify mark retired [
26 silly reify   '/Users/pcartee/github/writing-samples/writing-samples/node_modules/cli-table3'
26 silly reify ]
27 silly reify mark retired [
27 silly reify   '/Users/pcartee/github/writing-samples/writing-samples/node_modules/css-has-pseudo'
27 silly reify ]
28 silly reify mark retired [
28 silly reify   '/Users/pcartee/github/writing-samples/writing-samples/node_modules/css-select'
28 silly reify ]
29 silly reify mark retired [
29 silly reify   '/Users/pcartee/github/writing-samples/writing-samples/node_modules/css-blank-pseudo'
29 silly reify ]
30 silly reify mark retired [
30 silly reify   '/Users/pcartee/github/writing-samples/writing-samples/node_modules/entities'
30 silly reify ]
31 silly reify mark retired [
31 silly reify   '/Users/pcartee/github/writing-samples/writing-samples/node_modules/csso'
31 silly reify ]
32 silly reify mark retired [
32 silly reify   '/Users/pcartee/github/writing-samples/writing-samples/node_modules/fast-glob'
32 silly reify ]
33 silly reify mark retired [
33 silly reify   '/Users/pcartee/github/writing-samples/writing-samples/node_modules/express'
33 silly reify ]
34 silly reify mark retired [
34 silly reify   '/Users/pcartee/github/writing-samples/writing-samples/node_modules/faye-websocket'
34 silly reify ]
35 silly reify mark retired [
35 silly reify   '/Users/pcartee/github/writing-samples/writing-samples/node_modules/file-loader'
35 silly reify ]
36 silly reify mark retired [
36 silly reify   '/Users/pcartee/github/writing-samples/writing-samples/node_modules/finalhandler'
36 silly reify ]
37 silly reify mark retired [
37 silly reify   '/Users/pcartee/github/writing-samples/writing-samples/node_modules/feed'
37 silly reify ]
38 silly reify mark retired [
38 silly reify   '/Users/pcartee/github/writing-samples/writing-samples/node_modules/css-tree'
38 silly reify ]
39 silly reify mark retired [
39 silly reify   '/Users/pcartee/github/writing-samples/writing-samples/node_modules/got'
39 silly reify ]
40 silly reify mark retired [
40 silly reify   '/Users/pcartee/github/writing-samples/writing-samples/node_modules/form-data-encoder'
40 silly reify ]
41 silly reify mark retired [
41 silly reify   '/Users/pcartee/github/writing-samples/writing-samples/node_modules/detect-port'
41 silly reify ]
42 silly reify mark retired [
42 silly reify   '/Users/pcartee/github/writing-samples/writing-samples/node_modules/fs-extra'
42 silly reify ]
43 silly reify mark retired [
43 silly reify   '/Users/pcartee/github/writing-samples/writing-samples/node_modules/hpack.js'
43 silly reify ]
44 silly reify mark retired [
44 silly reify   '/Users/pcartee/github/writing-samples/writing-samples/node_modules/has-symbols'
44 silly reify ]
45 silly reify mark retired [
45 silly reify   '/Users/pcartee/github/writing-samples/writing-samples/node_modules/html-webpack-plugin'
45 silly reify ]
46 silly reify mark retired [
46 silly reify   '/Users/pcartee/github/writing-samples/writing-samples/node_modules/hast-util-to-estree'
46 silly reify ]
47 silly reify mark retired [
47 silly reify   '/Users/pcartee/github/writing-samples/writing-samples/node_modules/htmlparser2'
47 silly reify ]
48 silly reify mark retired [
48 silly reify   '/Users/pcartee/github/writing-samples/writing-samples/node_modules/http-proxy'
48 silly reify ]
49 silly reify mark retired [
49 silly reify   '/Users/pcartee/github/writing-samples/writing-samples/node_modules/http2-wrapper'
49 silly reify ]
50 silly reify mark retired [
50 silly reify   '/Users/pcartee/github/writing-samples/writing-samples/node_modules/hyperdyperid'
50 silly reify ]
51 silly reify mark retired [
51 silly reify   '/Users/pcartee/github/writing-samples/writing-samples/node_modules/human-signals'
51 silly reify ]
52 silly reify mark retired [
52 silly reify   '/Users/pcartee/github/writing-samples/writing-samples/node_modules/iconv-lite'
52 silly reify ]
53 silly reify mark retired [
53 silly reify   '/Users/pcartee/github/writing-samples/writing-samples/node_modules/infima'
53 silly reify ]
54 silly reify mark retired [
54 silly reify   '/Users/pcartee/github/writing-samples/writing-samples/node_modules/image-size'
54 silly reify ]
55 silly reify mark retired [
55 silly reify   '/Users/pcartee/github/writing-samples/writing-samples/node_modules/http-proxy-middleware'
55 silly reify ]
56 silly reify mark retired [
56 silly reify   '/Users/pcartee/github/writing-samples/writing-samples/node_modules/html-minifier-terser'
56 silly reify ]
57 silly reify mark retired [
57 silly reify   '/Users/pcartee/github/writing-samples/writing-samples/node_modules/jest-worker'
57 silly reify ]
58 silly reify mark retired [
58 silly reify   '/Users/pcartee/github/writing-samples/writing-samples/node_modules/is-inside-container'
58 silly reify ]
59 silly reify mark retired [
59 silly reify   '/Users/pcartee/github/writing-samples/writing-samples/node_modules/json-schema-traverse'
59 silly reify ]
60 silly reify mark retired [
60 silly reify   '/Users/pcartee/github/writing-samples/writing-samples/node_modules/jiti'
60 silly reify ]
61 silly reify mark retired [
61 silly reify   '/Users/pcartee/github/writing-samples/writing-samples/node_modules/joi'
61 silly reify ]
62 silly reify mark retired [
62 silly reify   '/Users/pcartee/github/writing-samples/writing-samples/node_modules/js-yaml'
62 silly reify ]
63 silly reify mark retired [
63 silly reify   '/Users/pcartee/github/writing-samples/writing-samples/node_modules/loader-utils'
63 silly reify ]
64 silly reify mark retired [
64 silly reify   '/Users/pcartee/github/writing-samples/writing-samples/node_modules/mdast-util-find-and-replace'
64 silly reify ]
65 silly reify mark retired [
65 silly reify   '/Users/pcartee/github/writing-samples/writing-samples/node_modules/mdast-util-from-markdown'
65 silly reify ]
66 silly reify mark retired [
66 silly reify   '/Users/pcartee/github/writing-samples/writing-samples/node_modules/mdast-util-frontmatter'
66 silly reify ]
67 silly reify mark retired [
67 silly reify   '/Users/pcartee/github/writing-samples/writing-samples/node_modules/mdast-util-to-hast'
67 silly reify ]
68 silly reify mark retired [
68 silly reify   '/Users/pcartee/github/writing-samples/writing-samples/node_modules/memfs'
68 silly reify ]
69 silly reify mark retired [
69 silly reify   '/Users/pcartee/github/writing-samples/writing-samples/node_modules/mdast-util-to-markdown'
69 silly reify ]
70 silly reify mark retired [
70 silly reify   '/Users/pcartee/github/writing-samples/writing-samples/node_modules/micromark'
70 silly reify ]
71 silly reify mark retired [
71 silly reify   '/Users/pcartee/github/writing-samples/writing-samples/node_modules/mdast-util-gfm-autolink-literal'
71 silly reify ]
72 silly reify mark retired [
72 silly reify   '/Users/pcartee/github/writing-samples/writing-samples/node_modules/micromark-core-commonmark'
72 silly reify ]
73 silly reify mark retired [
73 silly reify   '/Users/pcartee/github/writing-samples/writing-samples/node_modules/micromark-extension-directive'
73 silly reify ]
74 silly reify mark retired [
74 silly reify   '/Users/pcartee/github/writing-samples/writing-samples/node_modules/micromark-extension-gfm-footnote'
74 silly reify ]
75 silly reify mark retired [
75 silly reify   '/Users/pcartee/github/writing-samples/writing-samples/node_modules/micromark-extension-gfm-strikethrough'
75 silly reify ]
76 silly reify mark retired [
76 silly reify   '/Users/pcartee/github/writing-samples/writing-samples/node_modules/micromark-extension-gfm-table'
76 silly reify ]
77 silly reify mark retired [
77 silly reify   '/Users/pcartee/github/writing-samples/writing-samples/node_modules/micromark-extension-gfm-task-list-item'
77 silly reify ]
78 silly reify mark retired [
78 silly reify   '/Users/pcartee/github/writing-samples/writing-samples/node_modules/micromark-extension-mdx-expression'
78 silly reify ]
79 silly reify mark retired [
79 silly reify   '/Users/pcartee/github/writing-samples/writing-samples/node_modules/micromark-extension-mdx-jsx'
79 silly reify ]
80 silly reify mark retired [
80 silly reify   '/Users/pcartee/github/writing-samples/writing-samples/node_modules/micromark-extension-frontmatter'
80 silly reify ]
81 silly reify mark retired [
81 silly reify   '/Users/pcartee/github/writing-samples/writing-samples/node_modules/micromark-extension-gfm-autolink-literal'
81 silly reify ]
82 silly reify mark retired [
82 silly reify   '/Users/pcartee/github/writing-samples/writing-samples/node_modules/micromark-factory-destination'
82 silly reify ]
83 silly reify mark retired [
83 silly reify   '/Users/pcartee/github/writing-samples/writing-samples/node_modules/micromark-factory-mdx-expression'
83 silly reify ]
84 silly reify mark retired [
84 silly reify   '/Users/pcartee/github/writing-samples/writing-samples/node_modules/micromark-factory-label'
84 silly reify ]
85 silly reify mark retired [
85 silly reify   '/Users/pcartee/github/writing-samples/writing-samples/node_modules/micromark-extension-mdxjs-esm'
85 silly reify ]
86 silly reify mark retired [
86 silly reify   '/Users/pcartee/github/writing-samples/writing-samples/node_modules/micromark-factory-title'
86 silly reify ]
87 silly reify mark retired [
87 silly reify   '/Users/pcartee/github/writing-samples/writing-samples/node_modules/micromark-factory-whitespace'
87 silly reify ]
88 silly reify mark retired [
88 silly reify   '/Users/pcartee/github/writing-samples/writing-samples/node_modules/micromark-util-classify-character'
88 silly reify ]
89 silly reify mark retired [
89 silly reify   '/Users/pcartee/github/writing-samples/writing-samples/node_modules/micromark-util-chunked'
89 silly reify ]
90 silly reify mark retired [
90 silly reify   '/Users/pcartee/github/writing-samples/writing-samples/node_modules/micromark-util-decode-numeric-character-reference'
90 silly reify ]
91 silly reify mark retired [
91 silly reify   '/Users/pcartee/github/writing-samples/writing-samples/node_modules/micromark-util-character'
91 silly reify ]
92 silly reify mark retired [
92 silly reify   '/Users/pcartee/github/writing-samples/writing-samples/node_modules/micromark-util-normalize-identifier'
92 silly reify ]
93 silly reify mark retired [
93 silly reify   '/Users/pcartee/github/writing-samples/writing-samples/node_modules/micromark-factory-space'
93 silly reify ]
94 silly reify mark retired [
94 silly reify   '/Users/pcartee/github/writing-samples/writing-samples/node_modules/micromark-util-sanitize-uri'
94 silly reify ]
95 silly reify mark retired [
95 silly reify   '/Users/pcartee/github/writing-samples/writing-samples/node_modules/micromark-util-decode-string'
95 silly reify ]
96 silly reify mark retired [
96 silly reify   '/Users/pcartee/github/writing-samples/writing-samples/node_modules/mini-css-extract-plugin'
96 silly reify ]
97 silly reify mark retired [
97 silly reify   '/Users/pcartee/github/writing-samples/writing-samples/node_modules/node-releases'
97 silly reify ]
98 silly reify mark retired [
98 silly reify   '/Users/pcartee/github/writing-samples/writing-samples/node_modules/minimizer-webpack-plugin'
98 silly reify ]
99 silly reify mark retired [
99 silly reify   '/Users/pcartee/github/writing-samples/writing-samples/node_modules/micromark-util-subtokenize'
99 silly reify ]
100 silly reify mark retired [
100 silly reify   '/Users/pcartee/github/writing-samples/writing-samples/node_modules/null-loader'
100 silly reify ]
101 silly reify mark retired [
101 silly reify   '/Users/pcartee/github/writing-samples/writing-samples/node_modules/micromark-util-events-to-acorn'
101 silly reify ]
102 silly reify mark retired [
102 silly reify   '/Users/pcartee/github/writing-samples/writing-samples/node_modules/parse5'
102 silly reify ]
103 silly reify mark retired [
103 silly reify   '/Users/pcartee/github/writing-samples/writing-samples/node_modules/nth-check'
103 silly reify ]
104 silly reify mark retired [
104 silly reify   '/Users/pcartee/github/writing-samples/writing-samples/node_modules/object-inspect'
104 silly reify ]
105 silly reify mark retired [
105 silly reify   '/Users/pcartee/github/writing-samples/writing-samples/node_modules/postcss-attribute-case-insensitive'
105 silly reify ]
106 silly reify mark retired [
106 silly reify   '/Users/pcartee/github/writing-samples/writing-samples/node_modules/postcss-calc'
106 silly reify ]
107 silly reify mark retired [
107 silly reify   '/Users/pcartee/github/writing-samples/writing-samples/node_modules/parse5-htmlparser2-tree-adapter'
107 silly reify ]
108 silly reify mark retired [
108 silly reify   '/Users/pcartee/github/writing-samples/writing-samples/node_modules/postcss-convert-values'
108 silly reify ]
109 silly reify mark retired [
109 silly reify   '/Users/pcartee/github/writing-samples/writing-samples/node_modules/postcss-custom-selectors'
109 silly reify ]
110 silly reify mark retired [
110 silly reify   '/Users/pcartee/github/writing-samples/writing-samples/node_modules/postcss-discard-comments'
110 silly reify ]
111 silly reify mark retired [
111 silly reify   '/Users/pcartee/github/writing-samples/writing-samples/node_modules/postcss-focus-visible'
111 silly reify ]
112 silly reify mark retired [
112 silly reify   '/Users/pcartee/github/writing-samples/writing-samples/node_modules/postcss-dir-pseudo-class'
112 silly reify ]
113 silly reify mark retired [
113 silly reify   '/Users/pcartee/github/writing-samples/writing-samples/node_modules/postcss-merge-longhand'
113 silly reify ]
114 silly reify mark retired [
114 silly reify   '/Users/pcartee/github/writing-samples/writing-samples/node_modules/postcss-focus-within'
114 silly reify ]
115 silly reify mark retired [
115 silly reify   '/Users/pcartee/github/writing-samples/writing-samples/node_modules/postcss-merge-rules'
115 silly reify ]
116 silly reify mark retired [
116 silly reify   '/Users/pcartee/github/writing-samples/writing-samples/node_modules/postcss-minify-selectors'
116 silly reify ]
117 silly reify mark retired [
117 silly reify   '/Users/pcartee/github/writing-samples/writing-samples/node_modules/postcss-minify-font-values'
117 silly reify ]
118 silly reify mark retired [
118 silly reify   '/Users/pcartee/github/writing-samples/writing-samples/node_modules/postcss-normalize-display-values'
118 silly reify ]
119 silly reify mark retired [
119 silly reify   '/Users/pcartee/github/writing-samples/writing-samples/node_modules/postcss-nesting'
119 silly reify ]
120 silly reify mark retired [
120 silly reify   '/Users/pcartee/github/writing-samples/writing-samples/node_modules/postcss-modules-scope'
120 silly reify ]
121 silly reify mark retired [
121 silly reify   '/Users/pcartee/github/writing-samples/writing-samples/node_modules/postcss-normalize-repeat-style'
121 silly reify ]
122 silly reify mark retired [
122 silly reify   '/Users/pcartee/github/writing-samples/writing-samples/node_modules/postcss-ordered-values'
122 silly reify ]
123 silly reify mark retired [
123 silly reify   '/Users/pcartee/github/writing-samples/writing-samples/node_modules/postcss-reduce-idents'
123 silly reify ]
124 silly reify mark retired [
124 silly reify   '/Users/pcartee/github/writing-samples/writing-samples/node_modules/postcss-reduce-initial'
124 silly reify ]
125 silly reify mark retired [
125 silly reify   '/Users/pcartee/github/writing-samples/writing-samples/node_modules/parse-entities'
125 silly reify ]
126 silly reify mark retired [
126 silly reify   '/Users/pcartee/github/writing-samples/writing-samples/node_modules/postcss-selector-parser'
126 silly reify ]
127 silly reify mark retired [
127 silly reify   '/Users/pcartee/github/writing-samples/writing-samples/node_modules/postcss-svgo'
127 silly reify ]
128 silly reify mark retired [
128 silly reify   '/Users/pcartee/github/writing-samples/writing-samples/node_modules/postcss-zindex'
128 silly reify ]
129 silly reify mark retired [
129 silly reify   '/Users/pcartee/github/writing-samples/writing-samples/node_modules/postcss-pseudo-class-any-link'
129 silly reify ]
130 silly reify mark retired [
130 silly reify   '/Users/pcartee/github/writing-samples/writing-samples/node_modules/postcss-modules-local-by-default'
130 silly reify ]
131 silly reify mark retired [
131 silly reify   '/Users/pcartee/github/writing-samples/writing-samples/node_modules/pretty-error'
131 silly reify ]
132 silly reify mark retired [
132 silly reify   '/Users/pcartee/github/writing-samples/writing-samples/node_modules/postcss-selector-not'
132 silly reify ]
133 silly reify mark retired [
133 silly reify   '/Users/pcartee/github/writing-samples/writing-samples/node_modules/prompts'
133 silly reify ]
134 silly reify mark retired [
134 silly reify   '/Users/pcartee/github/writing-samples/writing-samples/node_modules/property-information'
134 silly reify ]
135 silly reify mark retired [
135 silly reify   '/Users/pcartee/github/writing-samples/writing-samples/node_modules/prismjs'
135 silly reify ]
136 silly reify mark retired [
136 silly reify   '/Users/pcartee/github/writing-samples/writing-samples/node_modules/raw-body'
136 silly reify ]
137 silly reify mark retired [
137 silly reify   '/Users/pcartee/github/writing-samples/writing-samples/node_modules/proxy-addr'
137 silly reify ]
138 silly reify mark retired [
138 silly reify   '/Users/pcartee/github/writing-samples/writing-samples/node_modules/react-json-view-lite'
138 silly reify ]
139 silly reify mark retired [
139 silly reify   '/Users/pcartee/github/writing-samples/writing-samples/node_modules/react-loadable-ssr-addon-v5-slorber'
139 silly reify ]
140 silly reify mark retired [
140 silly reify   '/Users/pcartee/github/writing-samples/writing-samples/node_modules/react-router-dom'
140 silly reify ]
141 silly reify mark retired [
141 silly reify   '/Users/pcartee/github/writing-samples/writing-samples/node_modules/readable-stream'
141 silly reify ]
142 silly reify mark retired [
142 silly reify   '/Users/pcartee/github/writing-samples/writing-samples/node_modules/relateurl'
142 silly reify ]
143 silly reify mark retired [
143 silly reify   '/Users/pcartee/github/writing-samples/writing-samples/node_modules/renderkid'
143 silly reify ]
144 silly reify mark retired [
144 silly reify   '/Users/pcartee/github/writing-samples/writing-samples/node_modules/require-like'
144 silly reify ]
145 silly reify mark retired [
145 silly reify   '/Users/pcartee/github/writing-samples/writing-samples/node_modules/reusify'
145 silly reify ]
146 silly reify mark retired [
146 silly reify   '/Users/pcartee/github/writing-samples/writing-samples/node_modules/resolve'
146 silly reify ]
147 silly reify mark retired [
147 silly reify   '/Users/pcartee/github/writing-samples/writing-samples/node_modules/schema-utils'
147 silly reify ]
148 silly reify mark retired [
148 silly reify   '/Users/pcartee/github/writing-samples/writing-samples/node_modules/selfsigned'
148 silly reify ]
149 silly reify mark retired [
149 silly reify   '/Users/pcartee/github/writing-samples/writing-samples/node_modules/send'
149 silly reify ]
150 silly reify mark retired [
150 silly reify   '/Users/pcartee/github/writing-samples/writing-samples/node_modules/serve-handler'
150 silly reify ]
151 silly reify mark retired [
151 silly reify   '/Users/pcartee/github/writing-samples/writing-samples/node_modules/serve-index'
151 silly reify ]
152 silly reify mark retired [
152 silly reify   '/Users/pcartee/github/writing-samples/writing-samples/node_modules/source-map-support'
152 silly reify ]
153 silly reify mark retired [
153 silly reify   '/Users/pcartee/github/writing-samples/writing-samples/node_modules/spdy'
153 silly reify ]
154 silly reify mark retired [
154 silly reify   '/Users/pcartee/github/writing-samples/writing-samples/node_modules/spdy-transport'
154 silly reify ]
155 silly reify mark retired [
155 silly reify   '/Users/pcartee/github/writing-samples/writing-samples/node_modules/stylehacks'
155 silly reify ]
156 silly reify mark retired [
156 silly reify   '/Users/pcartee/github/writing-samples/writing-samples/node_modules/stringify-entities'
156 silly reify ]
157 silly reify mark retired [
157 silly reify   '/Users/pcartee/github/writing-samples/writing-samples/node_modules/rc'
157 silly reify ]
158 silly reify mark retired [
158 silly reify   '/Users/pcartee/github/writing-samples/writing-samples/node_modules/string-width'
158 silly reify ]
159 silly reify mark retired [
159 silly reify   '/Users/pcartee/github/writing-samples/writing-samples/node_modules/terser-webpack-plugin'
159 silly reify ]
160 silly reify mark retired [
160 silly reify   '/Users/pcartee/github/writing-samples/writing-samples/node_modules/tiny-invariant'
160 silly reify ]
161 silly reify mark retired [
161 silly reify   '/Users/pcartee/github/writing-samples/writing-samples/node_modules/tinypool'
161 silly reify ]
162 silly reify mark retired [
162 silly reify   '/Users/pcartee/github/writing-samples/writing-samples/node_modules/tsyringe'
162 silly reify ]
163 silly reify mark retired [
163 silly reify   '/Users/pcartee/github/writing-samples/writing-samples/node_modules/sitemap'
163 silly reify ]
164 silly reify mark retired [
164 silly reify   '/Users/pcartee/github/writing-samples/writing-samples/node_modules/type-is'
164 silly reify ]
165 silly reify mark retired [
165 silly reify   '/Users/pcartee/github/writing-samples/writing-samples/node_modules/update-notifier'
165 silly reify ]
166 silly reify mark retired [
166 silly reify   '/Users/pcartee/github/writing-samples/writing-samples/node_modules/uri-js'
166 silly reify ]
167 silly reify mark retired [
167 silly reify   '/Users/pcartee/github/writing-samples/writing-samples/node_modules/url-loader'
167 silly reify ]
168 silly reify mark retired [
168 silly reify   '/Users/pcartee/github/writing-samples/writing-samples/node_modules/uuid'
168 silly reify ]
169 silly reify mark retired [
169 silly reify   '/Users/pcartee/github/writing-samples/writing-samples/node_modules/watchpack'
169 silly reify ]
170 silly reify mark retired [
170 silly reify   '/Users/pcartee/github/writing-samples/writing-samples/node_modules/svgo'
170 silly reify ]
171 silly reify mark retired [
171 silly reify   '/Users/pcartee/github/writing-samples/writing-samples/node_modules/webpack-bundle-analyzer'
171 silly reify ]
172 silly reify mark retired [
172 silly reify   '/Users/pcartee/github/writing-samples/writing-samples/node_modules/webpack'
172 silly reify ]
173 silly reify mark retired [
173 silly reify   '/Users/pcartee/github/writing-samples/writing-samples/node_modules/terser'
173 silly reify ]
174 silly reify mark retired [
174 silly reify   '/Users/pcartee/github/writing-samples/writing-samples/node_modules/webpack-dev-middleware'
174 silly reify ]
175 silly reify mark retired [
175 silly reify   '/Users/pcartee/github/writing-samples/writing-samples/node_modules/webpack-sources'
175 silly reify ]
176 silly reify mark retired [
176 silly reify   '/Users/pcartee/github/writing-samples/writing-samples/node_modules/webpackbar'
176 silly reify ]
177 silly reify mark retired [
177 silly reify   '/Users/pcartee/github/writing-samples/writing-samples/node_modules/websocket-driver'
177 silly reify ]
178 silly reify mark retired [
178 silly reify   '/Users/pcartee/github/writing-samples/writing-samples/node_modules/websocket-extensions'
178 silly reify ]
179 silly reify mark retired [
179 silly reify   '/Users/pcartee/github/writing-samples/writing-samples/node_modules/wildcard'
179 silly reify ]
180 silly reify mark retired [
180 silly reify   '/Users/pcartee/github/writing-samples/writing-samples/node_modules/wsl-utils'
180 silly reify ]
181 silly reify mark retired [
181 silly reify   '/Users/pcartee/github/writing-samples/writing-samples/node_modules/@algolia/autocomplete-core'
181 silly reify ]
182 silly reify mark retired [
182 silly reify   '/Users/pcartee/github/writing-samples/writing-samples/node_modules/@algolia/abtesting'
182 silly reify ]
183 silly reify mark retired [
183 silly reify   '/Users/pcartee/github/writing-samples/writing-samples/node_modules/@algolia/autocomplete-plugin-algolia-insights'
183 silly reify ]
184 silly reify mark retired [
184 silly reify   '/Users/pcartee/github/writing-samples/writing-samples/node_modules/@algolia/autocomplete-shared'
184 silly reify ]
185 silly reify mark retired [
185 silly reify   '/Users/pcartee/github/writing-samples/writing-samples/node_modules/@algolia/client-abtesting'
185 silly reify ]
186 silly reify mark retired [
186 silly reify   '/Users/pcartee/github/writing-samples/writing-samples/node_modules/@algolia/client-analytics'
186 silly reify ]
187 silly reify mark retired [
187 silly reify   '/Users/pcartee/github/writing-samples/writing-samples/node_modules/@algolia/client-insights'
187 silly reify ]
188 silly reify mark retired [
188 silly reify   '/Users/pcartee/github/writing-samples/writing-samples/node_modules/@algolia/client-personalization'
188 silly reify ]
189 silly reify mark retired [
189 silly reify   '/Users/pcartee/github/writing-samples/writing-samples/node_modules/@algolia/client-query-suggestions'
189 silly reify ]
190 silly reify mark retired [
190 silly reify   '/Users/pcartee/github/writing-samples/writing-samples/node_modules/@algolia/client-search'
190 silly reify ]
191 silly reify mark retired [
191 silly reify   '/Users/pcartee/github/writing-samples/writing-samples/node_modules/@algolia/ingestion'
191 silly reify ]
192 silly reify mark retired [
192 silly reify   '/Users/pcartee/github/writing-samples/writing-samples/node_modules/@algolia/monitoring'
192 silly reify ]
193 silly reify mark retired [
193 silly reify   '/Users/pcartee/github/writing-samples/writing-samples/node_modules/@algolia/recommend'
193 silly reify ]
194 silly reify mark retired [
194 silly reify   '/Users/pcartee/github/writing-samples/writing-samples/node_modules/@babel/generator'
194 silly reify ]
195 silly reify mark retired [
195 silly reify   '/Users/pcartee/github/writing-samples/writing-samples/node_modules/@babel/core'
195 silly reify ]
196 silly reify mark retired [
196 silly reify   '/Users/pcartee/github/writing-samples/writing-samples/node_modules/webpack-dev-server'
196 silly reify ]
197 silly reify mark retired [
197 silly reify   '/Users/pcartee/github/writing-samples/writing-samples/node_modules/wrap-ansi'
197 silly reify ]
198 silly reify mark retired [
198 silly reify   '/Users/pcartee/github/writing-samples/writing-samples/node_modules/@babel/helper-define-polyfill-provider'
198 silly reify ]
199 silly reify mark retired [
199 silly reify   '/Users/pcartee/github/writing-samples/writing-samples/node_modules/@babel/helpers'
199 silly reify ]
200 silly reify mark retired [
200 silly reify   '/Users/pcartee/github/writing-samples/writing-samples/node_modules/@babel/plugin-transform-regenerator'
200 silly reify ]
201 silly reify mark retired [
201 silly reify   '/Users/pcartee/github/writing-samples/writing-samples/node_modules/@babel/plugin-transform-runtime'
201 silly reify ]
202 silly reify mark retired [
202 silly reify   '/Users/pcartee/github/writing-samples/writing-samples/node_modules/@babel/preset-env'
202 silly reify ]
203 silly reify mark retired [
203 silly reify   '/Users/pcartee/github/writing-samples/writing-samples/node_modules/@babel/preset-modules'
203 silly reify ]
204 silly reify mark retired [
204 silly reify   '/Users/pcartee/github/writing-samples/writing-samples/node_modules/@babel/runtime'
204 silly reify ]
205 silly reify mark retired [
205 silly reify   '/Users/pcartee/github/writing-samples/writing-samples/node_modules/@babel/traverse'
205 silly reify ]
206 silly reify mark retired [
206 silly reify   '/Users/pcartee/github/writing-samples/writing-samples/node_modules/@babel/types'
206 silly reify ]
207 silly reify mark retired [
207 silly reify   '/Users/pcartee/github/writing-samples/writing-samples/node_modules/@colors/colors'
207 silly reify ]
208 silly reify mark retired [
208 silly reify   '/Users/pcartee/github/writing-samples/writing-samples/node_modules/@csstools/postcss-cascade-layers'
208 silly reify ]
209 silly reify mark retired [
209 silly reify   '/Users/pcartee/github/writing-samples/writing-samples/node_modules/@csstools/postcss-is-pseudo-class'
209 silly reify ]
210 silly reify mark retired [
210 silly reify   '/Users/pcartee/github/writing-samples/writing-samples/node_modules/@csstools/postcss-scope-pseudo-class'
210 silly reify ]
211 silly reify mark retired [
211 silly reify   '/Users/pcartee/github/writing-samples/writing-samples/node_modules/@docsearch/core'
211 silly reify ]
212 silly reify mark retired [
212 silly reify   '/Users/pcartee/github/writing-samples/writing-samples/node_modules/@docsearch/react'
212 silly reify ]
213 silly reify mark retired [
213 silly reify   '/Users/pcartee/github/writing-samples/writing-samples/node_modules/@docusaurus/bundler'
213 silly reify ]
214 silly reify mark retired [
214 silly reify   '/Users/pcartee/github/writing-samples/writing-samples/node_modules/@docusaurus/core'
214 silly reify ]
215 silly reify mark retired [
215 silly reify   '/Users/pcartee/github/writing-samples/writing-samples/node_modules/@docusaurus/cssnano-preset'
215 silly reify ]
216 silly reify mark retired [
216 silly reify   '/Users/pcartee/github/writing-samples/writing-samples/node_modules/@docusaurus/logger'
216 silly reify ]
217 silly reify mark retired [
217 silly reify   '/Users/pcartee/github/writing-samples/writing-samples/node_modules/@docusaurus/mdx-loader'
217 silly reify ]
218 silly reify mark retired [
218 silly reify   '/Users/pcartee/github/writing-samples/writing-samples/node_modules/@docusaurus/plugin-content-blog'
218 silly reify ]
219 silly reify mark retired [
219 silly reify   '/Users/pcartee/github/writing-samples/writing-samples/node_modules/@docusaurus/plugin-content-docs'
219 silly reify ]
220 silly reify mark retired [
220 silly reify   '/Users/pcartee/github/writing-samples/writing-samples/node_modules/@docusaurus/plugin-debug'
220 silly reify ]
221 silly reify mark retired [
221 silly reify   '/Users/pcartee/github/writing-samples/writing-samples/node_modules/@docusaurus/theme-classic'
221 silly reify ]
222 silly reify mark retired [
222 silly reify   '/Users/pcartee/github/writing-samples/writing-samples/node_modules/@docusaurus/theme-common'
222 silly reify ]
223 silly reify mark retired [
223 silly reify   '/Users/pcartee/github/writing-samples/writing-samples/node_modules/@docusaurus/theme-search-algolia'
223 silly reify ]
224 silly reify mark retired [
224 silly reify   '/Users/pcartee/github/writing-samples/writing-samples/node_modules/@babel/helper-compilation-targets'
224 silly reify ]
225 silly reify mark retired [
225 silly reify   '/Users/pcartee/github/writing-samples/writing-samples/node_modules/@babel/helper-create-class-features-plugin'
225 silly reify ]
226 silly reify mark retired [
226 silly reify   '/Users/pcartee/github/writing-samples/writing-samples/node_modules/@babel/helper-create-regexp-features-plugin'
226 silly reify ]
227 silly reify mark retired [
227 silly reify   '/Users/pcartee/github/writing-samples/writing-samples/node_modules/@docusaurus/utils'
227 silly reify ]
228 silly reify mark retired [
228 silly reify   '/Users/pcartee/github/writing-samples/writing-samples/node_modules/@jridgewell/resolve-uri'
228 silly reify ]
229 silly reify mark retired [
229 silly reify   '/Users/pcartee/github/writing-samples/writing-samples/node_modules/@jsonjoy.com/base64'
229 silly reify ]
230 silly reify mark retired [
230 silly reify   '/Users/pcartee/github/writing-samples/writing-samples/node_modules/@jsonjoy.com/buffers'
230 silly reify ]
231 silly reify mark retired [
231 silly reify   '/Users/pcartee/github/writing-samples/writing-samples/node_modules/@jridgewell/gen-mapping'
231 silly reify ]
232 silly reify mark retired [
232 silly reify   '/Users/pcartee/github/writing-samples/writing-samples/node_modules/@jsonjoy.com/codegen'
232 silly reify ]
233 silly reify mark retired [
233 silly reify   '/Users/pcartee/github/writing-samples/writing-samples/node_modules/@jsonjoy.com/fs-core'
233 silly reify ]
234 silly reify mark retired [
234 silly reify   '/Users/pcartee/github/writing-samples/writing-samples/node_modules/@jsonjoy.com/fs-node'
234 silly reify ]
235 silly reify mark retired [
235 silly reify   '/Users/pcartee/github/writing-samples/writing-samples/node_modules/@jsonjoy.com/fs-node-builtins'
235 silly reify ]
236 silly reify mark retired [
236 silly reify   '/Users/pcartee/github/writing-samples/writing-samples/node_modules/@jsonjoy.com/fs-node-utils'
236 silly reify ]
237 silly reify mark retired [
237 silly reify   '/Users/pcartee/github/writing-samples/writing-samples/node_modules/@jsonjoy.com/json-pack'
237 silly reify ]
238 silly reify mark retired [
238 silly reify   '/Users/pcartee/github/writing-samples/writing-samples/node_modules/@jsonjoy.com/json-pointer'
238 silly reify ]
239 silly reify mark retired [
239 silly reify   '/Users/pcartee/github/writing-samples/writing-samples/node_modules/@jsonjoy.com/util'
239 silly reify ]
240 silly reify mark retired [
240 silly reify   '/Users/pcartee/github/writing-samples/writing-samples/node_modules/@mdx-js/mdx'
240 silly reify ]
241 silly reify mark retired [
241 silly reify   '/Users/pcartee/github/writing-samples/writing-samples/node_modules/@nodelib/fs.scandir'
241 silly reify ]
242 silly reify mark retired [
242 silly reify   '/Users/pcartee/github/writing-samples/writing-samples/node_modules/@nodelib/fs.stat'
242 silly reify ]
243 silly reify mark retired [
243 silly reify   '/Users/pcartee/github/writing-samples/writing-samples/node_modules/@peculiar/asn1-cms'
243 silly reify ]
244 silly reify mark retired [
244 silly reify   '/Users/pcartee/github/writing-samples/writing-samples/node_modules/@nodelib/fs.walk'
244 silly reify ]
245 silly reify mark retired [
245 silly reify   '/Users/pcartee/github/writing-samples/writing-samples/node_modules/@peculiar/asn1-csr'
245 silly reify ]
246 silly reify mark retired [
246 silly reify   '/Users/pcartee/github/writing-samples/writing-samples/node_modules/@peculiar/asn1-ecc'
246 silly reify ]
247 silly reify mark retired [
247 silly reify   '/Users/pcartee/github/writing-samples/writing-samples/node_modules/@peculiar/asn1-pfx'
247 silly reify ]
248 silly reify mark retired [
248 silly reify   '/Users/pcartee/github/writing-samples/writing-samples/node_modules/@peculiar/asn1-pkcs8'
248 silly reify ]
249 silly reify mark retired [
249 silly reify   '/Users/pcartee/github/writing-samples/writing-samples/node_modules/@peculiar/asn1-pkcs9'
249 silly reify ]
250 silly reify mark retired [
250 silly reify   '/Users/pcartee/github/writing-samples/writing-samples/node_modules/@peculiar/asn1-rsa'
250 silly reify ]
251 silly reify mark retired [
251 silly reify   '/Users/pcartee/github/writing-samples/writing-samples/node_modules/@docusaurus/theme-translations'
251 silly reify ]
252 silly reify mark retired [
252 silly reify   '/Users/pcartee/github/writing-samples/writing-samples/node_modules/@peculiar/asn1-schema'
252 silly reify ]
253 silly reify mark retired [
253 silly reify   '/Users/pcartee/github/writing-samples/writing-samples/node_modules/@peculiar/asn1-x509'
253 silly reify ]
254 silly reify mark retired [
254 silly reify   '/Users/pcartee/github/writing-samples/writing-samples/node_modules/@peculiar/asn1-x509-attr'
254 silly reify ]
255 silly reify mark retired [
255 silly reify   '/Users/pcartee/github/writing-samples/writing-samples/node_modules/@peculiar/utils'
255 silly reify ]
256 silly reify mark retired [
256 silly reify   '/Users/pcartee/github/writing-samples/writing-samples/node_modules/@szmarczak/http-timer'
256 silly reify ]
257 silly reify mark retired [
257 silly reify   '/Users/pcartee/github/writing-samples/writing-samples/node_modules/@pnpm/network.ca-file'
257 silly reify ]
258 silly reify mark retired [
258 silly reify   '/Users/pcartee/github/writing-samples/writing-samples/node_modules/@types/node'
258 silly reify ]
259 silly reify mark retired [
259 silly reify   '/Users/pcartee/github/writing-samples/writing-samples/node_modules/@types/serve-static'
259 silly reify ]
260 silly reify mark retired [
260 silly reify   '/Users/pcartee/github/writing-samples/writing-samples/node_modules/@webassemblyjs/wasm-gen'
260 silly reify ]
261 silly reify mark retired [
261 silly reify   '/Users/pcartee/github/writing-samples/writing-samples/node_modules/@webassemblyjs/ast'
261 silly reify ]
262 silly reify mark retired [
262 silly reify   '/Users/pcartee/github/writing-samples/writing-samples/node_modules/@ungap/structured-clone'
262 silly reify ]
263 silly reify mark retired [
263 silly reify   '/Users/pcartee/github/writing-samples/writing-samples/node_modules/@webassemblyjs/wasm-parser'
263 silly reify ]
264 silly reify mark retired [
264 silly reify   '/Users/pcartee/github/writing-samples/writing-samples/node_modules/@jsonjoy.com/fs-snapshot'
264 silly reify ]
265 silly reify moves {
265 silly reify   '/Users/pcartee/github/writing-samples/writing-samples/node_modules/accepts': '/Users/pcartee/github/writing-samples/writing-samples/node_modules/.accepts-msOU5k6S',
265 silly reify   '/Users/pcartee/github/writing-samples/writing-samples/node_modules/ajv': '/Users/pcartee/github/writing-samples/writing-samples/node_modules/.ajv-R8JdsP2V',
265 silly reify   '/Users/pcartee/github/writing-samples/writing-samples/node_modules/algoliasearch': '/Users/pcartee/github/writing-samples/writing-samples/node_modules/.algoliasearch-c9QkHQqD',
265 silly reify   '/Users/pcartee/github/writing-samples/writing-samples/node_modules/ansi-align': '/Users/pcartee/github/writing-samples/writing-samples/node_modules/.ansi-align-CoU6Tbh0',
265 silly reify   '/Users/pcartee/github/writing-samples/writing-samples/node_modules/body-parser': '/Users/pcartee/github/writing-samples/writing-samples/node_modules/.body-parser-shkcEMCn',
265 silly reify   '/Users/pcartee/github/writing-samples/writing-samples/node_modules/cheerio': '/Users/pcartee/github/writing-samples/writing-samples/node_modules/.cheerio-0ds0oodE',
265 silly reify   '/Users/pcartee/github/writing-samples/writing-samples/node_modules/clean-css': '/Users/pcartee/github/writing-samples/writing-samples/node_modules/.clean-css-sMIORBoc',
265 silly reify   '/Users/pcartee/github/writing-samples/writing-samples/node_modules/compression': '/Users/pcartee/github/writing-samples/writing-samples/node_modules/.compression-XDBvqnrY',
265 silly reify   '/Users/pcartee/github/writing-samples/writing-samples/node_modules/bonjour-service': '/Users/pcartee/github/writing-samples/writing-samples/node_modules/.bonjour-service-JB4OMLVk',
265 silly reify   '/Users/pcartee/github/writing-samples/writing-samples/node_modules/core-js': '/Users/pcartee/github/writing-samples/writing-samples/node_modules/.core-js-lpW8YhAa',
265 silly reify   '/Users/pcartee/github/writing-samples/writing-samples/node_modules/crypto-random-string': '/Users/pcartee/github/writing-samples/writing-samples/node_modules/.crypto-random-string-512Gbh1b',
265 silly reify   '/Users/pcartee/github/writing-samples/writing-samples/node_modules/babel-plugin-polyfill-corejs2': '/Users/pcartee/github/writing-samples/writing-samples/node_modules/.babel-plugin-polyfill-corejs2-QjXrKeNg',
265 silly reify   '/Users/pcartee/github/writing-samples/writing-samples/node_modules/cli-table3': '/Users/pcartee/github/writing-samples/writing-samples/node_modules/.cli-table3-JengYZER',
265 silly reify   '/Users/pcartee/github/writing-samples/writing-samples/node_modules/css-has-pseudo': '/Users/pcartee/github/writing-samples/writing-samples/node_modules/.css-has-pseudo-uq8qSZuJ',
265 silly reify   '/Users/pcartee/github/writing-samples/writing-samples/node_modules/css-select': '/Users/pcartee/github/writing-samples/writing-samples/node_modules/.css-select-w5G8lcwu',
265 silly reify   '/Users/pcartee/github/writing-samples/writing-samples/node_modules/css-blank-pseudo': '/Users/pcartee/github/writing-samples/writing-samples/node_modules/.css-blank-pseudo-VAr2QrqJ',
265 silly reify   '/Users/pcartee/github/writing-samples/writing-samples/node_modules/entities': '/Users/pcartee/github/writing-samples/writing-samples/node_modules/.entities-6hjOLAF2',
265 silly reify   '/Users/pcartee/github/writing-samples/writing-samples/node_modules/csso': '/Users/pcartee/github/writing-samples/writing-samples/node_modules/.csso-A8HypuZI',
265 silly reify   '/Users/pcartee/github/writing-samples/writing-samples/node_modules/fast-glob': '/Users/pcartee/github/writing-samples/writing-samples/node_modules/.fast-glob-WHJ1dmX3',
265 silly reify   '/Users/pcartee/github/writing-samples/writing-samples/node_modules/express': '/Users/pcartee/github/writing-samples/writing-samples/node_modules/.express-PWecYy2B',
265 silly reify   '/Users/pcartee/github/writing-samples/writing-samples/node_modules/faye-websocket': '/Users/pcartee/github/writing-samples/writing-samples/node_modules/.faye-websocket-xEESx9H4',
265 silly reify   '/Users/pcartee/github/writing-samples/writing-samples/node_modules/file-loader': '/Users/pcartee/github/writing-samples/writing-samples/node_modules/.file-loader-sM0dMIzU',
265 silly reify   '/Users/pcartee/github/writing-samples/writing-samples/node_modules/finalhandler': '/Users/pcartee/github/writing-samples/writing-samples/node_modules/.finalhandler-4iXKmoFo',
265 silly reify   '/Users/pcartee/github/writing-samples/writing-samples/node_modules/feed': '/Users/pcartee/github/writing-samples/writing-samples/node_modules/.feed-EDStURMZ',
265 silly reify   '/Users/pcartee/github/writing-samples/writing-samples/node_modules/css-tree': '/Users/pcartee/github/writing-samples/writing-samples/node_modules/.css-tree-zikvlQZJ',
265 silly reify   '/Users/pcartee/github/writing-samples/writing-samples/node_modules/got': '/Users/pcartee/github/writing-samples/writing-samples/node_modules/.got-cDG1EWID',
265 silly reify   '/Users/pcartee/github/writing-samples/writing-samples/node_modules/form-data-encoder': '/Users/pcartee/github/writing-samples/writing-samples/node_modules/.form-data-encoder-sD4mwjsF',
265 silly reify   '/Users/pcartee/github/writing-samples/writing-samples/node_modules/detect-port': '/Users/pcartee/github/writing-samples/writing-samples/node_modules/.detect-port-gkn1E6JK',
265 silly reify   '/Users/pcartee/github/writing-samples/writing-samples/node_modules/fs-extra': '/Users/pcartee/github/writing-samples/writing-samples/node_modules/.fs-extra-AyKn1UfL',
265 silly reify   '/Users/pcartee/github/writing-samples/writing-samples/node_modules/hpack.js': '/Users/pcartee/github/writing-samples/writing-samples/node_modules/.hpack.js-jWGYQe10',
265 silly reify   '/Users/pcartee/github/writing-samples/writing-samples/node_modules/has-symbols': '/Users/pcartee/github/writing-samples/writing-samples/node_modules/.has-symbols-IB5eI0Z9',
265 silly reify   '/Users/pcartee/github/writing-samples/writing-samples/node_modules/html-webpack-plugin': '/Users/pcartee/github/writing-samples/writing-samples/node_modules/.html-webpack-plugin-CAO8VFg6',
265 silly reify   '/Users/pcartee/github/writing-samples/writing-samples/node_modules/hast-util-to-estree': '/Users/pcartee/github/writing-samples/writing-samples/node_modules/.hast-util-to-estree-YOD9vssj',
265 silly reify   '/Users/pcartee/github/writing-samples/writing-samples/node_modules/htmlparser2': '/Users/pcartee/github/writing-samples/writing-samples/node_modules/.htmlparser2-BoFghXqo',
265 silly reify   '/Users/pcartee/github/writing-samples/writing-samples/node_modules/http-proxy': '/Users/pcartee/github/writing-samples/writing-samples/node_modules/.http-proxy-RIbIi84Z',
265 silly reify   '/Users/pcartee/github/writing-samples/writing-samples/node_modules/http2-wrapper': '/Users/pcartee/github/writing-samples/writing-samples/node_modules/.http2-wrapper-G65Y2xM4',
265 silly reify   '/Users/pcartee/github/writing-samples/writing-samples/node_modules/hyperdyperid': '/Users/pcartee/github/writing-samples/writing-samples/node_modules/.hyperdyperid-pFNzKnE2',
265 silly reify   '/Users/pcartee/github/writing-samples/writing-samples/node_modules/human-signals': '/Users/pcartee/github/writing-samples/writing-samples/node_modules/.human-signals-kJjHhun2',
265 silly reify   '/Users/pcartee/github/writing-samples/writing-samples/node_modules/iconv-lite': '/Users/pcartee/github/writing-samples/writing-samples/node_modules/.iconv-lite-AxFktzmH',
265 silly reify   '/Users/pcartee/github/writing-samples/writing-samples/node_modules/infima': '/Users/pcartee/github/writing-samples/writing-samples/node_modules/.infima-FbKK2Hlh',
265 silly reify   '/Users/pcartee/github/writing-samples/writing-samples/node_modules/image-size': '/Users/pcartee/github/writing-samples/writing-samples/node_modules/.image-size-oLRN9472',
265 silly reify   '/Users/pcartee/github/writing-samples/writing-samples/node_modules/http-proxy-middleware': '/Users/pcartee/github/writing-samples/writing-samples/node_modules/.http-proxy-middleware-jlpLKOXM',
265 silly reify   '/Users/pcartee/github/writing-samples/writing-samples/node_modules/html-minifier-terser': '/Users/pcartee/github/writing-samples/writing-samples/node_modules/.html-minifier-terser-blDoJ6sY',
265 silly reify   '/Users/pcartee/github/writing-samples/writing-samples/node_modules/jest-worker': '/Users/pcartee/github/writing-samples/writing-samples/node_modules/.jest-worker-llWQbCv1',
265 silly reify   '/Users/pcartee/github/writing-samples/writing-samples/node_modules/is-inside-container': '/Users/pcartee/github/writing-samples/writing-samples/node_modules/.is-inside-container-p1Lqdhc7',
265 silly reify   '/Users/pcartee/github/writing-samples/writing-samples/node_modules/json-schema-traverse': '/Users/pcartee/github/writing-samples/writing-samples/node_modules/.json-schema-traverse-5VJxWx4a',
265 silly reify   '/Users/pcartee/github/writing-samples/writing-samples/node_modules/jiti': '/Users/pcartee/github/writing-samples/writing-samples/node_modules/.jiti-AaAunpZR',
265 silly reify   '/Users/pcartee/github/writing-samples/writing-samples/node_modules/joi': '/Users/pcartee/github/writing-samples/writing-samples/node_modules/.joi-PZEZbU6A',
265 silly reify   '/Users/pcartee/github/writing-samples/writing-samples/node_modules/js-yaml': '/Users/pcartee/github/writing-samples/writing-samples/node_modules/.js-yaml-7weSoyXQ',
265 silly reify   '/Users/pcartee/github/writing-samples/writing-samples/node_modules/loader-utils': '/Users/pcartee/github/writing-samples/writing-samples/node_modules/.loader-utils-d8zw0tf2',
265 silly reify   '/Users/pcartee/github/writing-samples/writing-samples/node_modules/mdast-util-find-and-replace': '/Users/pcartee/github/writing-samples/writing-samples/node_modules/.mdast-util-find-and-replace-EEDCyf28',
265 silly reify   '/Users/pcartee/github/writing-samples/writing-samples/node_modules/mdast-util-from-markdown': '/Users/pcartee/github/writing-samples/writing-samples/node_modules/.mdast-util-from-markdown-3qVtiUt1',
265 silly reify   '/Users/pcartee/github/writing-samples/writing-samples/node_modules/mdast-util-frontmatter': '/Users/pcartee/github/writing-samples/writing-samples/node_modules/.mdast-util-frontmatter-dOQNmcS8',
265 silly reify   '/Users/pcartee/github/writing-samples/writing-samples/node_modules/mdast-util-to-hast': '/Users/pcartee/github/writing-samples/writing-samples/node_modules/.mdast-util-to-hast-fSsWU3ha',
265 silly reify   '/Users/pcartee/github/writing-samples/writing-samples/node_modules/memfs': '/Users/pcartee/github/writing-samples/writing-samples/node_modules/.memfs-0y7BbP2R',
265 silly reify   '/Users/pcartee/github/writing-samples/writing-samples/node_modules/mdast-util-to-markdown': '/Users/pcartee/github/writing-samples/writing-samples/node_modules/.mdast-util-to-markdown-Qb56k3zH',
265 silly reify   '/Users/pcartee/github/writing-samples/writing-samples/node_modules/micromark': '/Users/pcartee/github/writing-samples/writing-samples/node_modules/.micromark-Jh87IeXZ',
265 silly reify   '/Users/pcartee/github/writing-samples/writing-samples/node_modules/mdast-util-gfm-autolink-literal': '/Users/pcartee/github/writing-samples/writing-samples/node_modules/.mdast-util-gfm-autolink-literal-qiW5bT7L',
265 silly reify   '/Users/pcartee/github/writing-samples/writing-samples/node_modules/micromark-core-commonmark': '/Users/pcartee/github/writing-samples/writing-samples/node_modules/.micromark-core-commonmark-12dE8pyi',
265 silly reify   '/Users/pcartee/github/writing-samples/writing-samples/node_modules/micromark-extension-directive': '/Users/pcartee/github/writing-samples/writing-samples/node_modules/.micromark-extension-directive-NA9GG2ey',
265 silly reify   '/Users/pcartee/github/writing-samples/writing-samples/node_modules/micromark-extension-gfm-footnote': '/Users/pcartee/github/writing-samples/writing-samples/node_modules/.micromark-extension-gfm-footnote-PsIBz3V4',
265 silly reify   '/Users/pcartee/github/writing-samples/writing-samples/node_modules/micromark-extension-gfm-strikethrough': '/Users/pcartee/github/writing-samples/writing-samples/node_modules/.micromark-extension-gfm-strikethrough-Ol8Ch8j7',
265 silly reify   '/Users/pcartee/github/writing-samples/writing-samples/node_modules/micromark-extension-gfm-table': '/Users/pcartee/github/writing-samples/writing-samples/node_modules/.micromark-extension-gfm-table-lYiQakP7',
265 silly reify   '/Users/pcartee/github/writing-samples/writing-samples/node_modules/micromark-extension-gfm-task-list-item': '/Users/pcartee/github/writing-samples/writing-samples/node_modules/.micromark-extension-gfm-task-list-item-HGhLPmjM',
265 silly reify   '/Users/pcartee/github/writing-samples/writing-samples/node_modules/micromark-extension-mdx-expression': '/Users/pcartee/github/writing-samples/writing-samples/node_modules/.micromark-extension-mdx-expression-QwuOErma',
265 silly reify   '/Users/pcartee/github/writing-samples/writing-samples/node_modules/micromark-extension-mdx-jsx': '/Users/pcartee/github/writing-samples/writing-samples/node_modules/.micromark-extension-mdx-jsx-kF1ddKz4',
265 silly reify   '/Users/pcartee/github/writing-samples/writing-samples/node_modules/micromark-extension-frontmatter': '/Users/pcartee/github/writing-samples/writing-samples/node_modules/.micromark-extension-frontmatter-FxEEWoMH',
265 silly reify   '/Users/pcartee/github/writing-samples/writing-samples/node_modules/micromark-extension-gfm-autolink-literal': '/Users/pcartee/github/writing-samples/writing-samples/node_modules/.micromark-extension-gfm-autolink-literal-hSFpd2MB',
265 silly reify   '/Users/pcartee/github/writing-samples/writing-samples/node_modules/micromark-factory-destination': '/Users/pcartee/github/writing-samples/writing-samples/node_modules/.micromark-factory-destination-qdyC1xRV',
265 silly reify   '/Users/pcartee/github/writing-samples/writing-samples/node_modules/micromark-factory-mdx-expression': '/Users/pcartee/github/writing-samples/writing-samples/node_modules/.micromark-factory-mdx-expression-0OyrcW07',
265 silly reify   '/Users/pcartee/github/writing-samples/writing-samples/node_modules/micromark-factory-label': '/Users/pcartee/github/writing-samples/writing-samples/node_modules/.micromark-factory-label-pVN8Kf2O',
265 silly reify   '/Users/pcartee/github/writing-samples/writing-samples/node_modules/micromark-extension-mdxjs-esm': '/Users/pcartee/github/writing-samples/writing-samples/node_modules/.micromark-extension-mdxjs-esm-4HCH6sXp',
265 silly reify   '/Users/pcartee/github/writing-samples/writing-samples/node_modules/micromark-factory-title': '/Users/pcartee/github/writing-samples/writing-samples/node_modules/.micromark-factory-title-qGmcNpvN',
265 silly reify   '/Users/pcartee/github/writing-samples/writing-samples/node_modules/micromark-factory-whitespace': '/Users/pcartee/github/writing-samples/writing-samples/node_modules/.micromark-factory-whitespace-t1538IFl',
265 silly reify   '/Users/pcartee/github/writing-samples/writing-samples/node_modules/micromark-util-classify-character': '/Users/pcartee/github/writing-samples/writing-samples/node_modules/.micromark-util-classify-character-nRrbx0Ft',
265 silly reify   '/Users/pcartee/github/writing-samples/writing-samples/node_modules/micromark-util-chunked': '/Users/pcartee/github/writing-samples/writing-samples/node_modules/.micromark-util-chunked-qaDV6c6U',
265 silly reify   '/Users/pcartee/github/writing-samples/writing-samples/node_modules/micromark-util-decode-numeric-character-reference': '/Users/pcartee/github/writing-samples/writing-samples/node_modules/.micromark-util-decode-numeric-character-reference-Mh9ziyP8',
265 silly reify   '/Users/pcartee/github/writing-samples/writing-samples/node_modules/micromark-util-character': '/Users/pcartee/github/writing-samples/writing-samples/node_modules/.micromark-util-character-cZUfEmvO',
265 silly reify   '/Users/pcartee/github/writing-samples/writing-samples/node_modules/micromark-util-normalize-identifier': '/Users/pcartee/github/writing-samples/writing-samples/node_modules/.micromark-util-normalize-identifier-xBegCUZT',
265 silly reify   '/Users/pcartee/github/writing-samples/writing-samples/node_modules/micromark-factory-space': '/Users/pcartee/github/writing-samples/writing-samples/node_modules/.micromark-factory-space-rQ2Aa7vp',
265 silly reify   '/Users/pcartee/github/writing-samples/writing-samples/node_modules/micromark-util-sanitize-uri': '/Users/pcartee/github/writing-samples/writing-samples/node_modules/.micromark-util-sanitize-uri-dCg7xg1T',
265 silly reify   '/Users/pcartee/github/writing-samples/writing-samples/node_modules/micromark-util-decode-string': '/Users/pcartee/github/writing-samples/writing-samples/node_modules/.micromark-util-decode-string-VTrn3cp1',
265 silly reify   '/Users/pcartee/github/writing-samples/writing-samples/node_modules/mini-css-extract-plugin': '/Users/pcartee/github/writing-samples/writing-samples/node_modules/.mini-css-extract-plugin-ALetUCW7',
265 silly reify   '/Users/pcartee/github/writing-samples/writing-samples/node_modules/node-releases': '/Users/pcartee/github/writing-samples/writing-samples/node_modules/.node-releases-E4Ann9ee',
265 silly reify   '/Users/pcartee/github/writing-samples/writing-samples/node_modules/minimizer-webpack-plugin': '/Users/pcartee/github/writing-samples/writing-samples/node_modules/.minimizer-webpack-plugin-xGaGZ5Wj',
265 silly reify   '/Users/pcartee/github/writing-samples/writing-samples/node_modules/micromark-util-subtokenize': '/Users/pcartee/github/writing-samples/writing-samples/node_modules/.micromark-util-subtokenize-01wZqBrN',
265 silly reify   '/Users/pcartee/github/writing-samples/writing-samples/node_modules/null-loader': '/Users/pcartee/github/writing-samples/writing-samples/node_modules/.null-loader-R7msoOoI',
265 silly reify   '/Users/pcartee/github/writing-samples/writing-samples/node_modules/micromark-util-events-to-acorn': '/Users/pcartee/github/writing-samples/writing-samples/node_modules/.micromark-util-events-to-acorn-eQegDZGi',
265 silly reify   '/Users/pcartee/github/writing-samples/writing-samples/node_modules/parse5': '/Users/pcartee/github/writing-samples/writing-samples/node_modules/.parse5-QZQ2fthb',
265 silly reify   '/Users/pcartee/github/writing-samples/writing-samples/node_modules/nth-check': '/Users/pcartee/github/writing-samples/writing-samples/node_modules/.nth-check-qynT0kFq',
265 silly reify   '/Users/pcartee/github/writing-samples/writing-samples/node_modules/object-inspect': '/Users/pcartee/github/writing-samples/writing-samples/node_modules/.object-inspect-Hfa2sqYj',
265 silly reify   '/Users/pcartee/github/writing-samples/writing-samples/node_modules/postcss-attribute-case-insensitive': '/Users/pcartee/github/writing-samples/writing-samples/node_modules/.postcss-attribute-case-insensitive-I8unkmOb',
265 silly reify   '/Users/pcartee/github/writing-samples/writing-samples/node_modules/postcss-calc': '/Users/pcartee/github/writing-samples/writing-samples/node_modules/.postcss-calc-aRzm7IV4',
265 silly reify   '/Users/pcartee/github/writing-samples/writing-samples/node_modules/parse5-htmlparser2-tree-adapter': '/Users/pcartee/github/writing-samples/writing-samples/node_modules/.parse5-htmlparser2-tree-adapter-j4hREzeH',
265 silly reify   '/Users/pcartee/github/writing-samples/writing-samples/node_modules/postcss-convert-values': '/Users/pcartee/github/writing-samples/writing-samples/node_modules/.postcss-convert-values-lQC2eBNB',
265 silly reify   '/Users/pcartee/github/writing-samples/writing-samples/node_modules/postcss-custom-selectors': '/Users/pcartee/github/writing-samples/writing-samples/node_modules/.postcss-custom-selectors-e2N1vpd7',
265 silly reify   '/Users/pcartee/github/writing-samples/writing-samples/node_modules/postcss-discard-comments': '/Users/pcartee/github/writing-samples/writing-samples/node_modules/.postcss-discard-comments-duA0zrdT',
265 silly reify   '/Users/pcartee/github/writing-samples/writing-samples/node_modules/postcss-focus-visible': '/Users/pcartee/github/writing-samples/writing-samples/node_modules/.postcss-focus-visible-0DbLJw97',
265 silly reify   '/Users/pcartee/github/writing-samples/writing-samples/node_modules/postcss-dir-pseudo-class': '/Users/pcartee/github/writing-samples/writing-samples/node_modules/.postcss-dir-pseudo-class-Uu5onAIc',
265 silly reify   '/Users/pcartee/github/writing-samples/writing-samples/node_modules/postcss-merge-longhand': '/Users/pcartee/github/writing-samples/writing-samples/node_modules/.postcss-merge-longhand-v2C9WbHU',
265 silly reify   '/Users/pcartee/github/writing-samples/writing-samples/node_modules/postcss-focus-within': '/Users/pcartee/github/writing-samples/writing-samples/node_modules/.postcss-focus-within-QVO1h01a',
265 silly reify   '/Users/pcartee/github/writing-samples/writing-samples/node_modules/postcss-merge-rules': '/Users/pcartee/github/writing-samples/writing-samples/node_modules/.postcss-merge-rules-trhCP3i6',
265 silly reify   '/Users/pcartee/github/writing-samples/writing-samples/node_modules/postcss-minify-selectors': '/Users/pcartee/github/writing-samples/writing-samples/node_modules/.postcss-minify-selectors-J6G9fivL',
265 silly reify   '/Users/pcartee/github/writing-samples/writing-samples/node_modules/postcss-minify-font-values': '/Users/pcartee/github/writing-samples/writing-samples/node_modules/.postcss-minify-font-values-NjZOIMHq',
265 silly reify   '/Users/pcartee/github/writing-samples/writing-samples/node_modules/postcss-normalize-display-values': '/Users/pcartee/github/writing-samples/writing-samples/node_modules/.postcss-normalize-display-values-IX2gtaaa',
265 silly reify   '/Users/pcartee/github/writing-samples/writing-samples/node_modules/postcss-nesting': '/Users/pcartee/github/writing-samples/writing-samples/node_modules/.postcss-nesting-W3cYHsY0',
265 silly reify   '/Users/pcartee/github/writing-samples/writing-samples/node_modules/postcss-modules-scope': '/Users/pcartee/github/writing-samples/writing-samples/node_modules/.postcss-modules-scope-v5dGjk8d',
265 silly reify   '/Users/pcartee/github/writing-samples/writing-samples/node_modules/postcss-normalize-repeat-style': '/Users/pcartee/github/writing-samples/writing-samples/node_modules/.postcss-normalize-repeat-style-IKXzN6I3',
265 silly reify   '/Users/pcartee/github/writing-samples/writing-samples/node_modules/postcss-ordered-values': '/Users/pcartee/github/writing-samples/writing-samples/node_modules/.postcss-ordered-values-aZdrvyG0',
265 silly reify   '/Users/pcartee/github/writing-samples/writing-samples/node_modules/postcss-reduce-idents': '/Users/pcartee/github/writing-samples/writing-samples/node_modules/.postcss-reduce-idents-SxBmPGz9',
265 silly reify   '/Users/pcartee/github/writing-samples/writing-samples/node_modules/postcss-reduce-initial': '/Users/pcartee/github/writing-samples/writing-samples/node_modules/.postcss-reduce-initial-NyiMx3HA',
265 silly reify   '/Users/pcartee/github/writing-samples/writing-samples/node_modules/parse-entities': '/Users/pcartee/github/writing-samples/writing-samples/node_modules/.parse-entities-VzBwFOD3',
265 silly reify   '/Users/pcartee/github/writing-samples/writing-samples/node_modules/postcss-selector-parser': '/Users/pcartee/github/writing-samples/writing-samples/node_modules/.postcss-selector-parser-Cu7FpxR6',
265 silly reify   '/Users/pcartee/github/writing-samples/writing-samples/node_modules/postcss-svgo': '/Users/pcartee/github/writing-samples/writing-samples/node_modules/.postcss-svgo-GxI5vRLM',
265 silly reify   '/Users/pcartee/github/writing-samples/writing-samples/node_modules/postcss-zindex': '/Users/pcartee/github/writing-samples/writing-samples/node_modules/.postcss-zindex-6MvRNoCW',
265 silly reify   '/Users/pcartee/github/writing-samples/writing-samples/node_modules/postcss-pseudo-class-any-link': '/Users/pcartee/github/writing-samples/writing-samples/node_modules/.postcss-pseudo-class-any-link-lBHXkfi7',
265 silly reify   '/Users/pcartee/github/writing-samples/writing-samples/node_modules/postcss-modules-local-by-default': '/Users/pcartee/github/writing-samples/writing-samples/node_modules/.postcss-modules-local-by-default-gOZU6nS0',
265 silly reify   '/Users/pcartee/github/writing-samples/writing-samples/node_modules/pretty-error': '/Users/pcartee/github/writing-samples/writing-samples/node_modules/.pretty-error-o9wh6EQ7',
265 silly reify   '/Users/pcartee/github/writing-samples/writing-samples/node_modules/postcss-selector-not': '/Users/pcartee/github/writing-samples/writing-samples/node_modules/.postcss-selector-not-xLAJs0jn',
265 silly reify   '/Users/pcartee/github/writing-samples/writing-samples/node_modules/prompts': '/Users/pcartee/github/writing-samples/writing-samples/node_modules/.prompts-fhstcUTA',
265 silly reify   '/Users/pcartee/github/writing-samples/writing-samples/node_modules/property-information': '/Users/pcartee/github/writing-samples/writing-samples/node_modules/.property-information-Dw2I0dtm',
265 silly reify   '/Users/pcartee/github/writing-samples/writing-samples/node_modules/prismjs': '/Users/pcartee/github/writing-samples/writing-samples/node_modules/.prismjs-P8xOS48v',
265 silly reify   '/Users/pcartee/github/writing-samples/writing-samples/node_modules/raw-body': '/Users/pcartee/github/writing-samples/writing-samples/node_modules/.raw-body-GYHTJNVl',
265 silly reify   '/Users/pcartee/github/writing-samples/writing-samples/node_modules/proxy-addr': '/Users/pcartee/github/writing-samples/writing-samples/node_modules/.proxy-addr-AU39xNY4',
265 silly reify   '/Users/pcartee/github/writing-samples/writing-samples/node_modules/react-json-view-lite': '/Users/pcartee/github/writing-samples/writing-samples/node_modules/.react-json-view-lite-cqlujObC',
265 silly reify   '/Users/pcartee/github/writing-samples/writing-samples/node_modules/react-loadable-ssr-addon-v5-slorber': '/Users/pcartee/github/writing-samples/writing-samples/node_modules/.react-loadable-ssr-addon-v5-slorber-8ULnExoV',
265 silly reify   '/Users/pcartee/github/writing-samples/writing-samples/node_modules/react-router-dom': '/Users/pcartee/github/writing-samples/writing-samples/node_modules/.react-router-dom-9151Wy74',
265 silly reify   '/Users/pcartee/github/writing-samples/writing-samples/node_modules/readable-stream': '/Users/pcartee/github/writing-samples/writing-samples/node_modules/.readable-stream-jqa6u6yy',
265 silly reify   '/Users/pcartee/github/writing-samples/writing-samples/node_modules/relateurl': '/Users/pcartee/github/writing-samples/writing-samples/node_modules/.relateurl-Nmn6Cwzl',
265 silly reify   '/Users/pcartee/github/writing-samples/writing-samples/node_modules/renderkid': '/Users/pcartee/github/writing-samples/writing-samples/node_modules/.renderkid-YL4uXqRu',
265 silly reify   '/Users/pcartee/github/writing-samples/writing-samples/node_modules/require-like': '/Users/pcartee/github/writing-samples/writing-samples/node_modules/.require-like-hXV5RXtu',
265 silly reify   '/Users/pcartee/github/writing-samples/writing-samples/node_modules/reusify': '/Users/pcartee/github/writing-samples/writing-samples/node_modules/.reusify-1LfryHTJ',
265 silly reify   '/Users/pcartee/github/writing-samples/writing-samples/node_modules/resolve': '/Users/pcartee/github/writing-samples/writing-samples/node_modules/.resolve-3psa1IkZ',
265 silly reify   '/Users/pcartee/github/writing-samples/writing-samples/node_modules/schema-utils': '/Users/pcartee/github/writing-samples/writing-samples/node_modules/.schema-utils-QkHHTFO1',
265 silly reify   '/Users/pcartee/github/writing-samples/writing-samples/node_modules/selfsigned': '/Users/pcartee/github/writing-samples/writing-samples/node_modules/.selfsigned-vWL3YO4Q',
265 silly reify   '/Users/pcartee/github/writing-samples/writing-samples/node_modules/send': '/Users/pcartee/github/writing-samples/writing-samples/node_modules/.send-RLnB1WeF',
265 silly reify   '/Users/pcartee/github/writing-samples/writing-samples/node_modules/serve-handler': '/Users/pcartee/github/writing-samples/writing-samples/node_modules/.serve-handler-2qEkhhT4',
265 silly reify   '/Users/pcartee/github/writing-samples/writing-samples/node_modules/serve-index': '/Users/pcartee/github/writing-samples/writing-samples/node_modules/.serve-index-Rfwv9t9h',
265 silly reify   '/Users/pcartee/github/writing-samples/writing-samples/node_modules/source-map-support': '/Users/pcartee/github/writing-samples/writing-samples/node_modules/.source-map-support-rhe577S4',
265 silly reify   '/Users/pcartee/github/writing-samples/writing-samples/node_modules/spdy': '/Users/pcartee/github/writing-samples/writing-samples/node_modules/.spdy-czLSwiU8',
265 silly reify   '/Users/pcartee/github/writing-samples/writing-samples/node_modules/spdy-transport': '/Users/pcartee/github/writing-samples/writing-samples/node_modules/.spdy-transport-oioMEIhK',
265 silly reify   '/Users/pcartee/github/writing-samples/writing-samples/node_modules/stylehacks': '/Users/pcartee/github/writing-samples/writing-samples/node_modules/.stylehacks-7kSRblee',
265 silly reify   '/Users/pcartee/github/writing-samples/writing-samples/node_modules/stringify-entities': '/Users/pcartee/github/writing-samples/writing-samples/node_modules/.stringify-entities-LxrzuDdf',
265 silly reify   '/Users/pcartee/github/writing-samples/writing-samples/node_modules/rc': '/Users/pcartee/github/writing-samples/writing-samples/node_modules/.rc-uopUbObi',
265 silly reify   '/Users/pcartee/github/writing-samples/writing-samples/node_modules/string-width': '/Users/pcartee/github/writing-samples/writing-samples/node_modules/.string-width-GmCbjpWm',
265 silly reify   '/Users/pcartee/github/writing-samples/writing-samples/node_modules/terser-webpack-plugin': '/Users/pcartee/github/writing-samples/writing-samples/node_modules/.terser-webpack-plugin-GFlx5mlh',
265 silly reify   '/Users/pcartee/github/writing-samples/writing-samples/node_modules/tiny-invariant': '/Users/pcartee/github/writing-samples/writing-samples/node_modules/.tiny-invariant-6CGFt9VH',
265 silly reify   '/Users/pcartee/github/writing-samples/writing-samples/node_modules/tinypool': '/Users/pcartee/github/writing-samples/writing-samples/node_modules/.tinypool-EFuJMrEX',
265 silly reify   '/Users/pcartee/github/writing-samples/writing-samples/node_modules/tsyringe': '/Users/pcartee/github/writing-samples/writing-samples/node_modules/.tsyringe-72wIiESs',
265 silly reify   '/Users/pcartee/github/writing-samples/writing-samples/node_modules/sitemap': '/Users/pcartee/github/writing-samples/writing-samples/node_modules/.sitemap-P1NB2H47',
265 silly reify   '/Users/pcartee/github/writing-samples/writing-samples/node_modules/type-is': '/Users/pcartee/github/writing-samples/writing-samples/node_modules/.type-is-TP6ciEiV',
265 silly reify   '/Users/pcartee/github/writing-samples/writing-samples/node_modules/update-notifier': '/Users/pcartee/github/writing-samples/writing-samples/node_modules/.update-notifier-sjp9UEYj',
265 silly reify   '/Users/pcartee/github/writing-samples/writing-samples/node_modules/uri-js': '/Users/pcartee/github/writing-samples/writing-samples/node_modules/.uri-js-uEhs8Yn2',
265 silly reify   '/Users/pcartee/github/writing-samples/writing-samples/node_modules/url-loader': '/Users/pcartee/github/writing-samples/writing-samples/node_modules/.url-loader-vA85ZOI4',
265 silly reify   '/Users/pcartee/github/writing-samples/writing-samples/node_modules/uuid': '/Users/pcartee/github/writing-samples/writing-samples/node_modules/.uuid-182IXzPH',
265 silly reify   '/Users/pcartee/github/writing-samples/writing-samples/node_modules/watchpack': '/Users/pcartee/github/writing-samples/writing-samples/node_modules/.watchpack-qUqZfcH3',
265 silly reify   '/Users/pcartee/github/writing-samples/writing-samples/node_modules/svgo': '/Users/pcartee/github/writing-samples/writing-samples/node_modules/.svgo-Rx1c1NBw',
265 silly reify   '/Users/pcartee/github/writing-samples/writing-samples/node_modules/webpack-bundle-analyzer': '/Users/pcartee/github/writing-samples/writing-samples/node_modules/.webpack-bundle-analyzer-yvBPzrox',
265 silly reify   '/Users/pcartee/github/writing-samples/writing-samples/node_modules/webpack': '/Users/pcartee/github/writing-samples/writing-samples/node_modules/.webpack-moy7otb3',
265 silly reify   '/Users/pcartee/github/writing-samples/writing-samples/node_modules/terser': '/Users/pcartee/github/writing-samples/writing-samples/node_modules/.terser-2OgXe32o',
265 silly reify   '/Users/pcartee/github/writing-samples/writing-samples/node_modules/webpack-dev-middleware': '/Users/pcartee/github/writing-samples/writing-samples/node_modules/.webpack-dev-middleware-9nddUu5Y',
265 silly reify   '/Users/pcartee/github/writing-samples/writing-samples/node_modules/webpack-sources': '/Users/pcartee/github/writing-samples/writing-samples/node_modules/.webpack-sources-YJIXv1lQ',
265 silly reify   '/Users/pcartee/github/writing-samples/writing-samples/node_modules/webpackbar': '/Users/pcartee/github/writing-samples/writing-samples/node_modules/.webpackbar-wALtZ1UU',
265 silly reify   '/Users/pcartee/github/writing-samples/writing-samples/node_modules/websocket-driver': '/Users/pcartee/github/writing-samples/writing-samples/node_modules/.websocket-driver-za3Hlfb7',
265 silly reify   '/Users/pcartee/github/writing-samples/writing-samples/node_modules/websocket-extensions': '/Users/pcartee/github/writing-samples/writing-samples/node_modules/.websocket-extensions-F6PktKMa',
265 silly reify   '/Users/pcartee/github/writing-samples/writing-samples/node_modules/wildcard': '/Users/pcartee/github/writing-samples/writing-samples/node_modules/.wildcard-Y9rTfUbn',
265 silly reify   '/Users/pcartee/github/writing-samples/writing-samples/node_modules/wsl-utils': '/Users/pcartee/github/writing-samples/writing-samples/node_modules/.wsl-utils-xylCi34k',
265 silly reify   '/Users/pcartee/github/writing-samples/writing-samples/node_modules/@algolia/autocomplete-core': '/Users/pcartee/github/writing-samples/writing-samples/node_modules/@algolia/.autocomplete-core-AG0ZcZKM',
265 silly reify   '/Users/pcartee/github/writing-samples/writing-samples/node_modules/@algolia/abtesting': '/Users/pcartee/github/writing-samples/writing-samples/node_modules/@algolia/.abtesting-CV0NF9RE',
265 silly reify   '/Users/pcartee/github/writing-samples/writing-samples/node_modules/@algolia/autocomplete-plugin-algolia-insights': '/Users/pcartee/github/writing-samples/writing-samples/node_modules/@algolia/.autocomplete-plugin-algolia-insights-yBoteQIV',
265 silly reify   '/Users/pcartee/github/writing-samples/writing-samples/node_modules/@algolia/autocomplete-shared': '/Users/pcartee/github/writing-samples/writing-samples/node_modules/@algolia/.autocomplete-shared-KKMnmh3Y',
265 silly reify   '/Users/pcartee/github/writing-samples/writing-samples/node_modules/@algolia/client-abtesting': '/Users/pcartee/github/writing-samples/writing-samples/node_modules/@algolia/.client-abtesting-ABdtYO8c',
265 silly reify   '/Users/pcartee/github/writing-samples/writing-samples/node_modules/@algolia/client-analytics': '/Users/pcartee/github/writing-samples/writing-samples/node_modules/@algolia/.client-analytics-RoSCcXOa',
265 silly reify   '/Users/pcartee/github/writing-samples/writing-samples/node_modules/@algolia/client-insights': '/Users/pcartee/github/writing-samples/writing-samples/node_modules/@algolia/.client-insights-uuB03hEg',
265 silly reify   '/Users/pcartee/github/writing-samples/writing-samples/node_modules/@algolia/client-personalization': '/Users/pcartee/github/writing-samples/writing-samples/node_modules/@algolia/.client-personalization-F0lhJxNA',
265 silly reify   '/Users/pcartee/github/writing-samples/writing-samples/node_modules/@algolia/client-query-suggestions': '/Users/pcartee/github/writing-samples/writing-samples/node_modules/@algolia/.client-query-suggestions-hSdE4RJb',
265 silly reify   '/Users/pcartee/github/writing-samples/writing-samples/node_modules/@algolia/client-search': '/Users/pcartee/github/writing-samples/writing-samples/node_modules/@algolia/.client-search-pQi4zbFe',
265 silly reify   '/Users/pcartee/github/writing-samples/writing-samples/node_modules/@algolia/ingestion': '/Users/pcartee/github/writing-samples/writing-samples/node_modules/@algolia/.ingestion-BtC1GJkY',
265 silly reify   '/Users/pcartee/github/writing-samples/writing-samples/node_modules/@algolia/monitoring': '/Users/pcartee/github/writing-samples/writing-samples/node_modules/@algolia/.monitoring-1xVAfTOa',
265 silly reify   '/Users/pcartee/github/writing-samples/writing-samples/node_modules/@algolia/recommend': '/Users/pcartee/github/writing-samples/writing-samples/node_modules/@algolia/.recommend-H3g6jfYn',
265 silly reify   '/Users/pcartee/github/writing-samples/writing-samples/node_modules/@babel/generator': '/Users/pcartee/github/writing-samples/writing-samples/node_modules/@babel/.generator-wnCZr6C0',
265 silly reify   '/Users/pcartee/github/writing-samples/writing-samples/node_modules/@babel/core': '/Users/pcartee/github/writing-samples/writing-samples/node_modules/@babel/.core-5m1Y09oQ',
265 silly reify   '/Users/pcartee/github/writing-samples/writing-samples/node_modules/webpack-dev-server': '/Users/pcartee/github/writing-samples/writing-samples/node_modules/.webpack-dev-server-YX4cPAYq',
265 silly reify   '/Users/pcartee/github/writing-samples/writing-samples/node_modules/wrap-ansi': '/Users/pcartee/github/writing-samples/writing-samples/node_modules/.wrap-ansi-XnlKTlYg',
265 silly reify   '/Users/pcartee/github/writing-samples/writing-samples/node_modules/@babel/helper-define-polyfill-provider': '/Users/pcartee/github/writing-samples/writing-samples/node_modules/@babel/.helper-define-polyfill-provider-Nx5HMSbF',
265 silly reify   '/Users/pcartee/github/writing-samples/writing-samples/node_modules/@babel/helpers': '/Users/pcartee/github/writing-samples/writing-samples/node_modules/@babel/.helpers-GUC8y70r',
265 silly reify   '/Users/pcartee/github/writing-samples/writing-samples/node_modules/@babel/plugin-transform-regenerator': '/Users/pcartee/github/writing-samples/writing-samples/node_modules/@babel/.plugin-transform-regenerator-rOoawixQ',
265 silly reify   '/Users/pcartee/github/writing-samples/writing-samples/node_modules/@babel/plugin-transform-runtime': '/Users/pcartee/github/writing-samples/writing-samples/node_modules/@babel/.plugin-transform-runtime-aKaKjF38',
265 silly reify   '/Users/pcartee/github/writing-samples/writing-samples/node_modules/@babel/preset-env': '/Users/pcartee/github/writing-samples/writing-samples/node_modules/@babel/.preset-env-fL6eRlLA',
265 silly reify   '/Users/pcartee/github/writing-samples/writing-samples/node_modules/@babel/preset-modules': '/Users/pcartee/github/writing-samples/writing-samples/node_modules/@babel/.preset-modules-ROsr1AYZ',
265 silly reify   '/Users/pcartee/github/writing-samples/writing-samples/node_modules/@babel/runtime': '/Users/pcartee/github/writing-samples/writing-samples/node_modules/@babel/.runtime-ZHPc7Slm',
265 silly reify   '/Users/pcartee/github/writing-samples/writing-samples/node_modules/@babel/traverse': '/Users/pcartee/github/writing-samples/writing-samples/node_modules/@babel/.traverse-nBXsAcnr',
265 silly reify   '/Users/pcartee/github/writing-samples/writing-samples/node_modules/@babel/types': '/Users/pcartee/github/writing-samples/writing-samples/node_modules/@babel/.types-zMLdrI4U',
265 silly reify   '/Users/pcartee/github/writing-samples/writing-samples/node_modules/@colors/colors': '/Users/pcartee/github/writing-samples/writing-samples/node_modules/@colors/.colors-XFZnk1v8',
265 silly reify   '/Users/pcartee/github/writing-samples/writing-samples/node_modules/@csstools/postcss-cascade-layers': '/Users/pcartee/github/writing-samples/writing-samples/node_modules/@csstools/.postcss-cascade-layers-6JM8S7S4',
265 silly reify   '/Users/pcartee/github/writing-samples/writing-samples/node_modules/@csstools/postcss-is-pseudo-class': '/Users/pcartee/github/writing-samples/writing-samples/node_modules/@csstools/.postcss-is-pseudo-class-ic5HnyEk',
265 silly reify   '/Users/pcartee/github/writing-samples/writing-samples/node_modules/@csstools/postcss-scope-pseudo-class': '/Users/pcartee/github/writing-samples/writing-samples/node_modules/@csstools/.postcss-scope-pseudo-class-DufOaBIH',
265 silly reify   '/Users/pcartee/github/writing-samples/writing-samples/node_modules/@docsearch/core': '/Users/pcartee/github/writing-samples/writing-samples/node_modules/@docsearch/.core-5qnCwtmL',
265 silly reify   '/Users/pcartee/github/writing-samples/writing-samples/node_modules/@docsearch/react': '/Users/pcartee/github/writing-samples/writing-samples/node_modules/@docsearch/.react-lpgKCAfU',
265 silly reify   '/Users/pcartee/github/writing-samples/writing-samples/node_modules/@docusaurus/bundler': '/Users/pcartee/github/writing-samples/writing-samples/node_modules/@docusaurus/.bundler-poURl6YG',
265 silly reify   '/Users/pcartee/github/writing-samples/writing-samples/node_modules/@docusaurus/core': '/Users/pcartee/github/writing-samples/writing-samples/node_modules/@docusaurus/.core-JGOPDpoi',
265 silly reify   '/Users/pcartee/github/writing-samples/writing-samples/node_modules/@docusaurus/cssnano-preset': '/Users/pcartee/github/writing-samples/writing-samples/node_modules/@docusaurus/.cssnano-preset-fsJvSKbb',
265 silly reify   '/Users/pcartee/github/writing-samples/writing-samples/node_modules/@docusaurus/logger': '/Users/pcartee/github/writing-samples/writing-samples/node_modules/@docusaurus/.logger-oPeeMxZV',
265 silly reify   '/Users/pcartee/github/writing-samples/writing-samples/node_modules/@docusaurus/mdx-loader': '/Users/pcartee/github/writing-samples/writing-samples/node_modules/@docusaurus/.mdx-loader-lCwYuANj',
265 silly reify   '/Users/pcartee/github/writing-samples/writing-samples/node_modules/@docusaurus/plugin-content-blog': '/Users/pcartee/github/writing-samples/writing-samples/node_modules/@docusaurus/.plugin-content-blog-xEY1otId',
265 silly reify   '/Users/pcartee/github/writing-samples/writing-samples/node_modules/@docusaurus/plugin-content-docs': '/Users/pcartee/github/writing-samples/writing-samples/node_modules/@docusaurus/.plugin-content-docs-ze8AjaHF',
265 silly reify   '/Users/pcartee/github/writing-samples/writing-samples/node_modules/@docusaurus/plugin-debug': '/Users/pcartee/github/writing-samples/writing-samples/node_modules/@docusaurus/.plugin-debug-Hd5gQ7bf',
265 silly reify   '/Users/pcartee/github/writing-samples/writing-samples/node_modules/@docusaurus/theme-classic': '/Users/pcartee/github/writing-samples/writing-samples/node_modules/@docusaurus/.theme-classic-yNzC6pwz',
265 silly reify   '/Users/pcartee/github/writing-samples/writing-samples/node_modules/@docusaurus/theme-common': '/Users/pcartee/github/writing-samples/writing-samples/node_modules/@docusaurus/.theme-common-7Hnplxc7',
265 silly reify   '/Users/pcartee/github/writing-samples/writing-samples/node_modules/@docusaurus/theme-search-algolia': '/Users/pcartee/github/writing-samples/writing-samples/node_modules/@docusaurus/.theme-search-algolia-kLnXcWLA',
265 silly reify   '/Users/pcartee/github/writing-samples/writing-samples/node_modules/@babel/helper-compilation-targets': '/Users/pcartee/github/writing-samples/writing-samples/node_modules/@babel/.helper-compilation-targets-liHbd8eL',
265 silly reify   '/Users/pcartee/github/writing-samples/writing-samples/node_modules/@babel/helper-create-class-features-plugin': '/Users/pcartee/github/writing-samples/writing-samples/node_modules/@babel/.helper-create-class-features-plugin-4eU3kUe8',
265 silly reify   '/Users/pcartee/github/writing-samples/writing-samples/node_modules/@babel/helper-create-regexp-features-plugin': '/Users/pcartee/github/writing-samples/writing-samples/node_modules/@babel/.helper-create-regexp-features-plugin-yXjcoLPW',
265 silly reify   '/Users/pcartee/github/writing-samples/writing-samples/node_modules/@docusaurus/utils': '/Users/pcartee/github/writing-samples/writing-samples/node_modules/@docusaurus/.utils-Z1m8hsZH',
265 silly reify   '/Users/pcartee/github/writing-samples/writing-samples/node_modules/@jridgewell/resolve-uri': '/Users/pcartee/github/writing-samples/writing-samples/node_modules/@jridgewell/.resolve-uri-BiqkYpLd',
265 silly reify   '/Users/pcartee/github/writing-samples/writing-samples/node_modules/@jsonjoy.com/base64': '/Users/pcartee/github/writing-samples/writing-samples/node_modules/@jsonjoy.com/.base64-LalIwF0L',
265 silly reify   '/Users/pcartee/github/writing-samples/writing-samples/node_modules/@jsonjoy.com/buffers': '/Users/pcartee/github/writing-samples/writing-samples/node_modules/@jsonjoy.com/.buffers-7g7aKbzW',
265 silly reify   '/Users/pcartee/github/writing-samples/writing-samples/node_modules/@jridgewell/gen-mapping': '/Users/pcartee/github/writing-samples/writing-samples/node_modules/@jridgewell/.gen-mapping-8bSi4REe',
265 silly reify   '/Users/pcartee/github/writing-samples/writing-samples/node_modules/@jsonjoy.com/codegen': '/Users/pcartee/github/writing-samples/writing-samples/node_modules/@jsonjoy.com/.codegen-MXAYWJir',
265 silly reify   '/Users/pcartee/github/writing-samples/writing-samples/node_modules/@jsonjoy.com/fs-core': '/Users/pcartee/github/writing-samples/writing-samples/node_modules/@jsonjoy.com/.fs-core-zWdXqxNS',
265 silly reify   '/Users/pcartee/github/writing-samples/writing-samples/node_modules/@jsonjoy.com/fs-node': '/Users/pcartee/github/writing-samples/writing-samples/node_modules/@jsonjoy.com/.fs-node-Ypmw8Rl0',
265 silly reify   '/Users/pcartee/github/writing-samples/writing-samples/node_modules/@jsonjoy.com/fs-node-builtins': '/Users/pcartee/github/writing-samples/writing-samples/node_modules/@jsonjoy.com/.fs-node-builtins-jNWdX1dF',
265 silly reify   '/Users/pcartee/github/writing-samples/writing-samples/node_modules/@jsonjoy.com/fs-node-utils': '/Users/pcartee/github/writing-samples/writing-samples/node_modules/@jsonjoy.com/.fs-node-utils-iKXlpCl7',
265 silly reify   '/Users/pcartee/github/writing-samples/writing-samples/node_modules/@jsonjoy.com/json-pack': '/Users/pcartee/github/writing-samples/writing-samples/node_modules/@jsonjoy.com/.json-pack-Fr2xtPm7',
265 silly reify   '/Users/pcartee/github/writing-samples/writing-samples/node_modules/@jsonjoy.com/json-pointer': '/Users/pcartee/github/writing-samples/writing-samples/node_modules/@jsonjoy.com/.json-pointer-ieS8FV8r',
265 silly reify   '/Users/pcartee/github/writing-samples/writing-samples/node_modules/@jsonjoy.com/util': '/Users/pcartee/github/writing-samples/writing-samples/node_modules/@jsonjoy.com/.util-N3huvxF6',
265 silly reify   '/Users/pcartee/github/writing-samples/writing-samples/node_modules/@mdx-js/mdx': '/Users/pcartee/github/writing-samples/writing-samples/node_modules/@mdx-js/.mdx-JODGkPiT',
265 silly reify   '/Users/pcartee/github/writing-samples/writing-samples/node_modules/@nodelib/fs.scandir': '/Users/pcartee/github/writing-samples/writing-samples/node_modules/@nodelib/.fs.scandir-56xWRRQy',
265 silly reify   '/Users/pcartee/github/writing-samples/writing-samples/node_modules/@nodelib/fs.stat': '/Users/pcartee/github/writing-samples/writing-samples/node_modules/@nodelib/.fs.stat-anquwRHw',
265 silly reify   '/Users/pcartee/github/writing-samples/writing-samples/node_modules/@peculiar/asn1-cms': '/Users/pcartee/github/writing-samples/writing-samples/node_modules/@peculiar/.asn1-cms-cSwfRdJR',
265 silly reify   '/Users/pcartee/github/writing-samples/writing-samples/node_modules/@nodelib/fs.walk': '/Users/pcartee/github/writing-samples/writing-samples/node_modules/@nodelib/.fs.walk-0FP8Ti4i',
265 silly reify   '/Users/pcartee/github/writing-samples/writing-samples/node_modules/@peculiar/asn1-csr': '/Users/pcartee/github/writing-samples/writing-samples/node_modules/@peculiar/.asn1-csr-juk6Nbj4',
265 silly reify   '/Users/pcartee/github/writing-samples/writing-samples/node_modules/@peculiar/asn1-ecc': '/Users/pcartee/github/writing-samples/writing-samples/node_modules/@peculiar/.asn1-ecc-szXZP7EP',
265 silly reify   '/Users/pcartee/github/writing-samples/writing-samples/node_modules/@peculiar/asn1-pfx': '/Users/pcartee/github/writing-samples/writing-samples/node_modules/@peculiar/.asn1-pfx-0xlyQ74b',
265 silly reify   '/Users/pcartee/github/writing-samples/writing-samples/node_modules/@peculiar/asn1-pkcs8': '/Users/pcartee/github/writing-samples/writing-samples/node_modules/@peculiar/.asn1-pkcs8-0xHNf18x',
265 silly reify   '/Users/pcartee/github/writing-samples/writing-samples/node_modules/@peculiar/asn1-pkcs9': '/Users/pcartee/github/writing-samples/writing-samples/node_modules/@peculiar/.asn1-pkcs9-3Y5qU3ZW',
265 silly reify   '/Users/pcartee/github/writing-samples/writing-samples/node_modules/@peculiar/asn1-rsa': '/Users/pcartee/github/writing-samples/writing-samples/node_modules/@peculiar/.asn1-rsa-Okt5YMQg',
265 silly reify   '/Users/pcartee/github/writing-samples/writing-samples/node_modules/@docusaurus/theme-translations': '/Users/pcartee/github/writing-samples/writing-samples/node_modules/@docusaurus/.theme-translations-IrEa3aDs',
265 silly reify   '/Users/pcartee/github/writing-samples/writing-samples/node_modules/@peculiar/asn1-schema': '/Users/pcartee/github/writing-samples/writing-samples/node_modules/@peculiar/.asn1-schema-NrMWzOjE',
265 silly reify   '/Users/pcartee/github/writing-samples/writing-samples/node_modules/@peculiar/asn1-x509': '/Users/pcartee/github/writing-samples/writing-samples/node_modules/@peculiar/.asn1-x509-FtVr4Y5Z',
265 silly reify   '/Users/pcartee/github/writing-samples/writing-samples/node_modules/@peculiar/asn1-x509-attr': '/Users/pcartee/github/writing-samples/writing-samples/node_modules/@peculiar/.asn1-x509-attr-x75kXlC2',
265 silly reify   '/Users/pcartee/github/writing-samples/writing-samples/node_modules/@peculiar/utils': '/Users/pcartee/github/writing-samples/writing-samples/node_modules/@peculiar/.utils-0dl1eSU8',
265 silly reify   '/Users/pcartee/github/writing-samples/writing-samples/node_modules/@szmarczak/http-timer': '/Users/pcartee/github/writing-samples/writing-samples/node_modules/@szmarczak/.http-timer-6MlZV7yY',
265 silly reify   '/Users/pcartee/github/writing-samples/writing-samples/node_modules/@pnpm/network.ca-file': '/Users/pcartee/github/writing-samples/writing-samples/node_modules/@pnpm/.network.ca-file-9NmLgy9n',
265 silly reify   '/Users/pcartee/github/writing-samples/writing-samples/node_modules/@types/node': '/Users/pcartee/github/writing-samples/writing-samples/node_modules/@types/.node-hXWzcG9X',
265 silly reify   '/Users/pcartee/github/writing-samples/writing-samples/node_modules/@types/serve-static': '/Users/pcartee/github/writing-samples/writing-samples/node_modules/@types/.serve-static-9RJZkFRk',
265 silly reify   '/Users/pcartee/github/writing-samples/writing-samples/node_modules/@webassemblyjs/wasm-gen': '/Users/pcartee/github/writing-samples/writing-samples/node_modules/@webassemblyjs/.wasm-gen-pfQbZvjI',
265 silly reify   '/Users/pcartee/github/writing-samples/writing-samples/node_modules/@webassemblyjs/ast': '/Users/pcartee/github/writing-samples/writing-samples/node_modules/@webassemblyjs/.ast-u90lZR68',
265 silly reify   '/Users/pcartee/github/writing-samples/writing-samples/node_modules/@ungap/structured-clone': '/Users/pcartee/github/writing-samples/writing-samples/node_modules/@ungap/.structured-clone-QTaSWSwt',
265 silly reify   '/Users/pcartee/github/writing-samples/writing-samples/node_modules/@webassemblyjs/wasm-parser': '/Users/pcartee/github/writing-samples/writing-samples/node_modules/@webassemblyjs/.wasm-parser-fQswC5nN',
265 silly reify   '/Users/pcartee/github/writing-samples/writing-samples/node_modules/@jsonjoy.com/fs-snapshot': '/Users/pcartee/github/writing-samples/writing-samples/node_modules/@jsonjoy.com/.fs-snapshot-gECSgA0N'
265 silly reify }
266 silly audit bulk request {
266 silly audit   '@11ty/gray-matter': [ '1.0.0' ],
266 silly audit   '@algolia/abtesting': [ '1.22.0' ],
266 silly audit   '@algolia/autocomplete-core': [ '1.19.9', '1.19.2' ],
266 silly audit   '@algolia/autocomplete-plugin-algolia-insights': [ '1.19.9', '1.19.2' ],
266 silly audit   '@algolia/autocomplete-shared': [ '1.19.9', '1.19.2' ],
266 silly audit   '@algolia/client-abtesting': [ '5.56.0' ],
266 silly audit   '@algolia/client-analytics': [ '5.56.0' ],
266 silly audit   '@algolia/client-common': [ '5.56.0' ],
266 silly audit   '@algolia/client-insights': [ '5.56.0' ],
266 silly audit   '@algolia/client-personalization': [ '5.56.0' ],
266 silly audit   '@algolia/client-query-suggestions': [ '5.56.0' ],
266 silly audit   '@algolia/client-search': [ '5.56.0' ],
266 silly audit   '@algolia/events': [ '4.0.1' ],
266 silly audit   '@algolia/ingestion': [ '1.56.0' ],
266 silly audit   '@algolia/monitoring': [ '1.56.0' ],
266 silly audit   '@algolia/recommend': [ '5.56.0' ],
266 silly audit   '@algolia/requester-browser-xhr': [ '5.56.0' ],
266 silly audit   '@algolia/requester-fetch': [ '5.56.0' ],
266 silly audit   '@algolia/requester-node-http': [ '5.56.0' ],
266 silly audit   '@babel/code-frame': [ '7.29.7' ],
266 silly audit   '@babel/compat-data': [ '7.29.7' ],
266 silly audit   '@babel/core': [ '7.29.7' ],
266 silly audit   semver: [ '6.3.1', '7.8.5' ],
266 silly audit   '@babel/generator': [ '7.29.8' ],
266 silly audit   '@babel/helper-annotate-as-pure': [ '7.29.7' ],
266 silly audit   '@babel/helper-compilation-targets': [ '7.29.7' ],
266 silly audit   '@babel/helper-create-class-features-plugin': [ '7.29.7' ],
266 silly audit   '@babel/helper-create-regexp-features-plugin': [ '7.29.7' ],
266 silly audit   '@babel/helper-define-polyfill-provider': [ '0.6.8' ],
266 silly audit   '@babel/helper-globals': [ '7.29.7' ],
266 silly audit   '@babel/helper-member-expression-to-functions': [ '7.29.7' ],
266 silly audit   '@babel/helper-module-imports': [ '7.29.7' ],
266 silly audit   '@babel/helper-module-transforms': [ '7.29.7' ],
266 silly audit   '@babel/helper-optimise-call-expression': [ '7.29.7' ],
266 silly audit   '@babel/helper-plugin-utils': [ '7.29.7' ],
266 silly audit   '@babel/helper-remap-async-to-generator': [ '7.29.7' ],
266 silly audit   '@babel/helper-replace-supers': [ '7.29.7' ],
266 silly audit   '@babel/helper-skip-transparent-expression-wrappers': [ '7.29.7' ],
266 silly audit   '@babel/helper-string-parser': [ '7.29.7' ],
266 silly audit   '@babel/helper-validator-identifier': [ '7.29.7' ],
266 silly audit   '@babel/helper-validator-option': [ '7.29.7' ],
266 silly audit   '@babel/helper-wrap-function': [ '7.29.7' ],
266 silly audit   '@babel/helpers': [ '7.29.7' ],
266 silly audit   '@babel/parser': [ '7.29.8' ],
266 silly audit   '@babel/plugin-bugfix-firefox-class-in-computed-class-key': [ '7.29.7' ],
266 silly audit   '@babel/plugin-bugfix-safari-class-field-initializer-scope': [ '7.29.7' ],
266 silly audit   '@babel/plugin-bugfix-safari-id-destructuring-collision-in-function-expression': [ '7.29.7' ],
266 silly audit   '@babel/plugin-bugfix-safari-rest-destructuring-rhs-array': [ '7.29.7' ],
266 silly audit   '@babel/plugin-bugfix-v8-spread-parameters-in-optional-chaining': [ '7.29.7' ],
266 silly audit   '@babel/plugin-bugfix-v8-static-class-fields-redefine-readonly': [ '7.29.7' ],
266 silly audit   '@babel/plugin-proposal-private-property-in-object': [ '7.21.0-placeholder-for-preset-env.2' ],
266 silly audit   '@babel/plugin-syntax-dynamic-import': [ '7.8.3' ],
266 silly audit   '@babel/plugin-syntax-import-assertions': [ '7.29.7' ],
266 silly audit   '@babel/plugin-syntax-import-attributes': [ '7.29.7' ],
266 silly audit   '@babel/plugin-syntax-jsx': [ '7.29.7' ],
266 silly audit   '@babel/plugin-syntax-typescript': [ '7.29.7' ],
266 silly audit   '@babel/plugin-syntax-unicode-sets-regex': [ '7.18.6' ],
266 silly audit   '@babel/plugin-transform-arrow-functions': [ '7.29.7' ],
266 silly audit   '@babel/plugin-transform-async-generator-functions': [ '7.29.7' ],
266 silly audit   '@babel/plugin-transform-async-to-generator': [ '7.29.7' ],
266 silly audit   '@babel/plugin-transform-block-scoped-functions': [ '7.29.7' ],
266 silly audit   '@babel/plugin-transform-block-scoping': [ '7.29.7' ],
266 silly audit   '@babel/plugin-transform-class-properties': [ '7.29.7' ],
266 silly audit   '@babel/plugin-transform-class-static-block': [ '7.29.7' ],
266 silly audit   '@babel/plugin-transform-classes': [ '7.29.7' ],
266 silly audit   '@babel/plugin-transform-computed-properties': [ '7.29.7' ],
266 silly audit   '@babel/plugin-transform-destructuring': [ '7.29.7' ],
266 silly audit   '@babel/plugin-transform-dotall-regex': [ '7.29.7' ],
266 silly audit   '@babel/plugin-transform-duplicate-keys': [ '7.29.7' ],
266 silly audit   '@babel/plugin-transform-duplicate-named-capturing-groups-regex': [ '7.29.7' ],
266 silly audit   '@babel/plugin-transform-dynamic-import': [ '7.29.7' ],
266 silly audit   '@babel/plugin-transform-explicit-resource-management': [ '7.29.7' ],
266 silly audit   '@babel/plugin-transform-exponentiation-operator': [ '7.29.7' ],
266 silly audit   '@babel/plugin-transform-export-namespace-from': [ '7.29.7' ],
266 silly audit   '@babel/plugin-transform-for-of': [ '7.29.7' ],
266 silly audit   '@babel/plugin-transform-function-name': [ '7.29.7' ],
266 silly audit   '@babel/plugin-transform-json-strings': [ '7.29.7' ],
266 silly audit   '@babel/plugin-transform-literals': [ '7.29.7' ],
266 silly audit   '@babel/plugin-transform-logical-assignment-operators': [ '7.29.7' ],
266 silly audit   '@babel/plugin-transform-member-expression-literals': [ '7.29.7' ],
266 silly audit   '@babel/plugin-transform-modules-amd': [ '7.29.7' ],
266 silly audit   '@babel/plugin-transform-modules-commonjs': [ '7.29.7' ],
266 silly audit   '@babel/plugin-transform-modules-systemjs': [ '7.29.8' ],
266 silly audit   '@babel/plugin-transform-modules-umd': [ '7.29.7' ],
266 silly audit   '@babel/plugin-transform-named-capturing-groups-regex': [ '7.29.7' ],
266 silly audit   '@babel/plugin-transform-new-target': [ '7.29.7' ],
266 silly audit   '@babel/plugin-transform-nullish-coalescing-operator': [ '7.29.7' ],
266 silly audit   '@babel/plugin-transform-numeric-separator': [ '7.29.7' ],
266 silly audit   '@babel/plugin-transform-object-rest-spread': [ '7.29.7' ],
266 silly audit   '@babel/plugin-transform-object-super': [ '7.29.7' ],
266 silly audit   '@babel/plugin-transform-optional-catch-binding': [ '7.29.7' ],
266 silly audit   '@babel/plugin-transform-optional-chaining': [ '7.29.7' ],
266 silly audit   '@babel/plugin-transform-parameters': [ '7.29.7' ],
266 silly audit   '@babel/plugin-transform-private-methods': [ '7.29.7' ],
266 silly audit   '@babel/plugin-transform-private-property-in-object': [ '7.29.7' ],
266 silly audit   '@babel/plugin-transform-property-literals': [ '7.29.7' ],
266 silly audit   '@babel/plugin-transform-react-constant-elements': [ '7.29.7' ],
266 silly audit   '@babel/plugin-transform-react-display-name': [ '7.29.7' ],
266 silly audit   '@babel/plugin-transform-react-jsx': [ '7.29.7' ],
266 silly audit   '@babel/plugin-transform-react-jsx-development': [ '7.29.7' ],
266 silly audit   '@babel/plugin-transform-react-pure-annotations': [ '7.29.7' ],
266 silly audit   '@babel/plugin-transform-regenerator': [ '7.29.8' ],
266 silly audit   '@babel/plugin-transform-regexp-modifiers': [ '7.29.7' ],
266 silly audit   '@babel/plugin-transform-reserved-words': [ '7.29.7' ],
266 silly audit   '@babel/plugin-transform-runtime': [ '7.29.7' ],
266 silly audit   '@babel/plugin-transform-shorthand-properties': [ '7.29.7' ],
266 silly audit   '@babel/plugin-transform-spread': [ '7.29.8' ],
266 silly audit   '@babel/plugin-transform-sticky-regex': [ '7.29.7' ],
266 silly audit   '@babel/plugin-transform-template-literals': [ '7.29.7' ],
266 silly audit   '@babel/plugin-transform-typeof-symbol': [ '7.29.7' ],
266 silly audit   '@babel/plugin-transform-typescript': [ '7.29.7' ],
266 silly audit   '@babel/plugin-transform-unicode-escapes': [ '7.29.7' ],
266 silly audit   '@babel/plugin-transform-unicode-property-regex': [ '7.29.7' ],
266 silly audit   '@babel/plugin-transform-unicode-regex': [ '7.29.7' ],
266 silly audit   '@babel/plugin-transform-unicode-sets-regex': [ '7.29.7' ],
266 silly audit   '@babel/preset-env': [ '7.29.7' ],
266 silly audit   'babel-plugin-polyfill-corejs3': [ '0.14.2', '0.13.0' ],
266 silly audit   '@babel/preset-modules': [ '0.1.6-no-external-plugins' ],
266 silly audit   '@babel/preset-react': [ '7.29.7' ],
266 silly audit   '@babel/preset-typescript': [ '7.29.7' ],
266 silly audit   '@babel/runtime': [ '7.29.7' ],
266 silly audit   '@babel/template': [ '7.29.7' ],
266 silly audit   '@babel/traverse': [ '7.29.8' ],
266 silly audit   '@babel/types': [ '7.29.8' ],
266 silly audit   '@colors/colors': [ '1.5.0' ],
266 silly audit   '@csstools/cascade-layer-name-parser': [ '2.0.5' ],
266 silly audit   '@csstools/color-helpers': [ '5.1.0' ],
266 silly audit   '@csstools/css-calc': [ '2.1.4' ],
266 silly audit   '@csstools/css-color-parser': [ '3.1.0' ],
266 silly audit   '@csstools/css-parser-algorithms': [ '3.0.5' ],
266 silly audit   '@csstools/css-tokenizer': [ '3.0.4' ],
266 silly audit   '@csstools/media-query-list-parser': [ '4.0.3' ],
266 silly audit   '@csstools/postcss-alpha-function': [ '1.0.1' ],
266 silly audit   '@csstools/postcss-cascade-layers': [ '5.0.2' ],
266 silly audit   'postcss-selector-parser': [ '7.1.5', '6.1.4' ],
266 silly audit   '@csstools/postcss-color-function': [ '4.0.12' ],
266 silly audit   '@csstools/postcss-color-function-display-p3-linear': [ '1.0.1' ],
266 silly audit   '@csstools/postcss-color-mix-function': [ '3.0.12' ],
266 silly audit   '@csstools/postcss-color-mix-variadic-function-arguments': [ '1.0.2' ],
266 silly audit   '@csstools/postcss-content-alt-text': [ '2.0.8' ],
266 silly audit   '@csstools/postcss-contrast-color-function': [ '2.0.12' ],
266 silly audit   '@csstools/postcss-exponential-functions': [ '2.0.9' ],
266 silly audit   '@csstools/postcss-font-format-keywords': [ '4.0.0' ],
266 silly audit   '@csstools/postcss-gamut-mapping': [ '2.0.11' ],
266 silly audit   '@csstools/postcss-gradients-interpolation-method': [ '5.0.12' ],
266 silly audit   '@csstools/postcss-hwb-function': [ '4.0.12' ],
266 silly audit   '@csstools/postcss-ic-unit': [ '4.0.4' ],
266 silly audit   '@csstools/postcss-initial': [ '2.0.1' ],
266 silly audit   '@csstools/postcss-is-pseudo-class': [ '5.0.3' ],
266 silly audit   '@csstools/postcss-light-dark-function': [ '2.0.11' ],
266 silly audit   '@csstools/postcss-logical-float-and-clear': [ '3.0.0' ],
266 silly audit   '@csstools/postcss-logical-overflow': [ '2.0.0' ],
266 silly audit   '@csstools/postcss-logical-overscroll-behavior': [ '2.0.0' ],
266 silly audit   '@csstools/postcss-logical-resize': [ '3.0.0' ],
266 silly audit   '@csstools/postcss-logical-viewport-units': [ '3.0.4' ],
266 silly audit   '@csstools/postcss-media-minmax': [ '2.0.9' ],
266 silly audit   '@csstools/postcss-media-queries-aspect-ratio-number-values': [ '3.0.5' ],
266 silly audit   '@csstools/postcss-nested-calc': [ '4.0.0' ],
266 silly audit   '@csstools/postcss-normalize-display-values': [ '4.0.1' ],
266 silly audit   '@csstools/postcss-oklab-function': [ '4.0.12' ],
266 silly audit   '@csstools/postcss-position-area-property': [ '1.0.0' ],
266 silly audit   '@csstools/postcss-progressive-custom-properties': [ '4.2.1' ],
266 silly audit   '@csstools/postcss-property-rule-prelude-list': [ '1.0.0' ],
266 silly audit   '@csstools/postcss-random-function': [ '2.0.1' ],
266 silly audit   '@csstools/postcss-relative-color-syntax': [ '3.0.12' ],
266 silly audit   '@csstools/postcss-scope-pseudo-class': [ '4.0.1' ],
266 silly audit   '@csstools/postcss-sign-functions': [ '1.1.4' ],
266 silly audit   '@csstools/postcss-stepped-value-functions': [ '4.0.9' ],
266 silly audit   '@csstools/postcss-syntax-descriptor-syntax-production': [ '1.0.1' ],
266 silly audit   '@csstools/postcss-system-ui-font-family': [ '1.0.0' ],
266 silly audit   '@csstools/postcss-text-decoration-shorthand': [ '4.0.3' ],
266 silly audit   '@csstools/postcss-trigonometric-functions': [ '4.0.9' ],
266 silly audit   '@csstools/postcss-unset-value': [ '4.0.0' ],
266 silly audit   '@csstools/selector-resolve-nested': [ '3.1.0' ],
266 silly audit   '@csstools/selector-specificity': [ '5.0.0' ],
266 silly audit   '@csstools/utilities': [ '2.0.0' ],
266 silly audit   '@discoveryjs/json-ext': [ '0.5.7' ],
266 silly audit   '@docsearch/core': [ '4.7.0' ],
266 silly audit   '@docsearch/css': [ '4.7.0' ],
266 silly audit   '@docsearch/react': [ '4.7.0' ],
266 silly audit   '@docusaurus/babel': [ '3.10.2' ],
266 silly audit   '@docusaurus/bundler': [ '3.10.2' ],
266 silly audit   '@docusaurus/core': [ '3.10.2' ],
266 silly audit   'webpack-merge': [ '6.0.1', '5.10.0' ],
266 silly audit   '@docusaurus/cssnano-preset': [ '3.10.2' ],
266 silly audit   '@docusaurus/logger': [ '3.10.2' ],
266 silly audit   '@docusaurus/mdx-loader': [ '3.10.2' ],
266 silly audit   '@docusaurus/module-type-aliases': [ '3.10.2' ],
266 silly audit   '@docusaurus/plugin-content-blog': [ '3.10.2' ],
266 silly audit   '@docusaurus/plugin-content-docs': [ '3.10.2' ],
266 silly audit   '@docusaurus/plugin-content-pages': [ '3.10.2' ],
266 silly audit   '@docusaurus/plugin-css-cascade-layers': [ '3.10.2' ],
266 silly audit   '@docusaurus/plugin-debug': [ '3.10.2' ],
266 silly audit   '@docusaurus/plugin-google-analytics': [ '3.10.2' ],
266 silly audit   '@docusaurus/plugin-google-gtag': [ '3.10.2' ],
266 silly audit   '@docusaurus/plugin-google-tag-manager': [ '3.10.2' ],
266 silly audit   '@docusaurus/plugin-sitemap': [ '3.10.2' ],
266 silly audit   '@docusaurus/plugin-svgr': [ '3.10.2' ],
266 silly audit   '@docusaurus/preset-classic': [ '3.10.2' ],
266 silly audit   '@docusaurus/theme-classic': [ '3.10.2' ],
266 silly audit   '@docusaurus/theme-common': [ '3.10.2' ],
266 silly audit   '@docusaurus/theme-search-algolia': [ '3.10.2' ],
266 silly audit   '@docusaurus/theme-translations': [ '3.10.2' ],
266 silly audit   '@docusaurus/types': [ '3.10.2' ],
266 silly audit   '@docusaurus/utils': [ '3.10.2' ],
266 silly audit   '@docusaurus/utils-common': [ '3.10.2' ],
266 silly audit   '@docusaurus/utils-validation': [ '3.10.2' ],
266 silly audit   '@hapi/hoek': [ '9.3.0' ],
266 silly audit   '@hapi/topo': [ '5.1.0' ],
266 silly audit   '@jest/schemas': [ '29.6.3' ],
266 silly audit   '@jest/types': [ '29.6.3' ],
266 silly audit   '@jridgewell/gen-mapping': [ '0.3.13' ],
266 silly audit   '@jridgewell/remapping': [ '2.3.5' ],
266 silly audit   '@jridgewell/resolve-uri': [ '3.1.2' ],
266 silly audit   '@jridgewell/source-map': [ '0.3.11' ],
266 silly audit   '@jridgewell/sourcemap-codec': [ '1.5.5' ],
266 silly audit   '@jridgewell/trace-mapping': [ '0.3.31' ],
266 silly audit   '@jsonjoy.com/base64': [ '1.1.2', '17.67.0' ],
266 silly audit   '@jsonjoy.com/buffers': [ '17.67.0', '1.2.1' ],
266 silly audit   '@jsonjoy.com/codegen': [ '1.0.0', '17.67.0' ],
266 silly audit   '@jsonjoy.com/fs-core': [ '4.68.0' ],
266 silly audit   '@jsonjoy.com/fs-fsa': [ '4.68.0' ],
266 silly audit   '@jsonjoy.com/fs-node': [ '4.68.0' ],
266 silly audit   '@jsonjoy.com/fs-node-builtins': [ '4.68.0' ],
266 silly audit   '@jsonjoy.com/fs-node-to-fsa': [ '4.68.0' ],
266 silly audit   '@jsonjoy.com/fs-node-utils': [ '4.68.0' ],
266 silly audit   '@jsonjoy.com/fs-print': [ '4.68.0' ],
266 silly audit   '@jsonjoy.com/fs-snapshot': [ '4.68.0' ],
266 silly audit   '@jsonjoy.com/json-pack': [ '17.67.0', '1.21.0' ],
266 silly audit   '@jsonjoy.com/json-pointer': [ '17.67.0', '1.0.2' ],
266 silly audit   '@jsonjoy.com/util': [ '17.67.0', '1.9.0' ],
266 silly audit   '@leichtgewicht/ip-codec': [ '2.0.5' ],
266 silly audit   '@mdx-js/mdx': [ '3.1.1' ],
266 silly audit   '@mdx-js/react': [ '3.1.1' ],
266 silly audit   '@noble/hashes': [ '1.4.0' ],
266 silly audit   '@nodelib/fs.scandir': [ '2.1.5' ],
266 silly audit   '@nodelib/fs.stat': [ '2.0.5' ],
266 silly audit   '@nodelib/fs.walk': [ '1.2.8' ],
266 silly audit   '@peculiar/asn1-cms': [ '2.8.0' ],
266 silly audit   '@peculiar/asn1-csr': [ '2.8.0' ],
266 silly audit   '@peculiar/asn1-ecc': [ '2.8.0' ],
266 silly audit   '@peculiar/asn1-pfx': [ '2.8.0' ],
266 silly audit   '@peculiar/asn1-pkcs8': [ '2.8.0' ],
266 silly audit   '@peculiar/asn1-pkcs9': [ '2.8.0' ],
266 silly audit   '@peculiar/asn1-rsa': [ '2.8.0' ],
266 silly audit   '@peculiar/asn1-schema': [ '2.8.0' ],
266 silly audit   '@peculiar/asn1-x509': [ '2.8.0' ],
266 silly audit   '@peculiar/asn1-x509-attr': [ '2.8.0' ],
266 silly audit   '@peculiar/utils': [ '2.0.3' ],
266 silly audit   '@peculiar/x509': [ '1.14.3' ],
266 silly audit   '@pnpm/config.env-replace': [ '1.1.0' ],
266 silly audit   '@pnpm/network.ca-file': [ '1.0.2' ],
266 silly audit   'graceful-fs': [ '4.2.10', '4.2.11' ],
266 silly audit   '@pnpm/npm-conf': [ '3.0.3' ],
266 silly audit   '@polka/url': [ '1.0.0-next.29' ],
266 silly audit   '@sideway/address': [ '4.1.5' ],
266 silly audit   '@sideway/formula': [ '3.0.1' ],
266 silly audit   '@sideway/pinpoint': [ '2.0.0' ],
266 silly audit   '@sinclair/typebox': [ '0.27.12' ],
266 silly audit   '@sindresorhus/is': [ '4.6.0', '5.6.0' ],
266 silly audit   '@slorber/remark-comment': [ '1.0.0' ],
266 silly audit   '@svgr/babel-plugin-add-jsx-attribute': [ '8.0.0' ],
266 silly audit   '@svgr/babel-plugin-remove-jsx-attribute': [ '8.0.0' ],
266 silly audit   '@svgr/babel-plugin-remove-jsx-empty-expression': [ '8.0.0' ],
266 silly audit   '@svgr/babel-plugin-replace-jsx-attribute-value': [ '8.0.0' ],
266 silly audit   '@svgr/babel-plugin-svg-dynamic-title': [ '8.0.0' ],
266 silly audit   '@svgr/babel-plugin-svg-em-dimensions': [ '8.0.0' ],
266 silly audit   '@svgr/babel-plugin-transform-react-native-svg': [ '8.1.0' ],
266 silly audit   '@svgr/babel-plugin-transform-svg-component': [ '8.0.0' ],
266 silly audit   '@svgr/babel-preset': [ '8.1.0' ],
266 silly audit   '@svgr/core': [ '8.1.0' ],
266 silly audit   '@svgr/hast-util-to-babel-ast': [ '8.0.0' ],
266 silly audit   '@svgr/plugin-jsx': [ '8.1.0' ],
266 silly audit   '@svgr/plugin-svgo': [ '8.1.0' ],
266 silly audit   '@svgr/webpack': [ '8.1.0' ],
266 silly audit   '@szmarczak/http-timer': [ '5.0.1' ],
266 silly audit   '@types/body-parser': [ '1.19.6' ],
266 silly audit   '@types/bonjour': [ '3.5.13' ],
266 silly audit   '@types/connect': [ '3.4.38' ],
266 silly audit   '@types/connect-history-api-fallback': [ '1.5.4' ],
266 silly audit   '@types/debug': [ '4.1.13' ],
266 silly audit   '@types/estree': [ '1.0.9' ],
266 silly audit   '@types/estree-jsx': [ '1.0.5' ],
266 silly audit   '@types/express': [ '4.17.25' ],
266 silly audit   '@types/express-serve-static-core': [ '4.19.9' ],
266 silly audit   '@types/hast': [ '3.0.5' ],
266 silly audit   '@types/history': [ '4.7.11' ],
266 silly audit   '@types/html-minifier-terser': [ '6.1.0' ],
266 silly audit   '@types/http-cache-semantics': [ '4.2.0' ],
266 silly audit   '@types/http-errors': [ '2.0.5' ],
266 silly audit   '@types/http-proxy': [ '1.17.17' ],
266 silly audit   '@types/istanbul-lib-coverage': [ '2.0.6' ],
266 silly audit   '@types/istanbul-lib-report': [ '3.0.3' ],
266 silly audit   '@types/istanbul-reports': [ '3.0.4' ],
266 silly audit   '@types/json-schema': [ '7.0.15' ],
266 silly audit   '@types/mdast': [ '4.0.4' ],
266 silly audit   '@types/mdx': [ '2.0.14' ],
266 silly audit   '@types/mime': [ '1.3.5' ],
266 silly audit   '@types/ms': [ '2.1.0' ],
266 silly audit   '@types/node': [ '26.1.1', '17.0.45' ],
266 silly audit   '@types/prismjs': [ '1.26.6' ],
266 silly audit   '@types/qs': [ '6.15.1' ],
266 silly audit   '@types/range-parser': [ '1.2.7' ],
266 silly audit   '@types/react': [ '19.2.17' ],
266 silly audit   '@types/react-router': [ '5.1.20' ],
266 silly audit   '@types/react-router-config': [ '5.0.11' ],
266 silly audit   '@types/react-router-dom': [ '5.3.3' ],
266 silly audit   '@types/retry': [ '0.12.2' ],
266 silly audit   '@types/sax': [ '1.2.7' ],
266 silly audit   '@types/send': [ '1.2.1', '0.17.6' ],
266 silly audit   '@types/serve-index': [ '1.9.4' ],
266 silly audit   '@types/serve-static': [ '1.15.10' ],
266 silly audit   '@types/sockjs': [ '0.3.36' ],
266 silly audit   '@types/unist': [ '3.0.3', '2.0.11' ],
266 silly audit   '@types/ws': [ '8.18.1' ],
266 silly audit   '@types/yargs': [ '17.0.35' ],
266 silly audit   '@types/yargs-parser': [ '21.0.3' ],
266 silly audit   '@ungap/structured-clone': [ '1.3.3' ],
266 silly audit   '@webassemblyjs/ast': [ '1.14.1' ],
266 silly audit   '@webassemblyjs/floating-point-hex-parser': [ '1.13.2' ],
266 silly audit   '@webassemblyjs/helper-api-error': [ '1.13.2' ],
266 silly audit   '@webassemblyjs/helper-buffer': [ '1.14.1' ],
266 silly audit   '@webassemblyjs/helper-numbers': [ '1.13.2' ],
266 silly audit   '@webassemblyjs/helper-wasm-bytecode': [ '1.13.2' ],
266 silly audit   '@webassemblyjs/helper-wasm-section': [ '1.14.1' ],
266 silly audit   '@webassemblyjs/ieee754': [ '1.13.2' ],
266 silly audit   '@webassemblyjs/leb128': [ '1.13.2' ],
266 silly audit   '@webassemblyjs/utf8': [ '1.13.2' ],
266 silly audit   '@webassemblyjs/wasm-edit': [ '1.14.1' ],
266 silly audit   '@webassemblyjs/wasm-gen': [ '1.14.1' ],
266 silly audit   '@webassemblyjs/wasm-opt': [ '1.14.1' ],
266 silly audit   '@webassemblyjs/wasm-parser': [ '1.14.1' ],
266 silly audit   '@webassemblyjs/wast-printer': [ '1.14.1' ],
266 silly audit   '@xtuc/ieee754': [ '1.2.0' ],
266 silly audit   '@xtuc/long': [ '4.2.2' ],
266 silly audit   accepts: [ '1.3.8' ],
266 silly audit   'mime-db': [ '1.52.0', '1.54.0', '1.33.0' ],
266 silly audit   'mime-types': [ '2.1.35', '2.1.18', '3.0.2' ],
266 silly audit   negotiator: [ '0.6.3', '0.6.4' ],
266 silly audit   acorn: [ '8.17.0' ],
266 silly audit   'acorn-import-phases': [ '1.0.4' ],
266 silly audit   'acorn-jsx': [ '5.3.2' ],
266 silly audit   'acorn-walk': [ '8.3.5' ],
266 silly audit   address: [ '2.0.3' ],
266 silly audit   'aggregate-error': [ '3.1.0' ],
266 silly audit   ajv: [ '8.20.0', '6.15.0' ],
266 silly audit   'ajv-formats': [ '2.1.1' ],
266 silly audit   'ajv-keywords': [ '5.1.0', '3.5.2' ],
266 silly audit   algoliasearch: [ '5.56.0' ],
266 silly audit   'algoliasearch-helper': [ '3.29.3' ],
266 silly audit   'ansi-align': [ '3.0.1' ],
266 silly audit   'emoji-regex': [ '8.0.0', '9.2.2' ],
266 silly audit   'string-width': [ '4.2.3', '5.1.2' ],
266 silly audit   'ansi-html-community': [ '0.0.8' ],
266 silly audit   'ansi-regex': [ '5.0.1', '6.2.2' ],
266 silly audit   'ansi-styles': [ '4.3.0', '6.2.3' ],
266 silly audit   ansis: [ '3.17.0' ],
266 silly audit   anymatch: [ '3.1.3' ],
266 silly audit   arg: [ '5.0.2' ],
266 silly audit   argparse: [ '2.0.1' ],
266 silly audit   'array-flatten': [ '1.1.1' ],
266 silly audit   'array-union': [ '2.1.0' ],
266 silly audit   asn1js: [ '3.0.10' ],
266 silly audit   astring: [ '1.9.0' ],
266 silly audit   autoprefixer: [ '10.5.4' ],
266 silly audit   'babel-loader': [ '9.2.1' ],
266 silly audit   'babel-plugin-dynamic-import-node': [ '2.3.3' ],
266 silly audit   'babel-plugin-polyfill-corejs2': [ '0.4.17' ],
266 silly audit   'babel-plugin-polyfill-regenerator': [ '0.6.8' ],
266 silly audit   bail: [ '2.0.2' ],
266 silly audit   'balanced-match': [ '1.0.2' ],
266 silly audit   'baseline-browser-mapping': [ '2.11.12' ],
266 silly audit   batch: [ '0.6.1' ],
266 silly audit   'big.js': [ '5.2.2' ],
266 silly audit   'binary-extensions': [ '2.3.0' ],
266 silly audit   'body-parser': [ '1.20.6' ],
266 silly audit   bytes: [ '3.1.2', '3.0.0' ],
266 silly audit   debug: [ '2.6.9', '4.4.3' ],
266 silly audit   ms: [ '2.0.0', '2.1.3' ],
266 silly audit   'bonjour-service': [ '1.4.4' ],
266 silly audit   boolbase: [ '1.0.0' ],
266 silly audit   boxen: [ '6.2.1', '7.1.1' ],
266 silly audit   'brace-expansion': [ '1.1.18' ],
266 silly audit   braces: [ '3.0.3' ],
266 silly audit   browserslist: [ '4.28.7' ],
266 silly audit   'buffer-from': [ '1.1.2' ],
266 silly audit   'bundle-name': [ '4.1.0' ],
266 silly audit   bytestreamjs: [ '2.0.1' ],
266 silly audit   'cacheable-lookup': [ '7.0.0' ],
266 silly audit   'cacheable-request': [ '10.2.14' ],
266 silly audit   'call-bind': [ '1.0.9' ],
266 silly audit   'call-bind-apply-helpers': [ '1.0.2' ],
266 silly audit   'call-bound': [ '1.0.4' ],
266 silly audit   callsites: [ '3.1.0' ],
266 silly audit   'camel-case': [ '4.1.2' ],
266 silly audit   camelcase: [ '6.3.0', '7.0.1' ],
266 silly audit   'caniuse-api': [ '3.0.0' ],
266 silly audit   'caniuse-lite': [ '1.0.30001806' ],
266 silly audit   ccount: [ '2.0.1' ],
266 silly audit   chalk: [ '4.1.2', '5.6.2' ],
266 silly audit   'char-regex': [ '1.0.2' ],
266 silly audit   'character-entities': [ '2.0.2' ],
266 silly audit   'character-entities-html4': [ '2.1.0' ],
266 silly audit   'character-entities-legacy': [ '3.0.0' ],
266 silly audit   'character-reference-invalid': [ '2.0.1' ],
266 silly audit   cheerio: [ '1.0.0-rc.12' ],
266 silly audit   'cheerio-select': [ '2.1.0' ],
266 silly audit   chokidar: [ '3.6.0' ],
266 silly audit   'chrome-trace-event': [ '1.0.4' ],
266 silly audit   'ci-info': [ '3.9.0' ],
266 silly audit   'clean-css': [ '5.3.3' ],
266 silly audit   'source-map': [ '0.6.1', '0.7.6' ],
266 silly audit   'clean-stack': [ '2.2.0' ],
266 silly audit   'cli-boxes': [ '3.0.0' ],
266 silly audit   'cli-table3': [ '0.6.5' ],
266 silly audit   'clone-deep': [ '4.0.1' ],
266 silly audit   clsx: [ '2.1.1' ],
266 silly audit   'collapse-white-space': [ '2.1.0' ],
266 silly audit   'color-convert': [ '2.0.1' ],
266 silly audit   'color-name': [ '1.1.4' ],
266 silly audit   colord: [ '2.9.3' ],
266 silly audit   colorette: [ '2.0.20' ],
266 silly audit   'combine-promises': [ '1.2.0' ],
266 silly audit   'comma-separated-tokens': [ '2.0.3' ],
266 silly audit   commander: [ '5.1.0', '10.0.1', '8.3.0', '7.2.0', '2.20.3' ],
266 silly audit   'common-path-prefix': [ '3.0.0' ],
266 silly audit   compressible: [ '2.0.18' ],
266 silly audit   compression: [ '1.8.1' ],
266 silly audit   'concat-map': [ '0.0.1' ],
266 silly audit   'config-chain': [ '1.1.13' ],
266 silly audit   ini: [ '1.3.8', '2.0.0' ],
266 silly audit   configstore: [ '6.0.0' ],
266 silly audit   'connect-history-api-fallback': [ '2.0.0' ],
266 silly audit   consola: [ '3.4.2' ],
266 silly audit   'content-disposition': [ '0.5.2', '0.5.4' ],
266 silly audit   'content-type': [ '1.0.5' ],
266 silly audit   'convert-source-map': [ '2.0.0' ],
266 silly audit   cookie: [ '0.7.2' ],
266 silly audit   'cookie-signature': [ '1.0.7' ],
266 silly audit   'copy-text-to-clipboard': [ '3.2.2' ],
266 silly audit   'copy-webpack-plugin': [ '11.0.0' ],
266 silly audit   'glob-parent': [ '6.0.2', '5.1.2' ],
266 silly audit   globby: [ '13.2.2', '11.1.0' ],
266 silly audit   slash: [ '4.0.0', '3.0.0' ],
266 silly audit   'core-js': [ '3.49.0' ],
266 silly audit   'core-js-compat': [ '3.50.0' ],
266 silly audit   'core-util-is': [ '1.0.3' ],
266 silly audit   cosmiconfig: [ '8.3.6' ],
266 silly audit   'cross-spawn': [ '7.0.6' ],
266 silly audit   'crypto-random-string': [ '4.0.0' ],
266 silly audit   'type-fest': [ '1.4.0', '2.19.0' ],
266 silly audit   'css-blank-pseudo': [ '7.0.1' ],
266 silly audit   'css-declaration-sorter': [ '7.4.0' ],
266 silly audit   'css-has-pseudo': [ '7.0.3' ],
266 silly audit   'css-loader': [ '6.11.0' ],
266 silly audit   'css-minimizer-webpack-plugin': [ '5.0.1' ],
266 silly audit   'css-prefers-color-scheme': [ '10.0.0' ],
266 silly audit   'css-select': [ '5.2.2', '4.3.0' ],
266 silly audit   'css-tree': [ '2.3.1', '2.2.1' ],
266 silly audit   'css-what': [ '6.2.2' ],
266 silly audit   cssdb: [ '8.9.0' ],
266 silly audit   cssesc: [ '3.0.0' ],
266 silly audit   cssnano: [ '6.1.2' ],
266 silly audit   'cssnano-preset-advanced': [ '6.1.2' ],
266 silly audit   'cssnano-preset-default': [ '6.1.2' ],
266 silly audit   'cssnano-utils': [ '4.0.2' ],
266 silly audit   csso: [ '5.0.5' ],
266 silly audit   'mdn-data': [ '2.0.28', '2.0.30' ],
266 silly audit   csstype: [ '3.2.3' ],
266 silly audit   debounce: [ '1.2.1' ],
266 silly audit   'decode-named-character-reference': [ '1.3.0' ],
266 silly audit   'decompress-response': [ '6.0.0' ],
266 silly audit   'mimic-response': [ '3.1.0', '4.0.0' ],
266 silly audit   'deep-extend': [ '0.6.0' ],
266 silly audit   deepmerge: [ '4.3.1' ],
266 silly audit   'default-browser': [ '5.5.0' ],
266 silly audit   'default-browser-id': [ '5.0.1' ],
266 silly audit   'defer-to-connect': [ '2.0.1' ],
266 silly audit   'define-data-property': [ '1.1.4' ],
266 silly audit   'define-lazy-prop': [ '2.0.0', '3.0.0' ],
266 silly audit   'define-properties': [ '1.2.1' ],
266 silly audit   depd: [ '2.0.0', '1.1.2' ],
266 silly audit   dequal: [ '2.0.3' ],
266 silly audit   destroy: [ '1.2.0' ],
266 silly audit   'detect-node': [ '2.1.0' ],
266 silly audit   'detect-port': [ '2.1.0' ],
266 silly audit   devlop: [ '1.1.0' ],
266 silly audit   'dir-glob': [ '3.0.1' ],
266 silly audit   'dns-packet': [ '5.6.1' ],
266 silly audit   'dom-converter': [ '0.2.0' ],
266 silly audit   'dom-serializer': [ '2.0.0', '1.4.1' ],
266 silly audit   domelementtype: [ '2.3.0' ],
266 silly audit   domhandler: [ '5.0.3', '4.3.1' ],
266 silly audit   domutils: [ '3.2.2', '2.8.0' ],
266 silly audit   'dot-case': [ '3.0.4' ],
266 silly audit   'dot-prop': [ '6.0.1' ],
266 silly audit   'is-obj': [ '2.0.0', '1.0.1' ],
266 silly audit   'dunder-proto': [ '1.0.1' ],
266 silly audit   duplexer: [ '0.1.2' ],
266 silly audit   eastasianwidth: [ '0.2.0' ],
266 silly audit   'ee-first': [ '1.1.1' ],
266 silly audit   'electron-to-chromium': [ '1.5.402' ],
266 silly audit   emojilib: [ '2.4.0' ],
266 silly audit   'emojis-list': [ '3.0.0' ],
266 silly audit   emoticon: [ '4.1.0' ],
266 silly audit   encodeurl: [ '2.0.0' ],
266 silly audit   'enhanced-resolve': [ '5.24.2' ],
266 silly audit   entities: [ '4.5.0', '6.0.1', '2.2.0' ],
266 silly audit   'error-ex': [ '1.3.4' ],
266 silly audit   'es-define-property': [ '1.0.1' ],
266 silly audit   'es-errors': [ '1.3.0' ],
266 silly audit   'es-module-lexer': [ '2.3.1' ],
266 silly audit   'es-object-atoms': [ '1.1.2' ],
266 silly audit   'esast-util-from-estree': [ '2.0.0' ],
266 silly audit   'esast-util-from-js': [ '2.0.1' ],
266 silly audit   escalade: [ '3.2.0' ],
266 silly audit   'escape-goat': [ '4.0.0' ],
266 silly audit   'escape-html': [ '1.0.3' ],
266 silly audit   'escape-string-regexp': [ '4.0.0', '5.0.0' ],
266 silly audit   'eslint-scope': [ '5.1.1' ],
266 silly audit   esrecurse: [ '4.3.0' ],
266 silly audit   estraverse: [ '5.3.0', '4.3.0' ],
266 silly audit   'estree-util-attach-comments': [ '3.0.0' ],
266 silly audit   'estree-util-build-jsx': [ '3.0.1' ],
266 silly audit   'estree-util-is-identifier-name': [ '3.0.0' ],
266 silly audit   'estree-util-scope': [ '1.0.0' ],
266 silly audit   'estree-util-to-js': [ '2.0.0' ],
266 silly audit   'estree-util-value-to-estree': [ '3.5.0' ],
266 silly audit   'estree-util-visit': [ '2.0.0' ],
266 silly audit   'estree-walker': [ '3.0.3' ],
266 silly audit   esutils: [ '2.0.3' ],
266 silly audit   eta: [ '2.2.0' ],
266 silly audit   etag: [ '1.8.1' ],
266 silly audit   eval: [ '0.1.8' ],
266 silly audit   eventemitter3: [ '4.0.7' ],
266 silly audit   events: [ '3.3.0' ],
266 silly audit   execa: [ '5.1.1' ],
266 silly audit   express: [ '4.22.2' ],
266 silly audit   'path-to-regexp': [ '0.1.13', '1.9.0', '3.3.0' ],
266 silly audit   'range-parser': [ '1.2.1', '1.2.0', '1.3.0' ],
266 silly audit   extend: [ '3.0.2' ],
266 silly audit   'extend-shallow': [ '2.0.1' ],
266 silly audit   'fast-deep-equal': [ '3.1.3' ],
266 silly audit   'fast-glob': [ '3.3.3' ],
266 silly audit   'fast-json-stable-stringify': [ '2.1.0' ],
266 silly audit   'fast-uri': [ '3.1.5' ],
266 silly audit   fastq: [ '1.20.1' ],
266 silly audit   fault: [ '2.0.1' ],
266 silly audit   'faye-websocket': [ '0.11.4' ],
266 silly audit   feed: [ '4.2.2' ],
266 silly audit   'file-loader': [ '6.2.0' ],
266 silly audit   'json-schema-traverse': [ '0.4.1', '1.0.0' ],
266 silly audit   'schema-utils': [ '3.3.0', '4.3.3' ],
266 silly audit   'fill-range': [ '7.1.1' ],
266 silly audit   finalhandler: [ '1.3.2' ],
266 silly audit   'find-cache-dir': [ '4.0.0' ],
266 silly audit   'find-up': [ '6.3.0' ],
266 silly audit   flat: [ '5.0.2' ],
266 silly audit   'follow-redirects': [ '1.16.0' ],
266 silly audit   'form-data-encoder': [ '2.1.4' ],
266 silly audit   format: [ '0.2.2' ],
266 silly audit   forwarded: [ '0.2.0' ],
266 silly audit   'fraction.js': [ '5.3.4' ],
266 silly audit   fresh: [ '0.5.2' ],
266 silly audit   'fs-extra': [ '11.3.6' ],
266 silly audit   fsevents: [ '2.3.3' ],
266 silly audit   'function-bind': [ '1.1.2' ],
266 silly audit   gensync: [ '1.0.0-beta.2' ],
266 silly audit   'get-intrinsic': [ '1.3.0' ],
266 silly audit   'get-own-enumerable-property-symbols': [ '3.0.2' ],
266 silly audit   'get-proto': [ '1.0.1' ],
266 silly audit   'get-stream': [ '6.0.1' ],
266 silly audit   'github-slugger': [ '1.5.0' ],
266 silly audit   'glob-to-regex.js': [ '1.2.0' ],
266 silly audit   'global-dirs': [ '3.0.1' ],
266 silly audit   gopd: [ '1.2.0' ],
266 silly audit   got: [ '12.6.1' ],
266 silly audit   'gzip-size': [ '6.0.0' ],
266 silly audit   'handle-thing': [ '2.0.1' ],
266 silly audit   'has-flag': [ '4.0.0' ],
266 silly audit   'has-property-descriptors': [ '1.0.2' ],
266 silly audit   'has-symbols': [ '1.1.0' ],
266 silly audit   'has-yarn': [ '3.0.0' ],
266 silly audit   hasown: [ '2.0.4' ],
266 silly audit   'hast-util-from-parse5': [ '8.0.3' ],
266 silly audit   'hast-util-parse-selector': [ '4.0.0' ],
266 silly audit   'hast-util-raw': [ '9.1.0' ],
266 silly audit   'hast-util-to-estree': [ '3.1.3' ],
266 silly audit   'hast-util-to-jsx-runtime': [ '2.3.6' ],
266 silly audit   'hast-util-to-parse5': [ '8.0.1' ],
266 silly audit   'hast-util-whitespace': [ '3.0.0' ],
266 silly audit   hastscript: [ '9.0.1' ],
266 silly audit   he: [ '1.2.0' ],
266 silly audit   history: [ '4.10.1' ],
266 silly audit   'hoist-non-react-statics': [ '3.3.2' ],
266 silly audit   'hpack.js': [ '2.1.6' ],
266 silly audit   isarray: [ '1.0.0', '0.0.1' ],
266 silly audit   'readable-stream': [ '2.3.8', '3.6.2' ],
266 silly audit   'safe-buffer': [ '5.1.2', '5.2.1' ],
266 silly audit   string_decoder: [ '1.1.1', '1.3.0' ],
266 silly audit   'html-escaper': [ '2.0.2' ],
266 silly audit   'html-minifier-terser': [ '7.2.0', '6.1.0' ],
266 silly audit   'html-tags': [ '3.3.1' ],
266 silly audit   'html-void-elements': [ '3.0.0' ],
266 silly audit   'html-webpack-plugin': [ '5.6.7' ],
266 silly audit   htmlparser2: [ '8.0.2', '6.1.0' ],
266 silly audit   'http-cache-semantics': [ '4.2.0' ],
266 silly audit   'http-deceiver': [ '1.2.7' ],
266 silly audit   'http-errors': [ '2.0.1', '1.8.1' ],
266 silly audit   'http-parser-js': [ '0.5.10' ],
266 silly audit   'http-proxy': [ '1.18.1' ],
266 silly audit   'http-proxy-middleware': [ '2.0.10' ],
266 silly audit   'is-plain-obj': [ '3.0.0', '4.1.0' ],
266 silly audit   'http2-wrapper': [ '2.2.1' ],
266 silly audit   'human-signals': [ '2.1.0' ],
266 silly audit   hyperdyperid: [ '1.2.0' ],
266 silly audit   'iconv-lite': [ '0.4.24' ],
266 silly audit   'icss-utils': [ '5.1.0' ],
266 silly audit   ignore: [ '5.3.2' ],
266 silly audit   'image-size': [ '2.0.2' ],
266 silly audit   'import-fresh': [ '3.3.1' ],
266 silly audit   'import-lazy': [ '4.0.0' ],
266 silly audit   imurmurhash: [ '0.1.4' ],
266 silly audit   'indent-string': [ '4.0.0' ],
266 silly audit   infima: [ '0.2.0-alpha.45' ],
266 silly audit   inherits: [ '2.0.4' ],
266 silly audit   'inline-style-parser': [ '0.2.7' ],
266 silly audit   invariant: [ '2.2.4' ],
266 silly audit   'ipaddr.js': [ '2.5.0', '1.9.1' ],
266 silly audit   'is-alphabetical': [ '2.0.1' ],
266 silly audit   'is-alphanumerical': [ '2.0.1' ],
266 silly audit   'is-arrayish': [ '0.2.1' ],
266 silly audit   'is-binary-path': [ '2.1.0' ],
266 silly audit   'is-ci': [ '3.0.1' ],
266 silly audit   'is-core-module': [ '2.16.2' ],
266 silly audit   'is-decimal': [ '2.0.1' ],
266 silly audit   'is-docker': [ '2.2.1', '3.0.0' ],
266 silly audit   'is-extendable': [ '0.1.1' ],
266 silly audit   'is-extglob': [ '2.1.1' ],
266 silly audit   'is-fullwidth-code-point': [ '3.0.0' ],
266 silly audit   'is-glob': [ '4.0.3' ],
266 silly audit   'is-hexadecimal': [ '2.0.1' ],
266 silly audit   'is-inside-container': [ '1.0.0' ],
266 silly audit   'is-installed-globally': [ '0.4.0' ],
266 silly audit   'is-network-error': [ '1.3.2' ],
266 silly audit   'is-npm': [ '6.1.0' ],
266 silly audit   'is-number': [ '7.0.0' ],
266 silly audit   'is-path-inside': [ '3.0.3' ],
266 silly audit   'is-plain-object': [ '2.0.4' ],
266 silly audit   'is-regexp': [ '1.0.0' ],
266 silly audit   'is-stream': [ '2.0.1' ],
266 silly audit   'is-typedarray': [ '1.0.0' ],
266 silly audit   'is-wsl': [ '2.2.0', '3.1.1' ],
266 silly audit   'is-yarn-global': [ '0.4.1' ],
266 silly audit   isexe: [ '2.0.0' ],
266 silly audit   isobject: [ '3.0.1' ],
266 silly audit   'jest-util': [ '29.7.0' ],
266 silly audit   'jest-worker': [ '29.7.0', '27.5.1' ],
266 silly audit   'supports-color': [ '8.1.1', '7.2.0' ],
266 silly audit   jiti: [ '1.21.7' ],
266 silly audit   joi: [ '17.13.4' ],
266 silly audit   'js-tokens': [ '4.0.0' ],
266 silly audit   'js-yaml': [ '4.3.1' ],
266 silly audit   jsesc: [ '3.1.0' ],
266 silly audit   'json-buffer': [ '3.0.1' ],
266 silly audit   'json-parse-even-better-errors': [ '2.3.1' ],
266 silly audit   json5: [ '2.2.3' ],
266 silly audit   jsonfile: [ '6.2.1' ],
266 silly audit   keyv: [ '4.5.4' ],
266 silly audit   'kind-of': [ '6.0.3' ],
266 silly audit   kleur: [ '3.0.3' ],
266 silly audit   'latest-version': [ '7.0.0' ],
266 silly audit   'launch-editor': [ '2.14.1' ],
266 silly audit   leven: [ '3.1.0' ],
266 silly audit   lilconfig: [ '3.1.3' ],
266 silly audit   'lines-and-columns': [ '1.2.4' ],
266 silly audit   'loader-runner': [ '4.3.2' ],
266 silly audit   'loader-utils': [ '2.0.4' ],
266 silly audit   'locate-path': [ '7.2.0' ],
266 silly audit   lodash: [ '4.18.1' ],
266 silly audit   'lodash.debounce': [ '4.0.8' ],
266 silly audit   'lodash.memoize': [ '4.1.2' ],
266 silly audit   'lodash.uniq': [ '4.5.0' ],
266 silly audit   'longest-streak': [ '3.1.0' ],
266 silly audit   'loose-envify': [ '1.4.0' ],
266 silly audit   'lower-case': [ '2.0.2' ],
266 silly audit   'lowercase-keys': [ '3.0.0' ],
266 silly audit   'lru-cache': [ '5.1.1' ],
266 silly audit   'markdown-extensions': [ '2.0.0' ],
266 silly audit   'markdown-table': [ '3.0.4' ],
266 silly audit   'math-intrinsics': [ '1.1.0' ],
266 silly audit   'mdast-util-directive': [ '3.1.0' ],
266 silly audit   'mdast-util-find-and-replace': [ '3.0.2' ],
266 silly audit   'mdast-util-from-markdown': [ '2.0.3' ],
266 silly audit   'micromark-util-symbol': [ '2.0.1', '1.1.0' ],
266 silly audit   'mdast-util-frontmatter': [ '2.0.1' ],
266 silly audit   'mdast-util-gfm': [ '3.1.0' ],
266 silly audit   'mdast-util-gfm-autolink-literal': [ '2.0.1' ],
266 silly audit   'micromark-util-character': [ '2.1.1', '1.2.0' ],
266 silly audit   'mdast-util-gfm-footnote': [ '2.1.0' ],
266 silly audit   'mdast-util-gfm-strikethrough': [ '2.0.0' ],
266 silly audit   'mdast-util-gfm-table': [ '2.0.0' ],
266 silly audit   'mdast-util-gfm-task-list-item': [ '2.0.0' ],
266 silly audit   'mdast-util-mdx': [ '3.0.0' ],
266 silly audit   'mdast-util-mdx-expression': [ '2.0.1' ],
266 silly audit   'mdast-util-mdx-jsx': [ '3.2.0' ],
266 silly audit   'mdast-util-mdxjs-esm': [ '2.0.1' ],
266 silly audit   'mdast-util-phrasing': [ '4.1.0' ],
266 silly audit   'mdast-util-to-hast': [ '13.2.1' ],
266 silly audit   'mdast-util-to-markdown': [ '2.1.2' ],
266 silly audit   'mdast-util-to-string': [ '4.0.0' ],
266 silly audit   'media-typer': [ '0.3.0' ],
266 silly audit   memfs: [ '4.68.0' ],
266 silly audit   'merge-descriptors': [ '1.0.3' ],
266 silly audit   'merge-stream': [ '2.0.0' ],
266 silly audit   merge2: [ '1.4.1' ],
266 silly audit   methods: [ '1.1.2' ],
266 silly audit   micromark: [ '4.0.2' ],
266 silly audit   'micromark-core-commonmark': [ '2.0.3' ],
266 silly audit   'micromark-factory-space': [ '2.0.1', '1.1.0' ],
266 silly audit   'micromark-extension-directive': [ '3.0.2' ],
266 silly audit   'micromark-extension-frontmatter': [ '2.0.0' ],
266 silly audit   'micromark-extension-gfm': [ '3.0.0' ],
266 silly audit   'micromark-extension-gfm-autolink-literal': [ '2.1.0' ],
266 silly audit   'micromark-extension-gfm-footnote': [ '2.1.0' ],
266 silly audit   'micromark-extension-gfm-strikethrough': [ '2.1.0' ],
266 silly audit   'micromark-extension-gfm-table': [ '2.1.1' ],
266 silly audit   'micromark-extension-gfm-tagfilter': [ '2.0.0' ],
266 silly audit   'micromark-extension-gfm-task-list-item': [ '2.1.0' ],
266 silly audit   'micromark-extension-mdx-expression': [ '3.0.1' ],
266 silly audit   'micromark-extension-mdx-jsx': [ '3.0.2' ],
266 silly audit   'micromark-extension-mdx-md': [ '2.0.0' ],
266 silly audit   'micromark-extension-mdxjs': [ '3.0.0' ],
266 silly audit   'micromark-extension-mdxjs-esm': [ '3.0.0' ],
266 silly audit   'micromark-factory-destination': [ '2.0.1' ],
266 silly audit   'micromark-factory-label': [ '2.0.1' ],
266 silly audit   'micromark-factory-mdx-expression': [ '2.0.3' ],
266 silly audit   'micromark-util-types': [ '1.1.0', '2.0.2' ],
266 silly audit   'micromark-factory-title': [ '2.0.1' ],
266 silly audit   'micromark-factory-whitespace': [ '2.0.1' ],
266 silly audit   'micromark-util-chunked': [ '2.0.1' ],
266 silly audit   'micromark-util-classify-character': [ '2.0.1' ],
266 silly audit   'micromark-util-combine-extensions': [ '2.0.1' ],
266 silly audit   'micromark-util-decode-numeric-character-reference': [ '2.0.2' ],
266 silly audit   'micromark-util-decode-string': [ '2.0.1' ],
266 silly audit   'micromark-util-encode': [ '2.0.1' ],
266 silly audit   'micromark-util-events-to-acorn': [ '2.0.3' ],
266 silly audit   'micromark-util-html-tag-name': [ '2.0.1' ],
266 silly audit   'micromark-util-normalize-identifier': [ '2.0.1' ],
266 silly audit   'micromark-util-resolve-all': [ '2.0.1' ],
266 silly audit   'micromark-util-sanitize-uri': [ '2.0.1' ],
266 silly audit   'micromark-util-subtokenize': [ '2.1.0' ],
266 silly audit   micromatch: [ '4.0.8' ],
266 silly audit   mime: [ '1.6.0' ],
266 silly audit   'mimic-fn': [ '2.1.0' ],
266 silly audit   'mini-css-extract-plugin': [ '2.10.2' ],
266 silly audit   'minimalistic-assert': [ '1.0.1' ],
266 silly audit   minimatch: [ '3.1.5' ],
266 silly audit   minimist: [ '1.2.8' ],
266 silly audit   'minimizer-webpack-plugin': [ '5.6.1' ],
266 silly audit   mrmime: [ '2.0.1' ],
266 silly audit   'multicast-dns': [ '7.2.5' ],
266 silly audit   nanoid: [ '3.3.18' ],
266 silly audit   'neo-async': [ '2.6.2' ],
266 silly audit   'no-case': [ '3.0.4' ],
266 silly audit   'node-emoji': [ '2.2.0' ],
266 silly audit   'node-releases': [ '2.0.51' ],
266 silly audit   'normalize-path': [ '3.0.0' ],
266 silly audit   'normalize-url': [ '8.1.1' ],
266 silly audit   'npm-run-path': [ '4.0.1' ],
266 silly audit   nprogress: [ '0.2.0' ],
266 silly audit   'nth-check': [ '2.1.1' ],
266 silly audit   'null-loader': [ '4.0.1' ],
266 silly audit   'object-assign': [ '4.1.1' ],
266 silly audit   'object-inspect': [ '1.13.4' ],
266 silly audit   'object-keys': [ '1.1.1' ],
266 silly audit   'object.assign': [ '4.1.7' ],
266 silly audit   obuf: [ '1.1.2' ],
266 silly audit   'on-finished': [ '2.4.1' ],
266 silly audit   'on-headers': [ '1.1.0' ],
266 silly audit   onetime: [ '5.1.2' ],
266 silly audit   open: [ '8.4.2', '10.2.0' ],
266 silly audit   opener: [ '1.5.2' ],
266 silly audit   'p-cancelable': [ '3.0.0' ],
266 silly audit   'p-finally': [ '1.0.0' ],
266 silly audit   'p-limit': [ '4.0.0' ],
266 silly audit   'p-locate': [ '6.0.0' ],
266 silly audit   'p-map': [ '4.0.0' ],
266 silly audit   'p-queue': [ '6.6.2' ],
266 silly audit   'p-retry': [ '6.2.1' ],
266 silly audit   'p-timeout': [ '3.2.0' ],
266 silly audit   'package-json': [ '8.1.1' ],
266 silly audit   'param-case': [ '3.0.4' ],
266 silly audit   'parent-module': [ '1.0.1' ],
266 silly audit   'parse-entities': [ '4.0.2' ],
266 silly audit   'parse-json': [ '5.2.0' ],
266 silly audit   'parse-numeric-range': [ '1.3.0' ],
266 silly audit   parse5: [ '7.3.0' ],
266 silly audit   'parse5-htmlparser2-tree-adapter': [ '7.1.0' ],
266 silly audit   parseurl: [ '1.3.3' ],
266 silly audit   'pascal-case': [ '3.1.2' ],
266 silly audit   'path-exists': [ '5.0.0' ],
266 silly audit   'path-is-inside': [ '1.0.2' ],
266 silly audit   'path-key': [ '3.1.1' ],
266 silly audit   'path-parse': [ '1.0.7' ],
266 silly audit   'path-type': [ '4.0.0' ],
266 silly audit   picocolors: [ '1.1.1' ],
266 silly audit   picomatch: [ '2.3.2' ],
266 silly audit   'pkg-dir': [ '7.0.0' ],
266 silly audit   pkijs: [ '3.4.0' ],
266 silly audit   postcss: [ '8.5.26' ],
266 silly audit   'postcss-attribute-case-insensitive': [ '7.0.1' ],
266 silly audit   'postcss-calc': [ '9.0.1' ],
266 silly audit   'postcss-clamp': [ '4.1.0' ],
266 silly audit   'postcss-color-functional-notation': [ '7.0.12' ],
266 silly audit   'postcss-color-hex-alpha': [ '10.0.0' ],
266 silly audit   'postcss-color-rebeccapurple': [ '10.0.0' ],
266 silly audit   'postcss-colormin': [ '6.1.0' ],
266 silly audit   'postcss-convert-values': [ '6.1.0' ],
266 silly audit   'postcss-custom-media': [ '11.0.6' ],
266 silly audit   'postcss-custom-properties': [ '14.0.6' ],
266 silly audit   'postcss-custom-selectors': [ '8.0.5' ],
266 silly audit   'postcss-dir-pseudo-class': [ '9.0.1' ],
266 silly audit   'postcss-discard-comments': [ '6.0.2' ],
266 silly audit   'postcss-discard-duplicates': [ '6.0.3' ],
266 silly audit   'postcss-discard-empty': [ '6.0.3' ],
266 silly audit   'postcss-discard-overridden': [ '6.0.2' ],
266 silly audit   'postcss-discard-unused': [ '6.0.5' ],
266 silly audit   'postcss-double-position-gradients': [ '6.0.4' ],
266 silly audit   'postcss-focus-visible': [ '10.0.1' ],
266 silly audit   'postcss-focus-within': [ '9.0.1' ],
266 silly audit   'postcss-font-variant': [ '5.0.0' ],
266 silly audit   'postcss-gap-properties': [ '6.0.0' ],
266 silly audit   'postcss-image-set-function': [ '7.0.0' ],
266 silly audit   'postcss-lab-function': [ '7.0.12' ],
266 silly audit   'postcss-loader': [ '7.3.4' ],
266 silly audit   'postcss-logical': [ '8.1.0' ],
266 silly audit   'postcss-merge-idents': [ '6.0.3' ],
266 silly audit   'postcss-merge-longhand': [ '6.0.5' ],
266 silly audit   'postcss-merge-rules': [ '6.1.1' ],
266 silly audit   'postcss-minify-font-values': [ '6.1.0' ],
266 silly audit   'postcss-minify-gradients': [ '6.0.3' ],
266 silly audit   'postcss-minify-params': [ '6.1.0' ],
266 silly audit   'postcss-minify-selectors': [ '6.0.4' ],
266 silly audit   'postcss-modules-extract-imports': [ '3.1.0' ],
266 silly audit   'postcss-modules-local-by-default': [ '4.2.0' ],
266 silly audit   'postcss-modules-scope': [ '3.2.1' ],
266 silly audit   'postcss-modules-values': [ '4.0.0' ],
266 silly audit   'postcss-nesting': [ '13.0.2' ],
266 silly audit   'postcss-normalize-charset': [ '6.0.2' ],
266 silly audit   'postcss-normalize-display-values': [ '6.0.2' ],
266 silly audit   'postcss-normalize-positions': [ '6.0.2' ],
266 silly audit   'postcss-normalize-repeat-style': [ '6.0.2' ],
266 silly audit   'postcss-normalize-string': [ '6.0.2' ],
266 silly audit   'postcss-normalize-timing-functions': [ '6.0.2' ],
266 silly audit   'postcss-normalize-unicode': [ '6.1.0' ],
266 silly audit   'postcss-normalize-url': [ '6.0.2' ],
266 silly audit   'postcss-normalize-whitespace': [ '6.0.2' ],
266 silly audit   'postcss-opacity-percentage': [ '3.0.0' ],
266 silly audit   'postcss-ordered-values': [ '6.0.2' ],
266 silly audit   'postcss-overflow-shorthand': [ '6.0.0' ],
266 silly audit   'postcss-page-break': [ '3.0.4' ],
266 silly audit   'postcss-place': [ '10.0.0' ],
266 silly audit   'postcss-preset-env': [ '10.6.1' ],
266 silly audit   'postcss-pseudo-class-any-link': [ '10.0.1' ],
266 silly audit   'postcss-reduce-idents': [ '6.0.3' ],
266 silly audit   'postcss-reduce-initial': [ '6.1.0' ],
266 silly audit   'postcss-reduce-transforms': [ '6.0.2' ],
266 silly audit   'postcss-replace-overflow-wrap': [ '4.0.0' ],
266 silly audit   'postcss-selector-not': [ '8.0.1' ],
266 silly audit   'postcss-sort-media-queries': [ '5.2.0' ],
266 silly audit   'postcss-svgo': [ '6.0.3' ],
266 silly audit   'postcss-unique-selectors': [ '6.0.4' ],
266 silly audit   'postcss-value-parser': [ '4.2.0' ],
266 silly audit   'postcss-zindex': [ '6.0.2' ],
266 silly audit   'pretty-error': [ '4.0.0' ],
266 silly audit   'pretty-time': [ '1.1.0' ],
266 silly audit   'prism-react-renderer': [ '2.4.1' ],
266 silly audit   prismjs: [ '1.30.0' ],
266 silly audit   'process-nextick-args': [ '2.0.1' ],
266 silly audit   prompts: [ '2.4.2' ],
266 silly audit   'prop-types': [ '15.8.1' ],
266 silly audit   'property-information': [ '7.2.0' ],
266 silly audit   'proto-list': [ '1.2.4' ],
266 silly audit   'proxy-addr': [ '2.0.7' ],
266 silly audit   punycode: [ '2.3.1' ],
266 silly audit   pupa: [ '3.3.0' ],
266 silly audit   pvtsutils: [ '1.3.6' ],
266 silly audit   pvutils: [ '1.2.0' ],
266 silly audit   qs: [ '6.15.3' ],
266 silly audit   'queue-microtask': [ '1.2.3' ],
266 silly audit   'quick-lru': [ '5.1.1' ],
266 silly audit   randombytes: [ '2.1.0' ],
266 silly audit   'raw-body': [ '2.5.3' ],
266 silly audit   rc: [ '1.2.8' ],
266 silly audit   'strip-json-comments': [ '2.0.1', '3.1.1' ],
266 silly audit   react: [ '19.2.7' ],
266 silly audit   'react-dom': [ '19.2.7' ],
266 silly audit   'react-fast-compare': [ '3.2.2' ],
266 silly audit   '@slorber/react-helmet-async': [ '1.3.0' ],
266 silly audit   'react-is': [ '16.13.1' ],
266 silly audit   'react-json-view-lite': [ '2.5.0' ],
266 silly audit   '@docusaurus/react-loadable': [ '6.0.0' ],
266 silly audit   'react-loadable-ssr-addon-v5-slorber': [ '1.0.3' ],
266 silly audit   'react-router': [ '5.3.4' ],
266 silly audit   'react-router-config': [ '5.1.1' ],
266 silly audit   'react-router-dom': [ '5.3.4' ],
266 silly audit   readdirp: [ '3.6.0' ],
266 silly audit   'recma-build-jsx': [ '1.0.0' ],
266 silly audit   'recma-jsx': [ '1.0.1' ],
266 silly audit   'recma-parse': [ '1.0.0' ],
266 silly audit   'recma-stringify': [ '1.0.0' ],
266 silly audit   'reflect-metadata': [ '0.2.2' ],
266 silly audit   regenerate: [ '1.4.2' ],
266 silly audit   'regenerate-unicode-properties': [ '10.2.2' ],
266 silly audit   'regexpu-core': [ '6.4.0' ],
266 silly audit   'registry-auth-token': [ '5.1.1' ],
266 silly audit   'registry-url': [ '6.0.1' ],
266 silly audit   regjsgen: [ '0.8.0' ],
266 silly audit   regjsparser: [ '0.13.2' ],
266 silly audit   'rehype-raw': [ '7.0.0' ],
266 silly audit   'rehype-recma': [ '1.0.0' ],
266 silly audit   relateurl: [ '0.2.7' ],
266 silly audit   'remark-directive': [ '3.0.1' ],
266 silly audit   'remark-emoji': [ '4.0.1' ],
266 silly audit   'remark-frontmatter': [ '5.0.0' ],
266 silly audit   'remark-gfm': [ '4.0.1' ],
266 silly audit   'remark-mdx': [ '3.1.1' ],
266 silly audit   'remark-parse': [ '11.0.0' ],
266 silly audit   'remark-rehype': [ '11.1.2' ],
266 silly audit   'remark-stringify': [ '11.0.0' ],
266 silly audit   renderkid: [ '3.0.0' ],
266 silly audit   'require-from-string': [ '2.0.2' ],
266 silly audit   'require-like': [ '0.1.2' ],
266 silly audit   'requires-port': [ '1.0.0' ],
266 silly audit   resolve: [ '1.22.12' ],
266 silly audit   'resolve-alpn': [ '1.2.1' ],
266 silly audit   'resolve-from': [ '4.0.0' ],
266 silly audit   'resolve-pathname': [ '3.0.0' ],
266 silly audit   responselike: [ '3.0.0' ],
266 silly audit   retry: [ '0.13.1' ],
266 silly audit   reusify: [ '1.1.0' ],
266 silly audit   rtlcss: [ '4.3.0' ],
266 silly audit   'run-applescript': [ '7.1.0' ],
266 silly audit   'run-parallel': [ '1.2.0' ],
266 silly audit   'safer-buffer': [ '2.1.2' ],
266 silly audit   sax: [ '1.6.1' ],
266 silly audit   scheduler: [ '0.27.0' ],
266 silly audit   'schema-dts': [ '1.1.5' ],
266 silly audit   'section-matter': [ '1.0.0' ],
266 silly audit   'select-hose': [ '2.0.0' ],
266 silly audit   selfsigned: [ '5.5.0' ],
266 silly audit   'semver-diff': [ '4.0.0' ],
266 silly audit   send: [ '0.19.2' ],
266 silly audit   'serialize-javascript': [ '6.0.2' ],
266 silly audit   'serve-handler': [ '6.1.7' ],
266 silly audit   'serve-index': [ '1.9.2' ],
266 silly audit   statuses: [ '1.5.0', '2.0.2' ],
266 silly audit   'serve-static': [ '1.16.3' ],
266 silly audit   'set-function-length': [ '1.2.2' ],
266 silly audit   setprototypeof: [ '1.2.0' ],
266 silly audit   'shallow-clone': [ '3.0.1' ],
266 silly audit   shallowequal: [ '1.1.0' ],
266 silly audit   'shebang-command': [ '2.0.0' ],
266 silly audit   'shebang-regex': [ '3.0.0' ],
266 silly audit   'shell-quote': [ '1.10.0' ],
266 silly audit   'side-channel': [ '1.1.1' ],
266 silly audit   'side-channel-list': [ '1.0.1' ],
266 silly audit   'side-channel-map': [ '1.0.1' ],
266 silly audit   'side-channel-weakmap': [ '1.0.2' ],
266 silly audit   'signal-exit': [ '3.0.7' ],
266 silly audit   sirv: [ '2.0.4' ],
266 silly audit   sisteransi: [ '1.0.5' ],
266 silly audit   sitemap: [ '7.1.3' ],
266 silly audit   'skin-tone': [ '2.0.0' ],
266 silly audit   'snake-case': [ '3.0.4' ],
266 silly audit   sockjs: [ '0.3.24' ],
266 silly audit   'sort-css-media-queries': [ '2.2.0' ],
266 silly audit   'source-map-js': [ '1.2.1' ],
266 silly audit   'source-map-support': [ '0.5.21' ],
266 silly audit   'space-separated-tokens': [ '2.0.2' ],
266 silly audit   spdy: [ '4.0.2' ],
266 silly audit   'spdy-transport': [ '3.0.0' ],
266 silly audit   srcset: [ '4.0.0' ],
266 silly audit   'std-env': [ '3.10.0' ],
266 silly audit   'strip-ansi': [ '7.2.0', '6.0.1' ],
266 silly audit   'stringify-entities': [ '4.0.4' ],
266 silly audit   'stringify-object': [ '3.3.0' ],
266 silly audit   'strip-bom-string': [ '1.0.0' ],
266 silly audit   'strip-final-newline': [ '2.0.0' ],
266 silly audit   'style-to-js': [ '1.1.21' ],
266 silly audit   'style-to-object': [ '1.0.14' ],
266 silly audit   stylehacks: [ '6.1.1' ],
266 silly audit   'supports-preserve-symlinks-flag': [ '1.0.0' ],
266 silly audit   'svg-parser': [ '2.0.4' ],
266 silly audit   svgo: [ '3.3.4' ],
266 silly audit   tapable: [ '2.3.3' ],
266 silly audit   terser: [ '5.49.0' ],
266 silly audit   'terser-webpack-plugin': [ '5.6.1' ],
266 silly audit   thingies: [ '2.6.1' ],
266 silly audit   thunky: [ '1.1.0' ],
266 silly audit   'tiny-invariant': [ '1.3.3' ],
266 silly audit   'tiny-warning': [ '1.0.3' ],
266 silly audit   tinypool: [ '1.1.1' ],
266 silly audit   'to-regex-range': [ '5.0.1' ],
266 silly audit   toidentifier: [ '1.0.1' ],
266 silly audit   totalist: [ '3.0.1' ],
266 silly audit   'tree-dump': [ '1.1.0' ],
266 silly audit   'trim-lines': [ '3.0.1' ],
266 silly audit   trough: [ '2.2.0' ],
266 silly audit   tslib: [ '2.8.1', '1.14.1' ],
266 silly audit   tsyringe: [ '4.10.0' ],
266 silly audit   'type-is': [ '1.6.18' ],
266 silly audit   'typedarray-to-buffer': [ '3.1.5' ],
266 silly audit   'undici-types': [ '8.3.0' ],
266 silly audit   'unicode-canonical-property-names-ecmascript': [ '2.0.1' ],
266 silly audit   'unicode-emoji-modifier-base': [ '1.0.0' ],
266 silly audit   'unicode-match-property-ecmascript': [ '2.0.0' ],
266 silly audit   'unicode-match-property-value-ecmascript': [ '2.2.1' ],
266 silly audit   'unicode-property-aliases-ecmascript': [ '2.2.0' ],
266 silly audit   unified: [ '11.0.5' ],
266 silly audit   'unique-string': [ '3.0.0' ],
266 silly audit   'unist-util-is': [ '6.0.1' ],
266 silly audit   'unist-util-position': [ '5.0.0' ],
266 silly audit   'unist-util-position-from-estree': [ '2.0.0' ],
266 silly audit   'unist-util-stringify-position': [ '4.0.0' ],
266 silly audit   'unist-util-visit': [ '5.1.0' ],
266 silly audit   'unist-util-visit-parents': [ '6.0.2' ],
266 silly audit   universalify: [ '2.0.1' ],
266 silly audit   unpipe: [ '1.0.0' ],
266 silly audit   'update-browserslist-db': [ '1.2.3' ],
266 silly audit   'update-notifier': [ '6.0.2' ],
266 silly audit   'uri-js': [ '4.4.1' ],
266 silly audit   'url-loader': [ '4.1.1' ],
266 silly audit   'util-deprecate': [ '1.0.2' ],
266 silly audit   utila: [ '0.4.0' ],
266 silly audit   'utility-types': [ '3.11.0' ],
266 silly audit   'utils-merge': [ '1.0.1' ],
266 silly audit   uuid: [ '8.3.2' ],
266 silly audit   'value-equal': [ '1.0.1' ],
266 silly audit   vary: [ '1.1.2' ],
266 silly audit   vfile: [ '6.0.3' ],
266 silly audit   'vfile-location': [ '5.0.3' ],
266 silly audit   'vfile-message': [ '4.0.3' ],
266 silly audit   watchpack: [ '2.5.2' ],
266 silly audit   wbuf: [ '1.7.3' ],
266 silly audit   'web-namespaces': [ '2.0.1' ],
266 silly audit   webpack: [ '5.108.4' ],
266 silly audit   'webpack-bundle-analyzer': [ '4.10.2' ],
266 silly audit   'webpack-dev-middleware': [ '7.4.5' ],
266 silly audit   'webpack-dev-server': [ '5.2.6' ],
266 silly audit   ws: [ '8.21.3', '7.5.12' ],
266 silly audit   'webpack-sources': [ '3.5.1' ],
266 silly audit   webpackbar: [ '7.0.0' ],
266 silly audit   'websocket-driver': [ '0.7.5' ],
266 silly audit   'websocket-extensions': [ '0.1.4' ],
266 silly audit   which: [ '2.0.2' ],
266 silly audit   'widest-line': [ '4.0.1' ],
266 silly audit   wildcard: [ '2.0.1' ],
266 silly audit   'wrap-ansi': [ '8.1.0' ],
266 silly audit   'write-file-atomic': [ '3.0.3' ],
266 silly audit   'wsl-utils': [ '0.1.0' ],
266 silly audit   'xdg-basedir': [ '5.1.0' ],
266 silly audit   'xml-js': [ '1.6.11' ],
266 silly audit   yallist: [ '3.1.1' ],
266 silly audit   'yocto-queue': [ '1.2.2' ],
266 silly audit   zwitch: [ '2.0.4' ]
266 silly audit }
267 http cache yocto-queue@https://registry.npmjs.org/yocto-queue/-/yocto-queue-1.2.2.tgz 1ms (cache hit)
268 http cache yallist@https://registry.npmjs.org/yallist/-/yallist-3.1.1.tgz 0ms (cache hit)
269 http cache zwitch@https://registry.npmjs.org/zwitch/-/zwitch-2.0.4.tgz 0ms (cache hit)
270 http cache xml-js@https://registry.npmjs.org/xml-js/-/xml-js-1.6.11.tgz 0ms (cache hit)
271 http cache xdg-basedir@https://registry.npmjs.org/xdg-basedir/-/xdg-basedir-5.1.0.tgz 0ms (cache hit)
272 http cache write-file-atomic@https://registry.npmjs.org/write-file-atomic/-/write-file-atomic-3.0.3.tgz 0ms (cache hit)
273 http cache webpack-merge@https://registry.npmjs.org/webpack-merge/-/webpack-merge-5.10.0.tgz 0ms (cache hit)
274 http cache web-namespaces@https://registry.npmjs.org/web-namespaces/-/web-namespaces-2.0.1.tgz 0ms (cache hit)
275 http cache vfile-location@https://registry.npmjs.org/vfile-location/-/vfile-location-5.0.3.tgz 0ms (cache hit)
276 http cache widest-line@https://registry.npmjs.org/widest-line/-/widest-line-4.0.1.tgz 0ms (cache hit)
277 http cache ws@https://registry.npmjs.org/ws/-/ws-7.5.12.tgz 0ms (cache hit)
278 http cache vfile-message@https://registry.npmjs.org/vfile-message/-/vfile-message-4.0.3.tgz 0ms (cache hit)
279 http cache value-equal@https://registry.npmjs.org/value-equal/-/value-equal-1.0.1.tgz 0ms (cache hit)
280 http cache which@https://registry.npmjs.org/which/-/which-2.0.2.tgz 0ms (cache hit)
281 http cache utility-types@https://registry.npmjs.org/utility-types/-/utility-types-3.11.0.tgz 0ms (cache hit)
282 http cache utils-merge@https://registry.npmjs.org/utils-merge/-/utils-merge-1.0.1.tgz 0ms (cache hit)
283 http cache utila@https://registry.npmjs.org/utila/-/utila-0.4.0.tgz 0ms (cache hit)
284 http cache wbuf@https://registry.npmjs.org/wbuf/-/wbuf-1.7.3.tgz 0ms (cache hit)
285 http cache util-deprecate@https://registry.npmjs.org/util-deprecate/-/util-deprecate-1.0.2.tgz 0ms (cache hit)
286 http cache vfile@https://registry.npmjs.org/vfile/-/vfile-6.0.3.tgz 0ms (cache hit)
287 http cache unpipe@https://registry.npmjs.org/unpipe/-/unpipe-1.0.0.tgz 0ms (cache hit)
288 http cache update-browserslist-db@https://registry.npmjs.org/update-browserslist-db/-/update-browserslist-db-1.2.3.tgz 0ms (cache hit)
289 http cache unist-util-visit-parents@https://registry.npmjs.org/unist-util-visit-parents/-/unist-util-visit-parents-6.0.2.tgz 0ms (cache hit)
290 http cache vary@https://registry.npmjs.org/vary/-/vary-1.1.2.tgz 0ms (cache hit)
291 http cache unist-util-position-from-estree@https://registry.npmjs.org/unist-util-position-from-estree/-/unist-util-position-from-estree-2.0.0.tgz 0ms (cache hit)
292 http cache unist-util-stringify-position@https://registry.npmjs.org/unist-util-stringify-position/-/unist-util-stringify-position-4.0.0.tgz 0ms (cache hit)
293 http cache universalify@https://registry.npmjs.org/universalify/-/universalify-2.0.1.tgz 0ms (cache hit)
294 http cache unist-util-is@https://registry.npmjs.org/unist-util-is/-/unist-util-is-6.0.1.tgz 0ms (cache hit)
295 http cache unist-util-position@https://registry.npmjs.org/unist-util-position/-/unist-util-position-5.0.0.tgz 0ms (cache hit)
296 http cache unified@https://registry.npmjs.org/unified/-/unified-11.0.5.tgz 0ms (cache hit)
297 http cache unist-util-visit@https://registry.npmjs.org/unist-util-visit/-/unist-util-visit-5.1.0.tgz 0ms (cache hit)
298 http cache unique-string@https://registry.npmjs.org/unique-string/-/unique-string-3.0.0.tgz 0ms (cache hit)
299 http cache unicode-property-aliases-ecmascript@https://registry.npmjs.org/unicode-property-aliases-ecmascript/-/unicode-property-aliases-ecmascript-2.2.0.tgz 0ms (cache hit)
300 http cache unicode-match-property-value-ecmascript@https://registry.npmjs.org/unicode-match-property-value-ecmascript/-/unicode-match-property-value-ecmascript-2.2.1.tgz 0ms (cache hit)
301 http cache typedarray-to-buffer@https://registry.npmjs.org/typedarray-to-buffer/-/typedarray-to-buffer-3.1.5.tgz 0ms (cache hit)
302 http cache unicode-match-property-ecmascript@https://registry.npmjs.org/unicode-match-property-ecmascript/-/unicode-match-property-ecmascript-2.0.0.tgz 0ms (cache hit)
303 http cache unicode-canonical-property-names-ecmascript@https://registry.npmjs.org/unicode-canonical-property-names-ecmascript/-/unicode-canonical-property-names-ecmascript-2.0.1.tgz 0ms (cache hit)
304 http cache undici-types@https://registry.npmjs.org/undici-types/-/undici-types-8.3.0.tgz 0ms (cache hit)
305 http cache unicode-emoji-modifier-base@https://registry.npmjs.org/unicode-emoji-modifier-base/-/unicode-emoji-modifier-base-1.0.0.tgz 0ms (cache hit)
306 http cache tslib@https://registry.npmjs.org/tslib/-/tslib-2.8.1.tgz 0ms (cache hit)
307 http cache trough@https://registry.npmjs.org/trough/-/trough-2.2.0.tgz 0ms (cache hit)
308 http cache to-regex-range@https://registry.npmjs.org/to-regex-range/-/to-regex-range-5.0.1.tgz 0ms (cache hit)
309 http cache type-fest@https://registry.npmjs.org/type-fest/-/type-fest-2.19.0.tgz 0ms (cache hit)
310 http cache trim-lines@https://registry.npmjs.org/trim-lines/-/trim-lines-3.0.1.tgz 0ms (cache hit)
311 http cache totalist@https://registry.npmjs.org/totalist/-/totalist-3.0.1.tgz 0ms (cache hit)
312 http cache tiny-warning@https://registry.npmjs.org/tiny-warning/-/tiny-warning-1.0.3.tgz 0ms (cache hit)
313 http cache thingies@https://registry.npmjs.org/thingies/-/thingies-2.6.1.tgz 0ms (cache hit)
314 http cache tree-dump@https://registry.npmjs.org/tree-dump/-/tree-dump-1.1.0.tgz 0ms (cache hit)
315 http cache toidentifier@https://registry.npmjs.org/toidentifier/-/toidentifier-1.0.1.tgz 0ms (cache hit)
316 http cache tapable@https://registry.npmjs.org/tapable/-/tapable-2.3.3.tgz 0ms (cache hit)
317 http cache style-to-object@https://registry.npmjs.org/style-to-object/-/style-to-object-1.0.14.tgz 0ms (cache hit)
318 http cache strip-final-newline@https://registry.npmjs.org/strip-final-newline/-/strip-final-newline-2.0.0.tgz 0ms (cache hit)
319 http cache thunky@https://registry.npmjs.org/thunky/-/thunky-1.1.0.tgz 0ms (cache hit)
320 http cache svg-parser@https://registry.npmjs.org/svg-parser/-/svg-parser-2.0.4.tgz 0ms (cache hit)
321 http cache supports-color@https://registry.npmjs.org/supports-color/-/supports-color-7.2.0.tgz 0ms (cache hit)
322 http cache style-to-js@https://registry.npmjs.org/style-to-js/-/style-to-js-1.1.21.tgz 0ms (cache hit)
323 http cache supports-preserve-symlinks-flag@https://registry.npmjs.org/supports-preserve-symlinks-flag/-/supports-preserve-symlinks-flag-1.0.0.tgz 0ms (cache hit)
324 http cache strip-json-comments@https://registry.npmjs.org/strip-json-comments/-/strip-json-comments-3.1.1.tgz 0ms (cache hit)
325 http cache strip-ansi@https://registry.npmjs.org/strip-ansi/-/strip-ansi-6.0.1.tgz 0ms (cache hit)
326 http cache strip-bom-string@https://registry.npmjs.org/strip-bom-string/-/strip-bom-string-1.0.0.tgz 0ms (cache hit)
327 http cache string_decoder@https://registry.npmjs.org/string_decoder/-/string_decoder-1.3.0.tgz 0ms (cache hit)
328 http cache stringify-object@https://registry.npmjs.org/stringify-object/-/stringify-object-3.3.0.tgz 0ms (cache hit)
329 http cache statuses@https://registry.npmjs.org/statuses/-/statuses-2.0.2.tgz 0ms (cache hit)
330 http cache std-env@https://registry.npmjs.org/std-env/-/std-env-3.10.0.tgz 0ms (cache hit)
331 http cache source-map-js@https://registry.npmjs.org/source-map-js/-/source-map-js-1.2.1.tgz 0ms (cache hit)
332 http cache srcset@https://registry.npmjs.org/srcset/-/srcset-4.0.0.tgz 0ms (cache hit)
333 http cache source-map@https://registry.npmjs.org/source-map/-/source-map-0.7.6.tgz 0ms (cache hit)
334 http cache space-separated-tokens@https://registry.npmjs.org/space-separated-tokens/-/space-separated-tokens-2.0.2.tgz 0ms (cache hit)
335 http cache sort-css-media-queries@https://registry.npmjs.org/sort-css-media-queries/-/sort-css-media-queries-2.2.0.tgz 0ms (cache hit)
336 http cache sockjs@https://registry.npmjs.org/sockjs/-/sockjs-0.3.24.tgz 0ms (cache hit)
337 http cache slash@https://registry.npmjs.org/slash/-/slash-3.0.0.tgz 0ms (cache hit)
338 http cache sirv@https://registry.npmjs.org/sirv/-/sirv-2.0.4.tgz 0ms (cache hit)
339 http cache skin-tone@https://registry.npmjs.org/skin-tone/-/skin-tone-2.0.0.tgz 0ms (cache hit)
340 http cache side-channel-map@https://registry.npmjs.org/side-channel-map/-/side-channel-map-1.0.1.tgz 0ms (cache hit)
341 http cache signal-exit@https://registry.npmjs.org/signal-exit/-/signal-exit-3.0.7.tgz 0ms (cache hit)
342 http cache sisteransi@https://registry.npmjs.org/sisteransi/-/sisteransi-1.0.5.tgz 0ms (cache hit)
343 http cache snake-case@https://registry.npmjs.org/snake-case/-/snake-case-3.0.4.tgz 0ms (cache hit)
344 http cache side-channel-weakmap@https://registry.npmjs.org/side-channel-weakmap/-/side-channel-weakmap-1.0.2.tgz 0ms (cache hit)
345 http cache side-channel@https://registry.npmjs.org/side-channel/-/side-channel-1.1.1.tgz 0ms (cache hit)
346 http cache side-channel-list@https://registry.npmjs.org/side-channel-list/-/side-channel-list-1.0.1.tgz 0ms (cache hit)
347 http cache shebang-command@https://registry.npmjs.org/shebang-command/-/shebang-command-2.0.0.tgz 0ms (cache hit)
348 http cache shebang-regex@https://registry.npmjs.org/shebang-regex/-/shebang-regex-3.0.0.tgz 0ms (cache hit)
349 http cache shell-quote@https://registry.npmjs.org/shell-quote/-/shell-quote-1.10.0.tgz 0ms (cache hit)
350 http cache shallowequal@https://registry.npmjs.org/shallowequal/-/shallowequal-1.1.0.tgz 0ms (cache hit)
351 http cache shallow-clone@https://registry.npmjs.org/shallow-clone/-/shallow-clone-3.0.1.tgz 0ms (cache hit)
352 http cache setprototypeof@https://registry.npmjs.org/setprototypeof/-/setprototypeof-1.2.0.tgz 0ms (cache hit)
353 http cache serve-static@https://registry.npmjs.org/serve-static/-/serve-static-1.16.3.tgz 0ms (cache hit)
354 http cache serialize-javascript@https://registry.npmjs.org/serialize-javascript/-/serialize-javascript-6.0.2.tgz 0ms (cache hit)
355 http cache semver@https://registry.npmjs.org/semver/-/semver-7.8.5.tgz 0ms (cache hit)
356 http cache select-hose@https://registry.npmjs.org/select-hose/-/select-hose-2.0.0.tgz 0ms (cache hit)
357 http cache semver-diff@https://registry.npmjs.org/semver-diff/-/semver-diff-4.0.0.tgz 0ms (cache hit)
358 http cache sax@https://registry.npmjs.org/sax/-/sax-1.6.1.tgz 0ms (cache hit)
359 http cache section-matter@https://registry.npmjs.org/section-matter/-/section-matter-1.0.0.tgz 0ms (cache hit)
360 http cache schema-dts@https://registry.npmjs.org/schema-dts/-/schema-dts-1.1.5.tgz 0ms (cache hit)
361 http cache safer-buffer@https://registry.npmjs.org/safer-buffer/-/safer-buffer-2.1.2.tgz 0ms (cache hit)
362 http cache scheduler@https://registry.npmjs.org/scheduler/-/scheduler-0.27.0.tgz 0ms (cache hit)
363 http cache run-parallel@https://registry.npmjs.org/run-parallel/-/run-parallel-1.2.0.tgz 0ms (cache hit)
364 http cache run-applescript@https://registry.npmjs.org/run-applescript/-/run-applescript-7.1.0.tgz 0ms (cache hit)
365 http cache rtlcss@https://registry.npmjs.org/rtlcss/-/rtlcss-4.3.0.tgz 0ms (cache hit)
366 http cache retry@https://registry.npmjs.org/retry/-/retry-0.13.1.tgz 0ms (cache hit)
367 http cache resolve-pathname@https://registry.npmjs.org/resolve-pathname/-/resolve-pathname-3.0.0.tgz 0ms (cache hit)
368 http cache safe-buffer@https://registry.npmjs.org/safe-buffer/-/safe-buffer-5.2.1.tgz 0ms (cache hit)
369 http cache resolve-alpn@https://registry.npmjs.org/resolve-alpn/-/resolve-alpn-1.2.1.tgz 0ms (cache hit)
370 http cache responselike@https://registry.npmjs.org/responselike/-/responselike-3.0.0.tgz 0ms (cache hit)
371 http cache resolve-from@https://registry.npmjs.org/resolve-from/-/resolve-from-4.0.0.tgz 0ms (cache hit)
372 http cache set-function-length@https://registry.npmjs.org/set-function-length/-/set-function-length-1.2.2.tgz 0ms (cache hit)
373 http cache remark-parse@https://registry.npmjs.org/remark-parse/-/remark-parse-11.0.0.tgz 0ms (cache hit)
374 http cache remark-rehype@https://registry.npmjs.org/remark-rehype/-/remark-rehype-11.1.2.tgz 0ms (cache hit)
375 http cache remark-stringify@https://registry.npmjs.org/remark-stringify/-/remark-stringify-11.0.0.tgz 0ms (cache hit)
376 http cache require-from-string@https://registry.npmjs.org/require-from-string/-/require-from-string-2.0.2.tgz 0ms (cache hit)
377 http cache remark-mdx@https://registry.npmjs.org/remark-mdx/-/remark-mdx-3.1.1.tgz 0ms (cache hit)
378 http cache remark-emoji@https://registry.npmjs.org/remark-emoji/-/remark-emoji-4.0.1.tgz 0ms (cache hit)
379 http cache remark-frontmatter@https://registry.npmjs.org/remark-frontmatter/-/remark-frontmatter-5.0.0.tgz 0ms (cache hit)
380 http cache rehype-recma@https://registry.npmjs.org/rehype-recma/-/rehype-recma-1.0.0.tgz 0ms (cache hit)
381 http cache remark-gfm@https://registry.npmjs.org/remark-gfm/-/remark-gfm-4.0.1.tgz 0ms (cache hit)
382 http cache remark-directive@https://registry.npmjs.org/remark-directive/-/remark-directive-3.0.1.tgz 0ms (cache hit)
383 http cache requires-port@https://registry.npmjs.org/requires-port/-/requires-port-1.0.0.tgz 0ms (cache hit)
384 http cache regjsgen@https://registry.npmjs.org/regjsgen/-/regjsgen-0.8.0.tgz 0ms (cache hit)
385 http cache regjsparser@https://registry.npmjs.org/regjsparser/-/regjsparser-0.13.2.tgz 0ms (cache hit)
386 http cache registry-url@https://registry.npmjs.org/registry-url/-/registry-url-6.0.1.tgz 0ms (cache hit)
387 http cache regexpu-core@https://registry.npmjs.org/regexpu-core/-/regexpu-core-6.4.0.tgz 0ms (cache hit)
388 http cache regenerate@https://registry.npmjs.org/regenerate/-/regenerate-1.4.2.tgz 0ms (cache hit)
389 http cache regenerate-unicode-properties@https://registry.npmjs.org/regenerate-unicode-properties/-/regenerate-unicode-properties-10.2.2.tgz 0ms (cache hit)
390 http cache recma-stringify@https://registry.npmjs.org/recma-stringify/-/recma-stringify-1.0.0.tgz 0ms (cache hit)
391 http cache rehype-raw@https://registry.npmjs.org/rehype-raw/-/rehype-raw-7.0.0.tgz 0ms (cache hit)
392 http cache registry-auth-token@https://registry.npmjs.org/registry-auth-token/-/registry-auth-token-5.1.1.tgz 0ms (cache hit)
393 http cache reflect-metadata@https://registry.npmjs.org/reflect-metadata/-/reflect-metadata-0.2.2.tgz 0ms (cache hit)
394 http cache recma-parse@https://registry.npmjs.org/recma-parse/-/recma-parse-1.0.0.tgz 0ms (cache hit)
395 http cache recma-jsx@https://registry.npmjs.org/recma-jsx/-/recma-jsx-1.0.1.tgz 0ms (cache hit)
396 http cache readdirp@https://registry.npmjs.org/readdirp/-/readdirp-3.6.0.tgz 0ms (cache hit)
397 http cache recma-build-jsx@https://registry.npmjs.org/recma-build-jsx/-/recma-build-jsx-1.0.0.tgz 0ms (cache hit)
398 http cache react-router@https://registry.npmjs.org/react-router/-/react-router-5.3.4.tgz 0ms (cache hit)
399 http cache react-fast-compare@https://registry.npmjs.org/react-fast-compare/-/react-fast-compare-3.2.2.tgz 0ms (cache hit)
400 http cache react-helmet-async@https://registry.npmjs.org/@slorber/react-helmet-async/-/react-helmet-async-1.3.0.tgz 0ms (cache hit)
401 http cache react-is@https://registry.npmjs.org/react-is/-/react-is-16.13.1.tgz 1ms (cache hit)
402 http cache react-router-config@https://registry.npmjs.org/react-router-config/-/react-router-config-5.1.1.tgz 0ms (cache hit)
403 http cache range-parser@https://registry.npmjs.org/range-parser/-/range-parser-1.2.0.tgz 0ms (cache hit)
404 http cache react-dom@https://registry.npmjs.org/react-dom/-/react-dom-19.2.7.tgz 0ms (cache hit)
405 http cache react@https://registry.npmjs.org/react/-/react-19.2.7.tgz 0ms (cache hit)
406 http cache randombytes@https://registry.npmjs.org/randombytes/-/randombytes-2.1.0.tgz 0ms (cache hit)
407 http cache queue-microtask@https://registry.npmjs.org/queue-microtask/-/queue-microtask-1.2.3.tgz 0ms (cache hit)
408 http cache react-loadable@https://registry.npmjs.org/@docusaurus/react-loadable/-/react-loadable-6.0.0.tgz 0ms (cache hit)
409 http cache quick-lru@https://registry.npmjs.org/quick-lru/-/quick-lru-5.1.1.tgz 0ms (cache hit)
410 http cache pvutils@https://registry.npmjs.org/pvutils/-/pvutils-1.2.0.tgz 0ms (cache hit)
411 http cache qs@https://registry.npmjs.org/qs/-/qs-6.15.3.tgz 0ms (cache hit)
412 http cache pvtsutils@https://registry.npmjs.org/pvtsutils/-/pvtsutils-1.3.6.tgz 0ms (cache hit)
413 http cache proto-list@https://registry.npmjs.org/proto-list/-/proto-list-1.2.4.tgz 0ms (cache hit)
414 http cache pupa@https://registry.npmjs.org/pupa/-/pupa-3.3.0.tgz 0ms (cache hit)
415 http cache punycode@https://registry.npmjs.org/punycode/-/punycode-2.3.1.tgz 0ms (cache hit)
416 http cache pretty-time@https://registry.npmjs.org/pretty-time/-/pretty-time-1.1.0.tgz 0ms (cache hit)
417 http cache prop-types@https://registry.npmjs.org/prop-types/-/prop-types-15.8.1.tgz 0ms (cache hit)
418 http cache process-nextick-args@https://registry.npmjs.org/process-nextick-args/-/process-nextick-args-2.0.1.tgz 0ms (cache hit)
419 http cache prism-react-renderer@https://registry.npmjs.org/prism-react-renderer/-/prism-react-renderer-2.4.1.tgz 0ms (cache hit)
420 http cache postcss-value-parser@https://registry.npmjs.org/postcss-value-parser/-/postcss-value-parser-4.2.0.tgz 0ms (cache hit)
421 http cache postcss-sort-media-queries@https://registry.npmjs.org/postcss-sort-media-queries/-/postcss-sort-media-queries-5.2.0.tgz 0ms (cache hit)
422 http cache postcss-reduce-transforms@https://registry.npmjs.org/postcss-reduce-transforms/-/postcss-reduce-transforms-6.0.2.tgz 0ms (cache hit)
423 http cache postcss-unique-selectors@https://registry.npmjs.org/postcss-unique-selectors/-/postcss-unique-selectors-6.0.4.tgz 0ms (cache hit)
424 http cache postcss-preset-env@https://registry.npmjs.org/postcss-preset-env/-/postcss-preset-env-10.6.1.tgz 0ms (cache hit)
425 http cache postcss-page-break@https://registry.npmjs.org/postcss-page-break/-/postcss-page-break-3.0.4.tgz 0ms (cache hit)
426 http cache postcss-replace-overflow-wrap@https://registry.npmjs.org/postcss-replace-overflow-wrap/-/postcss-replace-overflow-wrap-4.0.0.tgz 0ms (cache hit)
427 http cache postcss-place@https://registry.npmjs.org/postcss-place/-/postcss-place-10.0.0.tgz 0ms (cache hit)
428 http cache postcss-overflow-shorthand@https://registry.npmjs.org/postcss-overflow-shorthand/-/postcss-overflow-shorthand-6.0.0.tgz 0ms (cache hit)
429 http cache postcss-opacity-percentage@https://registry.npmjs.org/postcss-opacity-percentage/-/postcss-opacity-percentage-3.0.0.tgz 0ms (cache hit)
430 http cache postcss-normalize-unicode@https://registry.npmjs.org/postcss-normalize-unicode/-/postcss-normalize-unicode-6.1.0.tgz 0ms (cache hit)
431 http cache postcss-normalize-url@https://registry.npmjs.org/postcss-normalize-url/-/postcss-normalize-url-6.0.2.tgz 0ms (cache hit)
432 http cache postcss-normalize-timing-functions@https://registry.npmjs.org/postcss-normalize-timing-functions/-/postcss-normalize-timing-functions-6.0.2.tgz 0ms (cache hit)
433 http cache postcss-normalize-charset@https://registry.npmjs.org/postcss-normalize-charset/-/postcss-normalize-charset-6.0.2.tgz 0ms (cache hit)
434 http cache postcss-modules-values@https://registry.npmjs.org/postcss-modules-values/-/postcss-modules-values-4.0.0.tgz 0ms (cache hit)
435 http cache postcss-normalize-whitespace@https://registry.npmjs.org/postcss-normalize-whitespace/-/postcss-normalize-whitespace-6.0.2.tgz 0ms (cache hit)
436 http cache postcss-normalize-positions@https://registry.npmjs.org/postcss-normalize-positions/-/postcss-normalize-positions-6.0.2.tgz 0ms (cache hit)
437 http cache postcss-minify-params@https://registry.npmjs.org/postcss-minify-params/-/postcss-minify-params-6.1.0.tgz 0ms (cache hit)
438 http cache postcss-modules-extract-imports@https://registry.npmjs.org/postcss-modules-extract-imports/-/postcss-modules-extract-imports-3.1.0.tgz 0ms (cache hit)
439 http cache postcss-minify-gradients@https://registry.npmjs.org/postcss-minify-gradients/-/postcss-minify-gradients-6.0.3.tgz 0ms (cache hit)
440 http cache postcss-normalize-string@https://registry.npmjs.org/postcss-normalize-string/-/postcss-normalize-string-6.0.2.tgz 0ms (cache hit)
441 http cache postcss-loader@https://registry.npmjs.org/postcss-loader/-/postcss-loader-7.3.4.tgz 0ms (cache hit)
442 http cache postcss-merge-idents@https://registry.npmjs.org/postcss-merge-idents/-/postcss-merge-idents-6.0.3.tgz 0ms (cache hit)
443 http cache postcss-image-set-function@https://registry.npmjs.org/postcss-image-set-function/-/postcss-image-set-function-7.0.0.tgz 0ms (cache hit)
444 http cache postcss-discard-unused@https://registry.npmjs.org/postcss-discard-unused/-/postcss-discard-unused-6.0.5.tgz 0ms (cache hit)
445 http cache postcss-gap-properties@https://registry.npmjs.org/postcss-gap-properties/-/postcss-gap-properties-6.0.0.tgz 0ms (cache hit)
446 http cache postcss-lab-function@https://registry.npmjs.org/postcss-lab-function/-/postcss-lab-function-7.0.12.tgz 0ms (cache hit)
447 http cache postcss-discard-overridden@https://registry.npmjs.org/postcss-discard-overridden/-/postcss-discard-overridden-6.0.2.tgz 0ms (cache hit)
448 http cache postcss-discard-empty@https://registry.npmjs.org/postcss-discard-empty/-/postcss-discard-empty-6.0.3.tgz 0ms (cache hit)
449 http cache postcss-font-variant@https://registry.npmjs.org/postcss-font-variant/-/postcss-font-variant-5.0.0.tgz 0ms (cache hit)
450 http cache postcss-discard-duplicates@https://registry.npmjs.org/postcss-discard-duplicates/-/postcss-discard-duplicates-6.0.3.tgz 0ms (cache hit)
451 http cache postcss-custom-properties@https://registry.npmjs.org/postcss-custom-properties/-/postcss-custom-properties-14.0.6.tgz 0ms (cache hit)
452 http cache postcss-colormin@https://registry.npmjs.org/postcss-colormin/-/postcss-colormin-6.1.0.tgz 0ms (cache hit)
453 http cache postcss-double-position-gradients@https://registry.npmjs.org/postcss-double-position-gradients/-/postcss-double-position-gradients-6.0.4.tgz 0ms (cache hit)
454 http cache postcss-custom-media@https://registry.npmjs.org/postcss-custom-media/-/postcss-custom-media-11.0.6.tgz 0ms (cache hit)
455 http cache postcss-color-functional-notation@https://registry.npmjs.org/postcss-color-functional-notation/-/postcss-color-functional-notation-7.0.12.tgz 0ms (cache hit)
456 http cache postcss-logical@https://registry.npmjs.org/postcss-logical/-/postcss-logical-8.1.0.tgz 0ms (cache hit)
457 http cache postcss-clamp@https://registry.npmjs.org/postcss-clamp/-/postcss-clamp-4.1.0.tgz 0ms (cache hit)
458 http cache pkg-dir@https://registry.npmjs.org/pkg-dir/-/pkg-dir-7.0.0.tgz 0ms (cache hit)
459 http cache postcss-color-rebeccapurple@https://registry.npmjs.org/postcss-color-rebeccapurple/-/postcss-color-rebeccapurple-10.0.0.tgz 0ms (cache hit)
460 http cache postcss@https://registry.npmjs.org/postcss/-/postcss-8.5.26.tgz 0ms (cache hit)
461 http cache pkijs@https://registry.npmjs.org/pkijs/-/pkijs-3.4.0.tgz 0ms (cache hit)
462 http cache picomatch@https://registry.npmjs.org/picomatch/-/picomatch-2.3.2.tgz 0ms (cache hit)
463 http cache path-to-regexp@https://registry.npmjs.org/path-to-regexp/-/path-to-regexp-1.9.0.tgz 0ms (cache hit)
464 http cache picocolors@https://registry.npmjs.org/picocolors/-/picocolors-1.1.1.tgz 0ms (cache hit)
465 http cache path-parse@https://registry.npmjs.org/path-parse/-/path-parse-1.0.7.tgz 0ms (cache hit)
466 http cache postcss-color-hex-alpha@https://registry.npmjs.org/postcss-color-hex-alpha/-/postcss-color-hex-alpha-10.0.0.tgz 0ms (cache hit)
467 http cache path-is-inside@https://registry.npmjs.org/path-is-inside/-/path-is-inside-1.0.2.tgz 0ms (cache hit)
468 http cache pascal-case@https://registry.npmjs.org/pascal-case/-/pascal-case-3.1.2.tgz 0ms (cache hit)
469 http cache path-type@https://registry.npmjs.org/path-type/-/path-type-4.0.0.tgz 0ms (cache hit)
470 http cache path-key@https://registry.npmjs.org/path-key/-/path-key-3.1.1.tgz 0ms (cache hit)
471 http cache path-exists@https://registry.npmjs.org/path-exists/-/path-exists-5.0.0.tgz 0ms (cache hit)
472 http cache parent-module@https://registry.npmjs.org/parent-module/-/parent-module-1.0.1.tgz 0ms (cache hit)
473 http cache package-json@https://registry.npmjs.org/package-json/-/package-json-8.1.1.tgz 0ms (cache hit)
474 http cache parse-numeric-range@https://registry.npmjs.org/parse-numeric-range/-/parse-numeric-range-1.3.0.tgz 0ms (cache hit)
475 http cache p-retry@https://registry.npmjs.org/p-retry/-/p-retry-6.2.1.tgz 0ms (cache hit)
476 http cache param-case@https://registry.npmjs.org/param-case/-/param-case-3.0.4.tgz 0ms (cache hit)
477 http cache p-queue@https://registry.npmjs.org/p-queue/-/p-queue-6.6.2.tgz 0ms (cache hit)
478 http cache p-map@https://registry.npmjs.org/p-map/-/p-map-4.0.0.tgz 0ms (cache hit)
479 http cache p-locate@https://registry.npmjs.org/p-locate/-/p-locate-6.0.0.tgz 0ms (cache hit)
480 http cache p-limit@https://registry.npmjs.org/p-limit/-/p-limit-4.0.0.tgz 0ms (cache hit)
481 http cache parseurl@https://registry.npmjs.org/parseurl/-/parseurl-1.3.3.tgz 0ms (cache hit)
482 http cache p-finally@https://registry.npmjs.org/p-finally/-/p-finally-1.0.0.tgz 0ms (cache hit)
483 http cache p-cancelable@https://registry.npmjs.org/p-cancelable/-/p-cancelable-3.0.0.tgz 0ms (cache hit)
484 http cache onetime@https://registry.npmjs.org/onetime/-/onetime-5.1.2.tgz 0ms (cache hit)
485 http cache parse-json@https://registry.npmjs.org/parse-json/-/parse-json-5.2.0.tgz 0ms (cache hit)
486 http cache open@https://registry.npmjs.org/open/-/open-8.4.2.tgz 0ms (cache hit)
487 http cache on-finished@https://registry.npmjs.org/on-finished/-/on-finished-2.4.1.tgz 0ms (cache hit)
488 http cache obuf@https://registry.npmjs.org/obuf/-/obuf-1.1.2.tgz 0ms (cache hit)
489 http cache on-headers@https://registry.npmjs.org/on-headers/-/on-headers-1.1.0.tgz 0ms (cache hit)
490 http cache object.assign@https://registry.npmjs.org/object.assign/-/object.assign-4.1.7.tgz 0ms (cache hit)
491 http cache object-assign@https://registry.npmjs.org/object-assign/-/object-assign-4.1.1.tgz 0ms (cache hit)
492 http cache opener@https://registry.npmjs.org/opener/-/opener-1.5.2.tgz 0ms (cache hit)
493 http cache p-timeout@https://registry.npmjs.org/p-timeout/-/p-timeout-3.2.0.tgz 0ms (cache hit)
494 http cache normalize-url@https://registry.npmjs.org/normalize-url/-/normalize-url-8.1.1.tgz 0ms (cache hit)
495 http cache nprogress@https://registry.npmjs.org/nprogress/-/nprogress-0.2.0.tgz 0ms (cache hit)
496 http cache npm-run-path@https://registry.npmjs.org/npm-run-path/-/npm-run-path-4.0.1.tgz 0ms (cache hit)
497 http cache normalize-path@https://registry.npmjs.org/normalize-path/-/normalize-path-3.0.0.tgz 0ms (cache hit)
498 http cache object-keys@https://registry.npmjs.org/object-keys/-/object-keys-1.1.1.tgz 0ms (cache hit)
499 http cache multicast-dns@https://registry.npmjs.org/multicast-dns/-/multicast-dns-7.2.5.tgz 0ms (cache hit)
500 http cache node-emoji@https://registry.npmjs.org/node-emoji/-/node-emoji-2.2.0.tgz 0ms (cache hit)
501 http cache ms@https://registry.npmjs.org/ms/-/ms-2.1.3.tgz 0ms (cache hit)
502 http cache minimalistic-assert@https://registry.npmjs.org/minimalistic-assert/-/minimalistic-assert-1.0.1.tgz 0ms (cache hit)
503 http cache mrmime@https://registry.npmjs.org/mrmime/-/mrmime-2.0.1.tgz 0ms (cache hit)
504 http cache neo-async@https://registry.npmjs.org/neo-async/-/neo-async-2.6.2.tgz 0ms (cache hit)
505 http cache mimic-response@https://registry.npmjs.org/mimic-response/-/mimic-response-4.0.0.tgz 0ms (cache hit)
506 http cache no-case@https://registry.npmjs.org/no-case/-/no-case-3.0.4.tgz 0ms (cache hit)
507 http cache negotiator@https://registry.npmjs.org/negotiator/-/negotiator-0.6.4.tgz 0ms (cache hit)
508 http cache minimist@https://registry.npmjs.org/minimist/-/minimist-1.2.8.tgz 0ms (cache hit)
509 http cache minimatch@https://registry.npmjs.org/minimatch/-/minimatch-3.1.5.tgz 0ms (cache hit)
510 http cache mimic-fn@https://registry.npmjs.org/mimic-fn/-/mimic-fn-2.1.0.tgz 0ms (cache hit)
511 http cache nanoid@https://registry.npmjs.org/nanoid/-/nanoid-3.3.18.tgz 0ms (cache hit)
512 http cache mime-types@https://registry.npmjs.org/mime-types/-/mime-types-2.1.18.tgz 0ms (cache hit)
513 http cache mime-db@https://registry.npmjs.org/mime-db/-/mime-db-1.33.0.tgz 0ms (cache hit)
514 http cache micromatch@https://registry.npmjs.org/micromatch/-/micromatch-4.0.8.tgz 0ms (cache hit)
515 http cache micromark-util-symbol@https://registry.npmjs.org/micromark-util-symbol/-/micromark-util-symbol-1.1.0.tgz 0ms (cache hit)
516 http cache micromark-util-encode@https://registry.npmjs.org/micromark-util-encode/-/micromark-util-encode-2.0.1.tgz 0ms (cache hit)
517 http cache mime@https://registry.npmjs.org/mime/-/mime-1.6.0.tgz 0ms (cache hit)
518 http cache micromark-extension-mdxjs@https://registry.npmjs.org/micromark-extension-mdxjs/-/micromark-extension-mdxjs-3.0.0.tgz 0ms (cache hit)
519 http cache micromark-util-html-tag-name@https://registry.npmjs.org/micromark-util-html-tag-name/-/micromark-util-html-tag-name-2.0.1.tgz 0ms (cache hit)
520 http cache micromark-util-resolve-all@https://registry.npmjs.org/micromark-util-resolve-all/-/micromark-util-resolve-all-2.0.1.tgz 0ms (cache hit)
521 http cache micromark-extension-gfm-tagfilter@https://registry.npmjs.org/micromark-extension-gfm-tagfilter/-/micromark-extension-gfm-tagfilter-2.0.0.tgz 0ms (cache hit)
522 http cache micromark-extension-gfm@https://registry.npmjs.org/micromark-extension-gfm/-/micromark-extension-gfm-3.0.0.tgz 0ms (cache hit)
523 http cache micromark-util-combine-extensions@https://registry.npmjs.org/micromark-util-combine-extensions/-/micromark-util-combine-extensions-2.0.1.tgz 0ms (cache hit)
524 http cache methods@https://registry.npmjs.org/methods/-/methods-1.1.2.tgz 0ms (cache hit)
525 http cache micromark-extension-mdx-md@https://registry.npmjs.org/micromark-extension-mdx-md/-/micromark-extension-mdx-md-2.0.0.tgz 0ms (cache hit)
526 http cache merge2@https://registry.npmjs.org/merge2/-/merge2-1.4.1.tgz 0ms (cache hit)
527 http cache merge-descriptors@https://registry.npmjs.org/merge-descriptors/-/merge-descriptors-1.0.3.tgz 0ms (cache hit)
528 http cache merge-stream@https://registry.npmjs.org/merge-stream/-/merge-stream-2.0.0.tgz 0ms (cache hit)
529 http cache mdn-data@https://registry.npmjs.org/mdn-data/-/mdn-data-2.0.30.tgz 0ms (cache hit)
530 http cache mdast-util-to-string@https://registry.npmjs.org/mdast-util-to-string/-/mdast-util-to-string-4.0.0.tgz 0ms (cache hit)
531 http cache micromark-util-types@https://registry.npmjs.org/micromark-util-types/-/micromark-util-types-2.0.2.tgz 0ms (cache hit)
532 http cache mdast-util-mdx-jsx@https://registry.npmjs.org/mdast-util-mdx-jsx/-/mdast-util-mdx-jsx-3.2.0.tgz 0ms (cache hit)
533 http cache mdast-util-mdx@https://registry.npmjs.org/mdast-util-mdx/-/mdast-util-mdx-3.0.0.tgz 0ms (cache hit)
534 http cache mdast-util-mdxjs-esm@https://registry.npmjs.org/mdast-util-mdxjs-esm/-/mdast-util-mdxjs-esm-2.0.1.tgz 0ms (cache hit)
535 http cache mdast-util-phrasing@https://registry.npmjs.org/mdast-util-phrasing/-/mdast-util-phrasing-4.1.0.tgz 0ms (cache hit)
536 http cache mdast-util-gfm-task-list-item@https://registry.npmjs.org/mdast-util-gfm-task-list-item/-/mdast-util-gfm-task-list-item-2.0.0.tgz 0ms (cache hit)
537 http cache media-typer@https://registry.npmjs.org/media-typer/-/media-typer-0.3.0.tgz 0ms (cache hit)
538 http cache mdast-util-mdx-expression@https://registry.npmjs.org/mdast-util-mdx-expression/-/mdast-util-mdx-expression-2.0.1.tgz 0ms (cache hit)
539 http cache mdast-util-gfm-table@https://registry.npmjs.org/mdast-util-gfm-table/-/mdast-util-gfm-table-2.0.0.tgz 0ms (cache hit)
540 http cache mdast-util-gfm-strikethrough@https://registry.npmjs.org/mdast-util-gfm-strikethrough/-/mdast-util-gfm-strikethrough-2.0.0.tgz 0ms (cache hit)
541 http cache mdast-util-gfm-footnote@https://registry.npmjs.org/mdast-util-gfm-footnote/-/mdast-util-gfm-footnote-2.1.0.tgz 0ms (cache hit)
542 http cache math-intrinsics@https://registry.npmjs.org/math-intrinsics/-/math-intrinsics-1.1.0.tgz 0ms (cache hit)
543 http cache markdown-table@https://registry.npmjs.org/markdown-table/-/markdown-table-3.0.4.tgz 0ms (cache hit)
544 http cache markdown-extensions@https://registry.npmjs.org/markdown-extensions/-/markdown-extensions-2.0.0.tgz 0ms (cache hit)
545 http cache mdast-util-directive@https://registry.npmjs.org/mdast-util-directive/-/mdast-util-directive-3.1.0.tgz 0ms (cache hit)
546 http cache lowercase-keys@https://registry.npmjs.org/lowercase-keys/-/lowercase-keys-3.0.0.tgz 0ms (cache hit)
547 http cache loose-envify@https://registry.npmjs.org/loose-envify/-/loose-envify-1.4.0.tgz 0ms (cache hit)
548 http cache lower-case@https://registry.npmjs.org/lower-case/-/lower-case-2.0.2.tgz 0ms (cache hit)
549 http cache mdast-util-gfm@https://registry.npmjs.org/mdast-util-gfm/-/mdast-util-gfm-3.1.0.tgz 0ms (cache hit)
550 http cache lodash.memoize@https://registry.npmjs.org/lodash.memoize/-/lodash.memoize-4.1.2.tgz 0ms (cache hit)
551 http cache lru-cache@https://registry.npmjs.org/lru-cache/-/lru-cache-5.1.1.tgz 0ms (cache hit)
552 http cache lodash.uniq@https://registry.npmjs.org/lodash.uniq/-/lodash.uniq-4.5.0.tgz 0ms (cache hit)
553 http cache lodash.debounce@https://registry.npmjs.org/lodash.debounce/-/lodash.debounce-4.0.8.tgz 0ms (cache hit)
554 http cache lodash@https://registry.npmjs.org/lodash/-/lodash-4.18.1.tgz 0ms (cache hit)
555 http cache lines-and-columns@https://registry.npmjs.org/lines-and-columns/-/lines-and-columns-1.2.4.tgz 0ms (cache hit)
556 http cache longest-streak@https://registry.npmjs.org/longest-streak/-/longest-streak-3.1.0.tgz 0ms (cache hit)
557 http cache leven@https://registry.npmjs.org/leven/-/leven-3.1.0.tgz 0ms (cache hit)
558 http cache lilconfig@https://registry.npmjs.org/lilconfig/-/lilconfig-3.1.3.tgz 0ms (cache hit)
559 http cache latest-version@https://registry.npmjs.org/latest-version/-/latest-version-7.0.0.tgz 0ms (cache hit)
560 http cache launch-editor@https://registry.npmjs.org/launch-editor/-/launch-editor-2.14.1.tgz 0ms (cache hit)
561 http cache keyv@https://registry.npmjs.org/keyv/-/keyv-4.5.4.tgz 0ms (cache hit)
562 http cache locate-path@https://registry.npmjs.org/locate-path/-/locate-path-7.2.0.tgz 0ms (cache hit)
563 http cache jsonfile@https://registry.npmjs.org/jsonfile/-/jsonfile-6.2.1.tgz 0ms (cache hit)
564 http cache json5@https://registry.npmjs.org/json5/-/json5-2.2.3.tgz 0ms (cache hit)
565 http cache loader-runner@https://registry.npmjs.org/loader-runner/-/loader-runner-4.3.2.tgz 0ms (cache hit)
566 http cache kind-of@https://registry.npmjs.org/kind-of/-/kind-of-6.0.3.tgz 0ms (cache hit)
567 http cache jsesc@https://registry.npmjs.org/jsesc/-/jsesc-3.1.0.tgz 0ms (cache hit)
568 http cache js-tokens@https://registry.npmjs.org/js-tokens/-/js-tokens-4.0.0.tgz 0ms (cache hit)
569 http cache json-buffer@https://registry.npmjs.org/json-buffer/-/json-buffer-3.0.1.tgz 0ms (cache hit)
570 http cache kleur@https://registry.npmjs.org/kleur/-/kleur-3.0.3.tgz 0ms (cache hit)
571 http cache jest-util@https://registry.npmjs.org/jest-util/-/jest-util-29.7.0.tgz 0ms (cache hit)
572 http cache isarray@https://registry.npmjs.org/isarray/-/isarray-0.0.1.tgz 0ms (cache hit)
573 http cache json-parse-even-better-errors@https://registry.npmjs.org/json-parse-even-better-errors/-/json-parse-even-better-errors-2.3.1.tgz 0ms (cache hit)
574 http cache isexe@https://registry.npmjs.org/isexe/-/isexe-2.0.0.tgz 0ms (cache hit)
575 http cache is-yarn-global@https://registry.npmjs.org/is-yarn-global/-/is-yarn-global-0.4.1.tgz 0ms (cache hit)
576 http cache isobject@https://registry.npmjs.org/isobject/-/isobject-3.0.1.tgz 0ms (cache hit)
577 http cache is-regexp@https://registry.npmjs.org/is-regexp/-/is-regexp-1.0.0.tgz 0ms (cache hit)
578 http cache is-wsl@https://registry.npmjs.org/is-wsl/-/is-wsl-2.2.0.tgz 0ms (cache hit)
579 http cache is-stream@https://registry.npmjs.org/is-stream/-/is-stream-2.0.1.tgz 0ms (cache hit)
580 http cache is-plain-object@https://registry.npmjs.org/is-plain-object/-/is-plain-object-2.0.4.tgz 0ms (cache hit)
581 http cache is-typedarray@https://registry.npmjs.org/is-typedarray/-/is-typedarray-1.0.0.tgz 0ms (cache hit)
582 http cache is-plain-obj@https://registry.npmjs.org/is-plain-obj/-/is-plain-obj-4.1.0.tgz 0ms (cache hit)
583 http cache is-number@https://registry.npmjs.org/is-number/-/is-number-7.0.0.tgz 0ms (cache hit)
584 http cache is-obj@https://registry.npmjs.org/is-obj/-/is-obj-1.0.1.tgz 0ms (cache hit)
585 http cache is-path-inside@https://registry.npmjs.org/is-path-inside/-/is-path-inside-3.0.3.tgz 0ms (cache hit)
586 http cache is-network-error@https://registry.npmjs.org/is-network-error/-/is-network-error-1.3.2.tgz 0ms (cache hit)
587 http cache is-installed-globally@https://registry.npmjs.org/is-installed-globally/-/is-installed-globally-0.4.0.tgz 0ms (cache hit)
588 http cache is-hexadecimal@https://registry.npmjs.org/is-hexadecimal/-/is-hexadecimal-2.0.1.tgz 0ms (cache hit)
589 http cache is-npm@https://registry.npmjs.org/is-npm/-/is-npm-6.1.0.tgz 0ms (cache hit)
590 http cache is-glob@https://registry.npmjs.org/is-glob/-/is-glob-4.0.3.tgz 0ms (cache hit)
591 http cache is-fullwidth-code-point@https://registry.npmjs.org/is-fullwidth-code-point/-/is-fullwidth-code-point-3.0.0.tgz 0ms (cache hit)
592 http cache is-extglob@https://registry.npmjs.org/is-extglob/-/is-extglob-2.1.1.tgz 0ms (cache hit)
593 http cache is-decimal@https://registry.npmjs.org/is-decimal/-/is-decimal-2.0.1.tgz 0ms (cache hit)
594 http cache is-core-module@https://registry.npmjs.org/is-core-module/-/is-core-module-2.16.2.tgz 0ms (cache hit)
595 http cache is-ci@https://registry.npmjs.org/is-ci/-/is-ci-3.0.1.tgz 0ms (cache hit)
596 http cache is-docker@https://registry.npmjs.org/is-docker/-/is-docker-2.2.1.tgz 0ms (cache hit)
597 http cache is-binary-path@https://registry.npmjs.org/is-binary-path/-/is-binary-path-2.1.0.tgz 0ms (cache hit)
598 http cache is-extendable@https://registry.npmjs.org/is-extendable/-/is-extendable-0.1.1.tgz 0ms (cache hit)
599 http cache is-alphanumerical@https://registry.npmjs.org/is-alphanumerical/-/is-alphanumerical-2.0.1.tgz 0ms (cache hit)
600 http cache ipaddr.js@https://registry.npmjs.org/ipaddr.js/-/ipaddr.js-2.5.0.tgz 0ms (cache hit)
601 http cache is-alphabetical@https://registry.npmjs.org/is-alphabetical/-/is-alphabetical-2.0.1.tgz 0ms (cache hit)
602 http cache is-arrayish@https://registry.npmjs.org/is-arrayish/-/is-arrayish-0.2.1.tgz 0ms (cache hit)
603 http cache invariant@https://registry.npmjs.org/invariant/-/invariant-2.2.4.tgz 0ms (cache hit)
604 http cache inline-style-parser@https://registry.npmjs.org/inline-style-parser/-/inline-style-parser-0.2.7.tgz 0ms (cache hit)
605 http cache inherits@https://registry.npmjs.org/inherits/-/inherits-2.0.4.tgz 0ms (cache hit)
606 http cache imurmurhash@https://registry.npmjs.org/imurmurhash/-/imurmurhash-0.1.4.tgz 0ms (cache hit)
607 http cache import-lazy@https://registry.npmjs.org/import-lazy/-/import-lazy-4.0.0.tgz 0ms (cache hit)
608 http cache indent-string@https://registry.npmjs.org/indent-string/-/indent-string-4.0.0.tgz 0ms (cache hit)
609 http cache import-fresh@https://registry.npmjs.org/import-fresh/-/import-fresh-3.3.1.tgz 0ms (cache hit)
610 http cache icss-utils@https://registry.npmjs.org/icss-utils/-/icss-utils-5.1.0.tgz 0ms (cache hit)
611 http cache http-parser-js@https://registry.npmjs.org/http-parser-js/-/http-parser-js-0.5.10.tgz 0ms (cache hit)
612 http cache ignore@https://registry.npmjs.org/ignore/-/ignore-5.3.2.tgz 0ms (cache hit)
613 http cache http-cache-semantics@https://registry.npmjs.org/http-cache-semantics/-/http-cache-semantics-4.2.0.tgz 0ms (cache hit)
614 http cache ini@https://registry.npmjs.org/ini/-/ini-2.0.0.tgz 0ms (cache hit)
615 http cache html-escaper@https://registry.npmjs.org/html-escaper/-/html-escaper-2.0.2.tgz 0ms (cache hit)
616 http cache html-void-elements@https://registry.npmjs.org/html-void-elements/-/html-void-elements-3.0.0.tgz 0ms (cache hit)
617 http cache hoist-non-react-statics@https://registry.npmjs.org/hoist-non-react-statics/-/hoist-non-react-statics-3.3.2.tgz 0ms (cache hit)
618 http cache http-deceiver@https://registry.npmjs.org/http-deceiver/-/http-deceiver-1.2.7.tgz 0ms (cache hit)
619 http cache history@https://registry.npmjs.org/history/-/history-4.10.1.tgz 0ms (cache hit)
620 http cache hast-util-whitespace@https://registry.npmjs.org/hast-util-whitespace/-/hast-util-whitespace-3.0.0.tgz 0ms (cache hit)
621 http cache http-errors@https://registry.npmjs.org/http-errors/-/http-errors-2.0.1.tgz 0ms (cache hit)
622 http cache hastscript@https://registry.npmjs.org/hastscript/-/hastscript-9.0.1.tgz 0ms (cache hit)
623 http cache html-tags@https://registry.npmjs.org/html-tags/-/html-tags-3.3.1.tgz 0ms (cache hit)
624 http cache hast-util-to-jsx-runtime@https://registry.npmjs.org/hast-util-to-jsx-runtime/-/hast-util-to-jsx-runtime-2.3.6.tgz 0ms (cache hit)
625 http cache hast-util-to-parse5@https://registry.npmjs.org/hast-util-to-parse5/-/hast-util-to-parse5-8.0.1.tgz 0ms (cache hit)
626 http cache hast-util-raw@https://registry.npmjs.org/hast-util-raw/-/hast-util-raw-9.1.0.tgz 0ms (cache hit)
627 http cache hast-util-from-parse5@https://registry.npmjs.org/hast-util-from-parse5/-/hast-util-from-parse5-8.0.3.tgz 0ms (cache hit)
628 http cache has-flag@https://registry.npmjs.org/has-flag/-/has-flag-4.0.0.tgz 0ms (cache hit)
629 http cache hast-util-parse-selector@https://registry.npmjs.org/hast-util-parse-selector/-/hast-util-parse-selector-4.0.0.tgz 0ms (cache hit)
630 http cache has-yarn@https://registry.npmjs.org/has-yarn/-/has-yarn-3.0.0.tgz 0ms (cache hit)
631 http cache has-property-descriptors@https://registry.npmjs.org/has-property-descriptors/-/has-property-descriptors-1.0.2.tgz 0ms (cache hit)
632 http cache gzip-size@https://registry.npmjs.org/gzip-size/-/gzip-size-6.0.0.tgz 0ms (cache hit)
633 http cache hasown@https://registry.npmjs.org/hasown/-/hasown-2.0.4.tgz 0ms (cache hit)
634 http cache handle-thing@https://registry.npmjs.org/handle-thing/-/handle-thing-2.0.1.tgz 0ms (cache hit)
635 http cache graceful-fs@https://registry.npmjs.org/graceful-fs/-/graceful-fs-4.2.11.tgz 0ms (cache hit)
636 http cache he@https://registry.npmjs.org/he/-/he-1.2.0.tgz 0ms (cache hit)
637 http cache global-dirs@https://registry.npmjs.org/global-dirs/-/global-dirs-3.0.1.tgz 0ms (cache hit)
638 http cache gopd@https://registry.npmjs.org/gopd/-/gopd-1.2.0.tgz 0ms (cache hit)
639 http cache glob-parent@https://registry.npmjs.org/glob-parent/-/glob-parent-5.1.2.tgz 0ms (cache hit)
640 http cache get-stream@https://registry.npmjs.org/get-stream/-/get-stream-6.0.1.tgz 0ms (cache hit)
641 http cache get-intrinsic@https://registry.npmjs.org/get-intrinsic/-/get-intrinsic-1.3.0.tgz 0ms (cache hit)
642 http cache get-proto@https://registry.npmjs.org/get-proto/-/get-proto-1.0.1.tgz 0ms (cache hit)
643 http cache function-bind@https://registry.npmjs.org/function-bind/-/function-bind-1.1.2.tgz 0ms (cache hit)
644 http cache globby@https://registry.npmjs.org/globby/-/globby-11.1.0.tgz 0ms (cache hit)
645 http cache glob-to-regex.js@https://registry.npmjs.org/glob-to-regex.js/-/glob-to-regex.js-1.2.0.tgz 0ms (cache hit)
646 http cache gensync@https://registry.npmjs.org/gensync/-/gensync-1.0.0-beta.2.tgz 0ms (cache hit)
647 http cache fsevents@https://registry.npmjs.org/fsevents/-/fsevents-2.3.3.tgz 0ms (cache hit)
648 http cache github-slugger@https://registry.npmjs.org/github-slugger/-/github-slugger-1.5.0.tgz 0ms (cache hit)
649 http cache fresh@https://registry.npmjs.org/fresh/-/fresh-0.5.2.tgz 0ms (cache hit)
650 http cache format@https://registry.npmjs.org/format/-/format-0.2.2.tgz 0ms (cache hit)
651 http cache forwarded@https://registry.npmjs.org/forwarded/-/forwarded-0.2.0.tgz 0ms (cache hit)
652 http cache follow-redirects@https://registry.npmjs.org/follow-redirects/-/follow-redirects-1.16.0.tgz 0ms (cache hit)
653 http cache find-up@https://registry.npmjs.org/find-up/-/find-up-6.3.0.tgz 0ms (cache hit)
654 http cache fill-range@https://registry.npmjs.org/fill-range/-/fill-range-7.1.1.tgz 0ms (cache hit)
655 http cache flat@https://registry.npmjs.org/flat/-/flat-5.0.2.tgz 0ms (cache hit)
656 http cache fraction.js@https://registry.npmjs.org/fraction.js/-/fraction.js-5.3.4.tgz 0ms (cache hit)
657 http cache get-own-enumerable-property-symbols@https://registry.npmjs.org/get-own-enumerable-property-symbols/-/get-own-enumerable-property-symbols-3.0.2.tgz 0ms (cache hit)
658 http cache fastq@https://registry.npmjs.org/fastq/-/fastq-1.20.1.tgz 0ms (cache hit)
659 http cache fault@https://registry.npmjs.org/fault/-/fault-2.0.1.tgz 0ms (cache hit)
660 http cache fast-json-stable-stringify@https://registry.npmjs.org/fast-json-stable-stringify/-/fast-json-stable-stringify-2.1.0.tgz 0ms (cache hit)
661 http cache find-cache-dir@https://registry.npmjs.org/find-cache-dir/-/find-cache-dir-4.0.0.tgz 0ms (cache hit)
662 http cache fast-uri@https://registry.npmjs.org/fast-uri/-/fast-uri-3.1.5.tgz 0ms (cache hit)
663 http cache extend-shallow@https://registry.npmjs.org/extend-shallow/-/extend-shallow-2.0.1.tgz 0ms (cache hit)
664 http cache eventemitter3@https://registry.npmjs.org/eventemitter3/-/eventemitter3-4.0.7.tgz 0ms (cache hit)
665 http cache execa@https://registry.npmjs.org/execa/-/execa-5.1.1.tgz 0ms (cache hit)
666 http cache eval@https://registry.npmjs.org/eval/-/eval-0.1.8.tgz 0ms (cache hit)
667 http cache fast-deep-equal@https://registry.npmjs.org/fast-deep-equal/-/fast-deep-equal-3.1.3.tgz 0ms (cache hit)
668 http cache events@https://registry.npmjs.org/events/-/events-3.3.0.tgz 0ms (cache hit)
669 http cache etag@https://registry.npmjs.org/etag/-/etag-1.8.1.tgz 0ms (cache hit)
670 http cache extend@https://registry.npmjs.org/extend/-/extend-3.0.2.tgz 0ms (cache hit)
671 http cache eta@https://registry.npmjs.org/eta/-/eta-2.2.0.tgz 0ms (cache hit)
672 http cache esutils@https://registry.npmjs.org/esutils/-/esutils-2.0.3.tgz 0ms (cache hit)
673 http cache estree-walker@https://registry.npmjs.org/estree-walker/-/estree-walker-3.0.3.tgz 0ms (cache hit)
674 http cache estree-util-is-identifier-name@https://registry.npmjs.org/estree-util-is-identifier-name/-/estree-util-is-identifier-name-3.0.0.tgz 0ms (cache hit)
675 http cache estree-util-build-jsx@https://registry.npmjs.org/estree-util-build-jsx/-/estree-util-build-jsx-3.0.1.tgz 0ms (cache hit)
676 http cache estree-util-to-js@https://registry.npmjs.org/estree-util-to-js/-/estree-util-to-js-2.0.0.tgz 0ms (cache hit)
677 http cache estree-util-scope@https://registry.npmjs.org/estree-util-scope/-/estree-util-scope-1.0.0.tgz 0ms (cache hit)
678 http cache estree-util-value-to-estree@https://registry.npmjs.org/estree-util-value-to-estree/-/estree-util-value-to-estree-3.5.0.tgz 0ms (cache hit)
679 http cache estree-util-visit@https://registry.npmjs.org/estree-util-visit/-/estree-util-visit-2.0.0.tgz 0ms (cache hit)
680 http cache estraverse@https://registry.npmjs.org/estraverse/-/estraverse-4.3.0.tgz 0ms (cache hit)
681 http cache eslint-scope@https://registry.npmjs.org/eslint-scope/-/eslint-scope-5.1.1.tgz 0ms (cache hit)
682 http cache estree-util-attach-comments@https://registry.npmjs.org/estree-util-attach-comments/-/estree-util-attach-comments-3.0.0.tgz 0ms (cache hit)
683 http cache esrecurse@https://registry.npmjs.org/esrecurse/-/esrecurse-4.3.0.tgz 0ms (cache hit)
684 http cache escape-html@https://registry.npmjs.org/escape-html/-/escape-html-1.0.3.tgz 0ms (cache hit)
685 http cache escalade@https://registry.npmjs.org/escalade/-/escalade-3.2.0.tgz 0ms (cache hit)
686 http cache escape-string-regexp@https://registry.npmjs.org/escape-string-regexp/-/escape-string-regexp-4.0.0.tgz 0ms (cache hit)
687 http cache esast-util-from-estree@https://registry.npmjs.org/esast-util-from-estree/-/esast-util-from-estree-2.0.0.tgz 0ms (cache hit)
688 http cache es-object-atoms@https://registry.npmjs.org/es-object-atoms/-/es-object-atoms-1.1.2.tgz 0ms (cache hit)
689 http cache escape-goat@https://registry.npmjs.org/escape-goat/-/escape-goat-4.0.0.tgz 0ms (cache hit)
690 http cache es-module-lexer@https://registry.npmjs.org/es-module-lexer/-/es-module-lexer-2.3.1.tgz 0ms (cache hit)
691 http cache esast-util-from-js@https://registry.npmjs.org/esast-util-from-js/-/esast-util-from-js-2.0.1.tgz 0ms (cache hit)
692 http cache es-define-property@https://registry.npmjs.org/es-define-property/-/es-define-property-1.0.1.tgz 0ms (cache hit)
693 http cache encodeurl@https://registry.npmjs.org/encodeurl/-/encodeurl-2.0.0.tgz 0ms (cache hit)
694 http cache emoticon@https://registry.npmjs.org/emoticon/-/emoticon-4.1.0.tgz 0ms (cache hit)
695 http cache es-errors@https://registry.npmjs.org/es-errors/-/es-errors-1.3.0.tgz 0ms (cache hit)
696 http cache emojilib@https://registry.npmjs.org/emojilib/-/emojilib-2.4.0.tgz 0ms (cache hit)
697 http cache enhanced-resolve@https://registry.npmjs.org/enhanced-resolve/-/enhanced-resolve-5.24.2.tgz 0ms (cache hit)
698 http cache emojis-list@https://registry.npmjs.org/emojis-list/-/emojis-list-3.0.0.tgz 0ms (cache hit)
699 http cache emoji-regex@https://registry.npmjs.org/emoji-regex/-/emoji-regex-9.2.2.tgz 0ms (cache hit)
700 http cache electron-to-chromium@https://registry.npmjs.org/electron-to-chromium/-/electron-to-chromium-1.5.402.tgz 0ms (cache hit)
701 http cache eastasianwidth@https://registry.npmjs.org/eastasianwidth/-/eastasianwidth-0.2.0.tgz 0ms (cache hit)
702 http cache duplexer@https://registry.npmjs.org/duplexer/-/duplexer-0.1.2.tgz 0ms (cache hit)
703 http cache error-ex@https://registry.npmjs.org/error-ex/-/error-ex-1.3.4.tgz 0ms (cache hit)
704 http cache dot-case@https://registry.npmjs.org/dot-case/-/dot-case-3.0.4.tgz 0ms (cache hit)
705 http cache dot-prop@https://registry.npmjs.org/dot-prop/-/dot-prop-6.0.1.tgz 0ms (cache hit)
706 http cache domutils@https://registry.npmjs.org/domutils/-/domutils-3.2.2.tgz 0ms (cache hit)
707 http cache ee-first@https://registry.npmjs.org/ee-first/-/ee-first-1.1.1.tgz 0ms (cache hit)
708 http cache dunder-proto@https://registry.npmjs.org/dunder-proto/-/dunder-proto-1.0.1.tgz 0ms (cache hit)
709 http cache domhandler@https://registry.npmjs.org/domhandler/-/domhandler-5.0.3.tgz 0ms (cache hit)
710 http cache dom-serializer@https://registry.npmjs.org/dom-serializer/-/dom-serializer-2.0.0.tgz 0ms (cache hit)
711 http cache dns-packet@https://registry.npmjs.org/dns-packet/-/dns-packet-5.6.1.tgz 0ms (cache hit)
712 http cache devlop@https://registry.npmjs.org/devlop/-/devlop-1.1.0.tgz 0ms (cache hit)
713 http cache domelementtype@https://registry.npmjs.org/domelementtype/-/domelementtype-2.3.0.tgz 0ms (cache hit)
714 http cache detect-node@https://registry.npmjs.org/detect-node/-/detect-node-2.1.0.tgz 0ms (cache hit)
715 http cache depd@https://registry.npmjs.org/depd/-/depd-2.0.0.tgz 0ms (cache hit)
716 http cache dom-converter@https://registry.npmjs.org/dom-converter/-/dom-converter-0.2.0.tgz 0ms (cache hit)
717 http cache dir-glob@https://registry.npmjs.org/dir-glob/-/dir-glob-3.0.1.tgz 0ms (cache hit)
718 http cache dequal@https://registry.npmjs.org/dequal/-/dequal-2.0.3.tgz 0ms (cache hit)
719 http cache destroy@https://registry.npmjs.org/destroy/-/destroy-1.2.0.tgz 0ms (cache hit)
720 http cache define-properties@https://registry.npmjs.org/define-properties/-/define-properties-1.2.1.tgz 0ms (cache hit)
721 http cache define-lazy-prop@https://registry.npmjs.org/define-lazy-prop/-/define-lazy-prop-2.0.0.tgz 0ms (cache hit)
722 http cache define-data-property@https://registry.npmjs.org/define-data-property/-/define-data-property-1.1.4.tgz 0ms (cache hit)
723 http cache defer-to-connect@https://registry.npmjs.org/defer-to-connect/-/defer-to-connect-2.0.1.tgz 0ms (cache hit)
724 http cache default-browser-id@https://registry.npmjs.org/default-browser-id/-/default-browser-id-5.0.1.tgz 0ms (cache hit)
725 http cache deep-extend@https://registry.npmjs.org/deep-extend/-/deep-extend-0.6.0.tgz 0ms (cache hit)
726 http cache decode-named-character-reference@https://registry.npmjs.org/decode-named-character-reference/-/decode-named-character-reference-1.3.0.tgz 0ms (cache hit)
727 http cache deepmerge@https://registry.npmjs.org/deepmerge/-/deepmerge-4.3.1.tgz 0ms (cache hit)
728 http cache debounce@https://registry.npmjs.org/debounce/-/debounce-1.2.1.tgz 0ms (cache hit)
729 http cache default-browser@https://registry.npmjs.org/default-browser/-/default-browser-5.5.0.tgz 0ms (cache hit)
730 http cache csstype@https://registry.npmjs.org/csstype/-/csstype-3.2.3.tgz 0ms (cache hit)
731 http cache cssnano-utils@https://registry.npmjs.org/cssnano-utils/-/cssnano-utils-4.0.2.tgz 0ms (cache hit)
732 http cache cssnano-preset-default@https://registry.npmjs.org/cssnano-preset-default/-/cssnano-preset-default-6.1.2.tgz 0ms (cache hit)
733 http cache debug@https://registry.npmjs.org/debug/-/debug-4.4.3.tgz 0ms (cache hit)
734 http cache decompress-response@https://registry.npmjs.org/decompress-response/-/decompress-response-6.0.0.tgz 0ms (cache hit)
735 http cache cssnano@https://registry.npmjs.org/cssnano/-/cssnano-6.1.2.tgz 0ms (cache hit)
736 http cache cssesc@https://registry.npmjs.org/cssesc/-/cssesc-3.0.0.tgz 0ms (cache hit)
737 http cache css-prefers-color-scheme@https://registry.npmjs.org/css-prefers-color-scheme/-/css-prefers-color-scheme-10.0.0.tgz 0ms (cache hit)
738 http cache cssnano-preset-advanced@https://registry.npmjs.org/cssnano-preset-advanced/-/cssnano-preset-advanced-6.1.2.tgz 0ms (cache hit)
739 http cache css-what@https://registry.npmjs.org/css-what/-/css-what-6.2.2.tgz 0ms (cache hit)
740 http cache css-minimizer-webpack-plugin@https://registry.npmjs.org/css-minimizer-webpack-plugin/-/css-minimizer-webpack-plugin-5.0.1.tgz 0ms (cache hit)
741 http cache css-loader@https://registry.npmjs.org/css-loader/-/css-loader-6.11.0.tgz 0ms (cache hit)
742 http cache cosmiconfig@https://registry.npmjs.org/cosmiconfig/-/cosmiconfig-8.3.6.tgz 0ms (cache hit)
743 http cache cssdb@https://registry.npmjs.org/cssdb/-/cssdb-8.9.0.tgz 0ms (cache hit)
744 http cache css-declaration-sorter@https://registry.npmjs.org/css-declaration-sorter/-/css-declaration-sorter-7.4.0.tgz 0ms (cache hit)
745 http cache cross-spawn@https://registry.npmjs.org/cross-spawn/-/cross-spawn-7.0.6.tgz 0ms (cache hit)
746 http cache core-util-is@https://registry.npmjs.org/core-util-is/-/core-util-is-1.0.3.tgz 0ms (cache hit)
747 http cache copy-webpack-plugin@https://registry.npmjs.org/copy-webpack-plugin/-/copy-webpack-plugin-11.0.0.tgz 0ms (cache hit)
748 http cache core-js-compat@https://registry.npmjs.org/core-js-compat/-/core-js-compat-3.50.0.tgz 0ms (cache hit)
749 http cache cookie-signature@https://registry.npmjs.org/cookie-signature/-/cookie-signature-1.0.7.tgz 0ms (cache hit)
750 http cache convert-source-map@https://registry.npmjs.org/convert-source-map/-/convert-source-map-2.0.0.tgz 0ms (cache hit)
751 http cache content-type@https://registry.npmjs.org/content-type/-/content-type-1.0.5.tgz 0ms (cache hit)
752 http cache content-disposition@https://registry.npmjs.org/content-disposition/-/content-disposition-0.5.2.tgz 0ms (cache hit)
753 http cache copy-text-to-clipboard@https://registry.npmjs.org/copy-text-to-clipboard/-/copy-text-to-clipboard-3.2.2.tgz 0ms (cache hit)
754 http cache cookie@https://registry.npmjs.org/cookie/-/cookie-0.7.2.tgz 0ms (cache hit)
755 http cache consola@https://registry.npmjs.org/consola/-/consola-3.4.2.tgz 0ms (cache hit)
756 http cache config-chain@https://registry.npmjs.org/config-chain/-/config-chain-1.1.13.tgz 0ms (cache hit)
757 http cache concat-map@https://registry.npmjs.org/concat-map/-/concat-map-0.0.1.tgz 0ms (cache hit)
758 http cache configstore@https://registry.npmjs.org/configstore/-/configstore-6.0.0.tgz 0ms (cache hit)
759 http cache compressible@https://registry.npmjs.org/compressible/-/compressible-2.0.18.tgz 0ms (cache hit)
760 http cache common-path-prefix@https://registry.npmjs.org/common-path-prefix/-/common-path-prefix-3.0.0.tgz 0ms (cache hit)
761 http cache commander@https://registry.npmjs.org/commander/-/commander-5.1.0.tgz 0ms (cache hit)
762 http cache connect-history-api-fallback@https://registry.npmjs.org/connect-history-api-fallback/-/connect-history-api-fallback-2.0.0.tgz 0ms (cache hit)
763 http cache comma-separated-tokens@https://registry.npmjs.org/comma-separated-tokens/-/comma-separated-tokens-2.0.3.tgz 0ms (cache hit)
764 http cache colorette@https://registry.npmjs.org/colorette/-/colorette-2.0.20.tgz 0ms (cache hit)
765 http cache combine-promises@https://registry.npmjs.org/combine-promises/-/combine-promises-1.2.0.tgz 0ms (cache hit)
766 http cache colord@https://registry.npmjs.org/colord/-/colord-2.9.3.tgz 0ms (cache hit)
767 http cache color-name@https://registry.npmjs.org/color-name/-/color-name-1.1.4.tgz 0ms (cache hit)
768 http cache collapse-white-space@https://registry.npmjs.org/collapse-white-space/-/collapse-white-space-2.1.0.tgz 0ms (cache hit)
769 http cache cli-boxes@https://registry.npmjs.org/cli-boxes/-/cli-boxes-3.0.0.tgz 0ms (cache hit)
770 http cache color-convert@https://registry.npmjs.org/color-convert/-/color-convert-2.0.1.tgz 0ms (cache hit)
771 http cache clone-deep@https://registry.npmjs.org/clone-deep/-/clone-deep-4.0.1.tgz 0ms (cache hit)
772 http cache clean-stack@https://registry.npmjs.org/clean-stack/-/clean-stack-2.2.0.tgz 0ms (cache hit)
773 http cache ci-info@https://registry.npmjs.org/ci-info/-/ci-info-3.9.0.tgz 0ms (cache hit)
774 http cache chrome-trace-event@https://registry.npmjs.org/chrome-trace-event/-/chrome-trace-event-1.0.4.tgz 0ms (cache hit)
775 http cache cheerio-select@https://registry.npmjs.org/cheerio-select/-/cheerio-select-2.1.0.tgz 0ms (cache hit)
776 http cache clsx@https://registry.npmjs.org/clsx/-/clsx-2.1.1.tgz 0ms (cache hit)
777 http cache chokidar@https://registry.npmjs.org/chokidar/-/chokidar-3.6.0.tgz 0ms (cache hit)
778 http cache character-reference-invalid@https://registry.npmjs.org/character-reference-invalid/-/character-reference-invalid-2.0.1.tgz 0ms (cache hit)
779 http cache character-entities-legacy@https://registry.npmjs.org/character-entities-legacy/-/character-entities-legacy-3.0.0.tgz 0ms (cache hit)
780 http cache character-entities@https://registry.npmjs.org/character-entities/-/character-entities-2.0.2.tgz 0ms (cache hit)
781 http cache char-regex@https://registry.npmjs.org/char-regex/-/char-regex-1.0.2.tgz 0ms (cache hit)
782 http cache character-entities-html4@https://registry.npmjs.org/character-entities-html4/-/character-entities-html4-2.1.0.tgz 0ms (cache hit)
783 http cache ccount@https://registry.npmjs.org/ccount/-/ccount-2.0.1.tgz 0ms (cache hit)
784 http cache caniuse-lite@https://registry.npmjs.org/caniuse-lite/-/caniuse-lite-1.0.30001806.tgz 0ms (cache hit)
785 http cache camel-case@https://registry.npmjs.org/camel-case/-/camel-case-4.1.2.tgz 0ms (cache hit)
786 http cache caniuse-api@https://registry.npmjs.org/caniuse-api/-/caniuse-api-3.0.0.tgz 0ms (cache hit)
787 http cache camelcase@https://registry.npmjs.org/camelcase/-/camelcase-6.3.0.tgz 0ms (cache hit)
788 http cache callsites@https://registry.npmjs.org/callsites/-/callsites-3.1.0.tgz 0ms (cache hit)
789 http cache chalk@https://registry.npmjs.org/chalk/-/chalk-4.1.2.tgz 0ms (cache hit)
790 http cache call-bound@https://registry.npmjs.org/call-bound/-/call-bound-1.0.4.tgz 0ms (cache hit)
791 http cache cacheable-lookup@https://registry.npmjs.org/cacheable-lookup/-/cacheable-lookup-7.0.0.tgz 0ms (cache hit)
792 http cache cacheable-request@https://registry.npmjs.org/cacheable-request/-/cacheable-request-10.2.14.tgz 0ms (cache hit)
793 http cache bytes@https://registry.npmjs.org/bytes/-/bytes-3.0.0.tgz 0ms (cache hit)
794 http cache bytestreamjs@https://registry.npmjs.org/bytestreamjs/-/bytestreamjs-2.0.1.tgz 0ms (cache hit)
795 http cache bundle-name@https://registry.npmjs.org/bundle-name/-/bundle-name-4.1.0.tgz 0ms (cache hit)
796 http cache call-bind-apply-helpers@https://registry.npmjs.org/call-bind-apply-helpers/-/call-bind-apply-helpers-1.0.2.tgz 0ms (cache hit)
797 http cache browserslist@https://registry.npmjs.org/browserslist/-/browserslist-4.28.7.tgz 0ms (cache hit)
798 http cache braces@https://registry.npmjs.org/braces/-/braces-3.0.3.tgz 0ms (cache hit)
799 http cache buffer-from@https://registry.npmjs.org/buffer-from/-/buffer-from-1.1.2.tgz 0ms (cache hit)
800 http cache call-bind@https://registry.npmjs.org/call-bind/-/call-bind-1.0.9.tgz 0ms (cache hit)
801 http cache boxen@https://registry.npmjs.org/boxen/-/boxen-6.2.1.tgz 0ms (cache hit)
802 http cache boolbase@https://registry.npmjs.org/boolbase/-/boolbase-1.0.0.tgz 0ms (cache hit)
803 http cache brace-expansion@https://registry.npmjs.org/brace-expansion/-/brace-expansion-1.1.18.tgz 0ms (cache hit)
804 http cache binary-extensions@https://registry.npmjs.org/binary-extensions/-/binary-extensions-2.3.0.tgz 0ms (cache hit)
805 http cache baseline-browser-mapping@https://registry.npmjs.org/baseline-browser-mapping/-/baseline-browser-mapping-2.11.12.tgz 0ms (cache hit)
806 http cache big.js@https://registry.npmjs.org/big.js/-/big.js-5.2.2.tgz 0ms (cache hit)
807 http cache batch@https://registry.npmjs.org/batch/-/batch-0.6.1.tgz 0ms (cache hit)
808 http cache bail@https://registry.npmjs.org/bail/-/bail-2.0.2.tgz 0ms (cache hit)
809 http cache babel-plugin-polyfill-regenerator@https://registry.npmjs.org/babel-plugin-polyfill-regenerator/-/babel-plugin-polyfill-regenerator-0.6.8.tgz 0ms (cache hit)
810 http cache balanced-match@https://registry.npmjs.org/balanced-match/-/balanced-match-1.0.2.tgz 0ms (cache hit)
811 http cache babel-plugin-dynamic-import-node@https://registry.npmjs.org/babel-plugin-dynamic-import-node/-/babel-plugin-dynamic-import-node-2.3.3.tgz 0ms (cache hit)
812 http cache babel-loader@https://registry.npmjs.org/babel-loader/-/babel-loader-9.2.1.tgz 0ms (cache hit)
813 http cache autoprefixer@https://registry.npmjs.org/autoprefixer/-/autoprefixer-10.5.4.tgz 0ms (cache hit)
814 http cache babel-plugin-polyfill-corejs3@https://registry.npmjs.org/babel-plugin-polyfill-corejs3/-/babel-plugin-polyfill-corejs3-0.13.0.tgz 0ms (cache hit)
815 http cache astring@https://registry.npmjs.org/astring/-/astring-1.9.0.tgz 0ms (cache hit)
816 http cache array-union@https://registry.npmjs.org/array-union/-/array-union-2.1.0.tgz 0ms (cache hit)
817 http cache array-flatten@https://registry.npmjs.org/array-flatten/-/array-flatten-1.1.1.tgz 0ms (cache hit)
818 http cache asn1js@https://registry.npmjs.org/asn1js/-/asn1js-3.0.10.tgz 0ms (cache hit)
819 http cache ansi-styles@https://registry.npmjs.org/ansi-styles/-/ansi-styles-4.3.0.tgz 0ms (cache hit)
820 http cache arg@https://registry.npmjs.org/arg/-/arg-5.0.2.tgz 0ms (cache hit)
821 http cache anymatch@https://registry.npmjs.org/anymatch/-/anymatch-3.1.3.tgz 0ms (cache hit)
822 http cache argparse@https://registry.npmjs.org/argparse/-/argparse-2.0.1.tgz 0ms (cache hit)
823 http cache ansi-html-community@https://registry.npmjs.org/ansi-html-community/-/ansi-html-community-0.0.8.tgz 0ms (cache hit)
824 http cache ansis@https://registry.npmjs.org/ansis/-/ansis-3.17.0.tgz 0ms (cache hit)
825 http cache algoliasearch-helper@https://registry.npmjs.org/algoliasearch-helper/-/algoliasearch-helper-3.29.3.tgz 0ms (cache hit)
826 http cache ansi-regex@https://registry.npmjs.org/ansi-regex/-/ansi-regex-5.0.1.tgz 0ms (cache hit)
827 http cache ajv-formats@https://registry.npmjs.org/ajv-formats/-/ajv-formats-2.1.1.tgz 0ms (cache hit)
828 http cache aggregate-error@https://registry.npmjs.org/aggregate-error/-/aggregate-error-3.1.0.tgz 0ms (cache hit)
829 http cache acorn-jsx@https://registry.npmjs.org/acorn-jsx/-/acorn-jsx-5.3.2.tgz 0ms (cache hit)
830 http cache acorn-walk@https://registry.npmjs.org/acorn-walk/-/acorn-walk-8.3.5.tgz 0ms (cache hit)
831 http cache ajv-keywords@https://registry.npmjs.org/ajv-keywords/-/ajv-keywords-5.1.0.tgz 0ms (cache hit)
832 http cache acorn-import-phases@https://registry.npmjs.org/acorn-import-phases/-/acorn-import-phases-1.0.4.tgz 0ms (cache hit)
833 http cache address@https://registry.npmjs.org/address/-/address-2.0.3.tgz 0ms (cache hit)
834 http cache @xtuc/long@https://registry.npmjs.org/@xtuc/long/-/long-4.2.2.tgz 0ms (cache hit)
835 http cache @webassemblyjs/wast-printer@https://registry.npmjs.org/@webassemblyjs/wast-printer/-/wast-printer-1.14.1.tgz 0ms (cache hit)
836 http cache @xtuc/ieee754@https://registry.npmjs.org/@xtuc/ieee754/-/ieee754-1.2.0.tgz 0ms (cache hit)
837 http cache @webassemblyjs/wasm-opt@https://registry.npmjs.org/@webassemblyjs/wasm-opt/-/wasm-opt-1.14.1.tgz 0ms (cache hit)
838 http cache acorn@https://registry.npmjs.org/acorn/-/acorn-8.17.0.tgz 0ms (cache hit)
839 http cache @webassemblyjs/wasm-edit@https://registry.npmjs.org/@webassemblyjs/wasm-edit/-/wasm-edit-1.14.1.tgz 0ms (cache hit)
840 http cache @webassemblyjs/leb128@https://registry.npmjs.org/@webassemblyjs/leb128/-/leb128-1.13.2.tgz 0ms (cache hit)
841 http cache @webassemblyjs/helper-wasm-section@https://registry.npmjs.org/@webassemblyjs/helper-wasm-section/-/helper-wasm-section-1.14.1.tgz 0ms (cache hit)
842 http cache @webassemblyjs/utf8@https://registry.npmjs.org/@webassemblyjs/utf8/-/utf8-1.13.2.tgz 0ms (cache hit)
843 http cache @webassemblyjs/ieee754@https://registry.npmjs.org/@webassemblyjs/ieee754/-/ieee754-1.13.2.tgz 0ms (cache hit)
844 http cache @webassemblyjs/helper-wasm-bytecode@https://registry.npmjs.org/@webassemblyjs/helper-wasm-bytecode/-/helper-wasm-bytecode-1.13.2.tgz 0ms (cache hit)
845 http cache @webassemblyjs/helper-numbers@https://registry.npmjs.org/@webassemblyjs/helper-numbers/-/helper-numbers-1.13.2.tgz 0ms (cache hit)
846 http cache @webassemblyjs/helper-buffer@https://registry.npmjs.org/@webassemblyjs/helper-buffer/-/helper-buffer-1.14.1.tgz 0ms (cache hit)
847 http cache @types/yargs@https://registry.npmjs.org/@types/yargs/-/yargs-17.0.35.tgz 0ms (cache hit)
848 http cache @webassemblyjs/floating-point-hex-parser@https://registry.npmjs.org/@webassemblyjs/floating-point-hex-parser/-/floating-point-hex-parser-1.13.2.tgz 0ms (cache hit)
849 http cache @webassemblyjs/helper-api-error@https://registry.npmjs.org/@webassemblyjs/helper-api-error/-/helper-api-error-1.13.2.tgz 0ms (cache hit)
850 http cache @types/sockjs@https://registry.npmjs.org/@types/sockjs/-/sockjs-0.3.36.tgz 0ms (cache hit)
851 http cache @types/yargs-parser@https://registry.npmjs.org/@types/yargs-parser/-/yargs-parser-21.0.3.tgz 0ms (cache hit)
852 http cache @types/ws@https://registry.npmjs.org/@types/ws/-/ws-8.18.1.tgz 0ms (cache hit)
853 http cache @types/react-router-dom@https://registry.npmjs.org/@types/react-router-dom/-/react-router-dom-5.3.3.tgz 0ms (cache hit)
854 http cache @types/send@https://registry.npmjs.org/@types/send/-/send-1.2.1.tgz 0ms (cache hit)
855 http cache @types/react-router-config@https://registry.npmjs.org/@types/react-router-config/-/react-router-config-5.0.11.tgz 0ms (cache hit)
856 http cache @types/unist@https://registry.npmjs.org/@types/unist/-/unist-3.0.3.tgz 0ms (cache hit)
857 http cache @types/retry@https://registry.npmjs.org/@types/retry/-/retry-0.12.2.tgz 0ms (cache hit)
858 http cache @types/sax@https://registry.npmjs.org/@types/sax/-/sax-1.2.7.tgz 0ms (cache hit)
859 http cache @types/range-parser@https://registry.npmjs.org/@types/range-parser/-/range-parser-1.2.7.tgz 0ms (cache hit)
860 http cache @types/serve-index@https://registry.npmjs.org/@types/serve-index/-/serve-index-1.9.4.tgz 0ms (cache hit)
861 http cache @types/qs@https://registry.npmjs.org/@types/qs/-/qs-6.15.1.tgz 0ms (cache hit)
862 http cache @types/react@https://registry.npmjs.org/@types/react/-/react-19.2.17.tgz 0ms (cache hit)
863 http cache @types/prismjs@https://registry.npmjs.org/@types/prismjs/-/prismjs-1.26.6.tgz 0ms (cache hit)
864 http cache @types/mdx@https://registry.npmjs.org/@types/mdx/-/mdx-2.0.14.tgz 0ms (cache hit)
865 http cache @types/mime@https://registry.npmjs.org/@types/mime/-/mime-1.3.5.tgz 0ms (cache hit)
866 http cache @types/ms@https://registry.npmjs.org/@types/ms/-/ms-2.1.0.tgz 0ms (cache hit)
867 http cache @types/json-schema@https://registry.npmjs.org/@types/json-schema/-/json-schema-7.0.15.tgz 0ms (cache hit)
868 http cache @types/mdast@https://registry.npmjs.org/@types/mdast/-/mdast-4.0.4.tgz 0ms (cache hit)
869 http cache @types/istanbul-reports@https://registry.npmjs.org/@types/istanbul-reports/-/istanbul-reports-3.0.4.tgz 0ms (cache hit)
870 http cache @types/istanbul-lib-report@https://registry.npmjs.org/@types/istanbul-lib-report/-/istanbul-lib-report-3.0.3.tgz 0ms (cache hit)
871 http cache @types/istanbul-lib-coverage@https://registry.npmjs.org/@types/istanbul-lib-coverage/-/istanbul-lib-coverage-2.0.6.tgz 0ms (cache hit)
872 http cache @types/http-proxy@https://registry.npmjs.org/@types/http-proxy/-/http-proxy-1.17.17.tgz 0ms (cache hit)
873 http cache @types/http-errors@https://registry.npmjs.org/@types/http-errors/-/http-errors-2.0.5.tgz 0ms (cache hit)
874 http cache @types/react-router@https://registry.npmjs.org/@types/react-router/-/react-router-5.1.20.tgz 0ms (cache hit)
875 http cache @types/http-cache-semantics@https://registry.npmjs.org/@types/http-cache-semantics/-/http-cache-semantics-4.2.0.tgz 0ms (cache hit)
876 http cache @types/history@https://registry.npmjs.org/@types/history/-/history-4.7.11.tgz 0ms (cache hit)
877 http cache @types/hast@https://registry.npmjs.org/@types/hast/-/hast-3.0.5.tgz 0ms (cache hit)
878 http cache @types/express-serve-static-core@https://registry.npmjs.org/@types/express-serve-static-core/-/express-serve-static-core-4.19.9.tgz 0ms (cache hit)
879 http cache @types/express@https://registry.npmjs.org/@types/express/-/express-4.17.25.tgz 0ms (cache hit)
880 http cache @types/estree-jsx@https://registry.npmjs.org/@types/estree-jsx/-/estree-jsx-1.0.5.tgz 0ms (cache hit)
881 http cache @types/estree@https://registry.npmjs.org/@types/estree/-/estree-1.0.9.tgz 0ms (cache hit)
882 http cache @types/debug@https://registry.npmjs.org/@types/debug/-/debug-4.1.13.tgz 0ms (cache hit)
883 http cache @types/html-minifier-terser@https://registry.npmjs.org/@types/html-minifier-terser/-/html-minifier-terser-6.1.0.tgz 0ms (cache hit)
884 http cache @types/bonjour@https://registry.npmjs.org/@types/bonjour/-/bonjour-3.5.13.tgz 0ms (cache hit)
885 http cache @types/connect-history-api-fallback@https://registry.npmjs.org/@types/connect-history-api-fallback/-/connect-history-api-fallback-1.5.4.tgz 0ms (cache hit)
886 http cache @types/connect@https://registry.npmjs.org/@types/connect/-/connect-3.4.38.tgz 0ms (cache hit)
887 http cache @types/body-parser@https://registry.npmjs.org/@types/body-parser/-/body-parser-1.19.6.tgz 0ms (cache hit)
888 http cache @svgr/plugin-jsx@https://registry.npmjs.org/@svgr/plugin-jsx/-/plugin-jsx-8.1.0.tgz 0ms (cache hit)
889 http cache @svgr/webpack@https://registry.npmjs.org/@svgr/webpack/-/webpack-8.1.0.tgz 0ms (cache hit)
890 http cache @svgr/core@https://registry.npmjs.org/@svgr/core/-/core-8.1.0.tgz 0ms (cache hit)
891 http cache @svgr/hast-util-to-babel-ast@https://registry.npmjs.org/@svgr/hast-util-to-babel-ast/-/hast-util-to-babel-ast-8.0.0.tgz 0ms (cache hit)
892 http cache @svgr/babel-plugin-transform-svg-component@https://registry.npmjs.org/@svgr/babel-plugin-transform-svg-component/-/babel-plugin-transform-svg-component-8.0.0.tgz 0ms (cache hit)
893 http cache @svgr/babel-preset@https://registry.npmjs.org/@svgr/babel-preset/-/babel-preset-8.1.0.tgz 0ms (cache hit)
894 http cache @svgr/babel-plugin-svg-dynamic-title@https://registry.npmjs.org/@svgr/babel-plugin-svg-dynamic-title/-/babel-plugin-svg-dynamic-title-8.0.0.tgz 0ms (cache hit)
895 http cache @svgr/plugin-svgo@https://registry.npmjs.org/@svgr/plugin-svgo/-/plugin-svgo-8.1.0.tgz 0ms (cache hit)
896 http cache @svgr/babel-plugin-transform-react-native-svg@https://registry.npmjs.org/@svgr/babel-plugin-transform-react-native-svg/-/babel-plugin-transform-react-native-svg-8.1.0.tgz 0ms (cache hit)
897 http cache @svgr/babel-plugin-svg-em-dimensions@https://registry.npmjs.org/@svgr/babel-plugin-svg-em-dimensions/-/babel-plugin-svg-em-dimensions-8.0.0.tgz 0ms (cache hit)
898 http cache @svgr/babel-plugin-replace-jsx-attribute-value@https://registry.npmjs.org/@svgr/babel-plugin-replace-jsx-attribute-value/-/babel-plugin-replace-jsx-attribute-value-8.0.0.tgz 0ms (cache hit)
899 http cache @slorber/remark-comment@https://registry.npmjs.org/@slorber/remark-comment/-/remark-comment-1.0.0.tgz 0ms (cache hit)
900 http cache @sindresorhus/is@https://registry.npmjs.org/@sindresorhus/is/-/is-4.6.0.tgz 0ms (cache hit)
901 http cache @svgr/babel-plugin-add-jsx-attribute@https://registry.npmjs.org/@svgr/babel-plugin-add-jsx-attribute/-/babel-plugin-add-jsx-attribute-8.0.0.tgz 0ms (cache hit)
902 http cache @sinclair/typebox@https://registry.npmjs.org/@sinclair/typebox/-/typebox-0.27.12.tgz 0ms (cache hit)
903 http cache @svgr/babel-plugin-remove-jsx-empty-expression@https://registry.npmjs.org/@svgr/babel-plugin-remove-jsx-empty-expression/-/babel-plugin-remove-jsx-empty-expression-8.0.0.tgz 0ms (cache hit)
904 http cache @sideway/address@https://registry.npmjs.org/@sideway/address/-/address-4.1.5.tgz 0ms (cache hit)
905 http cache @svgr/babel-plugin-remove-jsx-attribute@https://registry.npmjs.org/@svgr/babel-plugin-remove-jsx-attribute/-/babel-plugin-remove-jsx-attribute-8.0.0.tgz 0ms (cache hit)
906 http cache @sideway/pinpoint@https://registry.npmjs.org/@sideway/pinpoint/-/pinpoint-2.0.0.tgz 0ms (cache hit)
907 http cache @noble/hashes@https://registry.npmjs.org/@noble/hashes/-/hashes-1.4.0.tgz 0ms (cache hit)
908 http cache @mdx-js/react@https://registry.npmjs.org/@mdx-js/react/-/react-3.1.1.tgz 0ms (cache hit)
909 http cache @pnpm/config.env-replace@https://registry.npmjs.org/@pnpm/config.env-replace/-/config.env-replace-1.1.0.tgz 0ms (cache hit)
910 http cache @sideway/formula@https://registry.npmjs.org/@sideway/formula/-/formula-3.0.1.tgz 0ms (cache hit)
911 http cache @pnpm/npm-conf@https://registry.npmjs.org/@pnpm/npm-conf/-/npm-conf-3.0.3.tgz 0ms (cache hit)
912 http cache @leichtgewicht/ip-codec@https://registry.npmjs.org/@leichtgewicht/ip-codec/-/ip-codec-2.0.5.tgz 0ms (cache hit)
913 http cache @peculiar/x509@https://registry.npmjs.org/@peculiar/x509/-/x509-1.14.3.tgz 0ms (cache hit)
914 http cache @jsonjoy.com/fs-fsa@https://registry.npmjs.org/@jsonjoy.com/fs-fsa/-/fs-fsa-4.68.0.tgz 0ms (cache hit)
915 http cache @polka/url@https://registry.npmjs.org/@polka/url/-/url-1.0.0-next.29.tgz 0ms (cache hit)
916 http cache @jridgewell/trace-mapping@https://registry.npmjs.org/@jridgewell/trace-mapping/-/trace-mapping-0.3.31.tgz 0ms (cache hit)
917 http cache @jsonjoy.com/fs-node-to-fsa@https://registry.npmjs.org/@jsonjoy.com/fs-node-to-fsa/-/fs-node-to-fsa-4.68.0.tgz 0ms (cache hit)
918 http cache @jridgewell/sourcemap-codec@https://registry.npmjs.org/@jridgewell/sourcemap-codec/-/sourcemap-codec-1.5.5.tgz 0ms (cache hit)
919 http cache @jridgewell/source-map@https://registry.npmjs.org/@jridgewell/source-map/-/source-map-0.3.11.tgz 0ms (cache hit)
920 http cache @jridgewell/remapping@https://registry.npmjs.org/@jridgewell/remapping/-/remapping-2.3.5.tgz 0ms (cache hit)
921 http cache @jest/schemas@https://registry.npmjs.org/@jest/schemas/-/schemas-29.6.3.tgz 0ms (cache hit)
922 http cache @jest/types@https://registry.npmjs.org/@jest/types/-/types-29.6.3.tgz 0ms (cache hit)
923 http cache @jsonjoy.com/fs-print@https://registry.npmjs.org/@jsonjoy.com/fs-print/-/fs-print-4.68.0.tgz 0ms (cache hit)
924 http cache @docusaurus/utils-common@https://registry.npmjs.org/@docusaurus/utils-common/-/utils-common-3.10.2.tgz 0ms (cache hit)
925 http cache @docusaurus/preset-classic@https://registry.npmjs.org/@docusaurus/preset-classic/-/preset-classic-3.10.2.tgz 0ms (cache hit)
926 http cache @hapi/topo@https://registry.npmjs.org/@hapi/topo/-/topo-5.1.0.tgz 0ms (cache hit)
927 http cache @docusaurus/types@https://registry.npmjs.org/@docusaurus/types/-/types-3.10.2.tgz 0ms (cache hit)
928 http cache @hapi/hoek@https://registry.npmjs.org/@hapi/hoek/-/hoek-9.3.0.tgz 0ms (cache hit)
929 http cache @docusaurus/plugin-google-tag-manager@https://registry.npmjs.org/@docusaurus/plugin-google-tag-manager/-/plugin-google-tag-manager-3.10.2.tgz 0ms (cache hit)
930 http cache @docusaurus/plugin-sitemap@https://registry.npmjs.org/@docusaurus/plugin-sitemap/-/plugin-sitemap-3.10.2.tgz 0ms (cache hit)
931 http cache @docusaurus/plugin-google-gtag@https://registry.npmjs.org/@docusaurus/plugin-google-gtag/-/plugin-google-gtag-3.10.2.tgz 0ms (cache hit)
932 http cache @docusaurus/plugin-google-analytics@https://registry.npmjs.org/@docusaurus/plugin-google-analytics/-/plugin-google-analytics-3.10.2.tgz 0ms (cache hit)
933 http cache @docusaurus/plugin-svgr@https://registry.npmjs.org/@docusaurus/plugin-svgr/-/plugin-svgr-3.10.2.tgz 0ms (cache hit)
934 http cache @docusaurus/plugin-content-pages@https://registry.npmjs.org/@docusaurus/plugin-content-pages/-/plugin-content-pages-3.10.2.tgz 0ms (cache hit)
935 http cache @docusaurus/plugin-css-cascade-layers@https://registry.npmjs.org/@docusaurus/plugin-css-cascade-layers/-/plugin-css-cascade-layers-3.10.2.tgz 0ms (cache hit)
936 http cache @docusaurus/babel@https://registry.npmjs.org/@docusaurus/babel/-/babel-3.10.2.tgz 0ms (cache hit)
937 http cache @docusaurus/module-type-aliases@https://registry.npmjs.org/@docusaurus/module-type-aliases/-/module-type-aliases-3.10.2.tgz 0ms (cache hit)
938 http cache @docsearch/css@https://registry.npmjs.org/@docsearch/css/-/css-4.7.0.tgz 0ms (cache hit)
939 http cache @docusaurus/utils-validation@https://registry.npmjs.org/@docusaurus/utils-validation/-/utils-validation-3.10.2.tgz 0ms (cache hit)
940 http cache @discoveryjs/json-ext@https://registry.npmjs.org/@discoveryjs/json-ext/-/json-ext-0.5.7.tgz 0ms (cache hit)
941 http cache @csstools/utilities@https://registry.npmjs.org/@csstools/utilities/-/utilities-2.0.0.tgz 0ms (cache hit)
942 http cache @csstools/selector-specificity@https://registry.npmjs.org/@csstools/selector-specificity/-/selector-specificity-5.0.0.tgz 0ms (cache hit)
943 http cache @csstools/postcss-unset-value@https://registry.npmjs.org/@csstools/postcss-unset-value/-/postcss-unset-value-4.0.0.tgz 0ms (cache hit)
944 http cache @csstools/postcss-syntax-descriptor-syntax-production@https://registry.npmjs.org/@csstools/postcss-syntax-descriptor-syntax-production/-/postcss-syntax-descriptor-syntax-production-1.0.1.tgz 0ms (cache hit)
945 http cache @csstools/postcss-stepped-value-functions@https://registry.npmjs.org/@csstools/postcss-stepped-value-functions/-/postcss-stepped-value-functions-4.0.9.tgz 0ms (cache hit)
946 http cache @csstools/postcss-text-decoration-shorthand@https://registry.npmjs.org/@csstools/postcss-text-decoration-shorthand/-/postcss-text-decoration-shorthand-4.0.3.tgz 0ms (cache hit)
947 http cache @csstools/postcss-trigonometric-functions@https://registry.npmjs.org/@csstools/postcss-trigonometric-functions/-/postcss-trigonometric-functions-4.0.9.tgz 0ms (cache hit)
948 http cache @csstools/postcss-sign-functions@https://registry.npmjs.org/@csstools/postcss-sign-functions/-/postcss-sign-functions-1.1.4.tgz 0ms (cache hit)
949 http cache @csstools/postcss-relative-color-syntax@https://registry.npmjs.org/@csstools/postcss-relative-color-syntax/-/postcss-relative-color-syntax-3.0.12.tgz 0ms (cache hit)
950 http cache @csstools/postcss-random-function@https://registry.npmjs.org/@csstools/postcss-random-function/-/postcss-random-function-2.0.1.tgz 0ms (cache hit)
951 http cache @csstools/postcss-property-rule-prelude-list@https://registry.npmjs.org/@csstools/postcss-property-rule-prelude-list/-/postcss-property-rule-prelude-list-1.0.0.tgz 0ms (cache hit)
952 http cache @csstools/postcss-progressive-custom-properties@https://registry.npmjs.org/@csstools/postcss-progressive-custom-properties/-/postcss-progressive-custom-properties-4.2.1.tgz 0ms (cache hit)
953 http cache @csstools/postcss-oklab-function@https://registry.npmjs.org/@csstools/postcss-oklab-function/-/postcss-oklab-function-4.0.12.tgz 0ms (cache hit)
954 http cache @csstools/selector-resolve-nested@https://registry.npmjs.org/@csstools/selector-resolve-nested/-/selector-resolve-nested-3.1.0.tgz 0ms (cache hit)
955 http cache @csstools/postcss-system-ui-font-family@https://registry.npmjs.org/@csstools/postcss-system-ui-font-family/-/postcss-system-ui-font-family-1.0.0.tgz 0ms (cache hit)
956 http cache @csstools/postcss-position-area-property@https://registry.npmjs.org/@csstools/postcss-position-area-property/-/postcss-position-area-property-1.0.0.tgz 0ms (cache hit)
957 http cache @csstools/postcss-normalize-display-values@https://registry.npmjs.org/@csstools/postcss-normalize-display-values/-/postcss-normalize-display-values-4.0.1.tgz 0ms (cache hit)
958 http cache @csstools/postcss-media-queries-aspect-ratio-number-values@https://registry.npmjs.org/@csstools/postcss-media-queries-aspect-ratio-number-values/-/postcss-media-queries-aspect-ratio-number-values-3.0.5.tgz 0ms (cache hit)
959 http cache @csstools/postcss-nested-calc@https://registry.npmjs.org/@csstools/postcss-nested-calc/-/postcss-nested-calc-4.0.0.tgz 0ms (cache hit)
960 http cache @csstools/postcss-media-minmax@https://registry.npmjs.org/@csstools/postcss-media-minmax/-/postcss-media-minmax-2.0.9.tgz 0ms (cache hit)
961 http cache @csstools/postcss-logical-viewport-units@https://registry.npmjs.org/@csstools/postcss-logical-viewport-units/-/postcss-logical-viewport-units-3.0.4.tgz 0ms (cache hit)
962 http cache @csstools/postcss-logical-resize@https://registry.npmjs.org/@csstools/postcss-logical-resize/-/postcss-logical-resize-3.0.0.tgz 0ms (cache hit)
963 http cache @csstools/postcss-logical-overflow@https://registry.npmjs.org/@csstools/postcss-logical-overflow/-/postcss-logical-overflow-2.0.0.tgz 0ms (cache hit)
964 http cache @csstools/postcss-logical-overscroll-behavior@https://registry.npmjs.org/@csstools/postcss-logical-overscroll-behavior/-/postcss-logical-overscroll-behavior-2.0.0.tgz 0ms (cache hit)
965 http cache @csstools/postcss-initial@https://registry.npmjs.org/@csstools/postcss-initial/-/postcss-initial-2.0.1.tgz 0ms (cache hit)
966 http cache @csstools/postcss-logical-float-and-clear@https://registry.npmjs.org/@csstools/postcss-logical-float-and-clear/-/postcss-logical-float-and-clear-3.0.0.tgz 0ms (cache hit)
967 http cache @csstools/postcss-light-dark-function@https://registry.npmjs.org/@csstools/postcss-light-dark-function/-/postcss-light-dark-function-2.0.11.tgz 0ms (cache hit)
968 http cache @csstools/postcss-hwb-function@https://registry.npmjs.org/@csstools/postcss-hwb-function/-/postcss-hwb-function-4.0.12.tgz 0ms (cache hit)
969 http cache @csstools/postcss-font-format-keywords@https://registry.npmjs.org/@csstools/postcss-font-format-keywords/-/postcss-font-format-keywords-4.0.0.tgz 0ms (cache hit)
970 http cache @csstools/postcss-ic-unit@https://registry.npmjs.org/@csstools/postcss-ic-unit/-/postcss-ic-unit-4.0.4.tgz 0ms (cache hit)
971 http cache @csstools/postcss-exponential-functions@https://registry.npmjs.org/@csstools/postcss-exponential-functions/-/postcss-exponential-functions-2.0.9.tgz 0ms (cache hit)
972 http cache @csstools/postcss-gamut-mapping@https://registry.npmjs.org/@csstools/postcss-gamut-mapping/-/postcss-gamut-mapping-2.0.11.tgz 0ms (cache hit)
973 http cache @csstools/postcss-color-mix-variadic-function-arguments@https://registry.npmjs.org/@csstools/postcss-color-mix-variadic-function-arguments/-/postcss-color-mix-variadic-function-arguments-1.0.2.tgz 0ms (cache hit)
974 http cache @csstools/postcss-content-alt-text@https://registry.npmjs.org/@csstools/postcss-content-alt-text/-/postcss-content-alt-text-2.0.8.tgz 0ms (cache hit)
975 http cache @csstools/postcss-color-mix-function@https://registry.npmjs.org/@csstools/postcss-color-mix-function/-/postcss-color-mix-function-3.0.12.tgz 0ms (cache hit)
976 http cache @csstools/postcss-contrast-color-function@https://registry.npmjs.org/@csstools/postcss-contrast-color-function/-/postcss-contrast-color-function-2.0.12.tgz 0ms (cache hit)
977 http cache @csstools/postcss-color-function-display-p3-linear@https://registry.npmjs.org/@csstools/postcss-color-function-display-p3-linear/-/postcss-color-function-display-p3-linear-1.0.1.tgz 0ms (cache hit)
978 http cache @csstools/postcss-alpha-function@https://registry.npmjs.org/@csstools/postcss-alpha-function/-/postcss-alpha-function-1.0.1.tgz 0ms (cache hit)
979 http cache @csstools/media-query-list-parser@https://registry.npmjs.org/@csstools/media-query-list-parser/-/media-query-list-parser-4.0.3.tgz 0ms (cache hit)
980 http cache @csstools/css-tokenizer@https://registry.npmjs.org/@csstools/css-tokenizer/-/css-tokenizer-3.0.4.tgz 0ms (cache hit)
981 http cache @csstools/postcss-gradients-interpolation-method@https://registry.npmjs.org/@csstools/postcss-gradients-interpolation-method/-/postcss-gradients-interpolation-method-5.0.12.tgz 0ms (cache hit)
982 http cache @csstools/css-color-parser@https://registry.npmjs.org/@csstools/css-color-parser/-/css-color-parser-3.1.0.tgz 0ms (cache hit)
983 http cache @csstools/css-calc@https://registry.npmjs.org/@csstools/css-calc/-/css-calc-2.1.4.tgz 0ms (cache hit)
984 http cache @csstools/postcss-color-function@https://registry.npmjs.org/@csstools/postcss-color-function/-/postcss-color-function-4.0.12.tgz 0ms (cache hit)
985 http cache @csstools/cascade-layer-name-parser@https://registry.npmjs.org/@csstools/cascade-layer-name-parser/-/cascade-layer-name-parser-2.0.5.tgz 0ms (cache hit)
986 http cache @csstools/color-helpers@https://registry.npmjs.org/@csstools/color-helpers/-/color-helpers-5.1.0.tgz 0ms (cache hit)
987 http cache @babel/template@https://registry.npmjs.org/@babel/template/-/template-7.29.7.tgz 0ms (cache hit)
988 http cache @csstools/css-parser-algorithms@https://registry.npmjs.org/@csstools/css-parser-algorithms/-/css-parser-algorithms-3.0.5.tgz 0ms (cache hit)
989 http cache @babel/preset-react@https://registry.npmjs.org/@babel/preset-react/-/preset-react-7.29.7.tgz 0ms (cache hit)
990 http cache @babel/plugin-transform-unicode-sets-regex@https://registry.npmjs.org/@babel/plugin-transform-unicode-sets-regex/-/plugin-transform-unicode-sets-regex-7.29.7.tgz 0ms (cache hit)
991 http cache @babel/preset-typescript@https://registry.npmjs.org/@babel/preset-typescript/-/preset-typescript-7.29.7.tgz 0ms (cache hit)
992 http cache @babel/plugin-transform-unicode-escapes@https://registry.npmjs.org/@babel/plugin-transform-unicode-escapes/-/plugin-transform-unicode-escapes-7.29.7.tgz 0ms (cache hit)
993 http cache @babel/plugin-transform-unicode-regex@https://registry.npmjs.org/@babel/plugin-transform-unicode-regex/-/plugin-transform-unicode-regex-7.29.7.tgz 0ms (cache hit)
994 http cache @babel/plugin-transform-typescript@https://registry.npmjs.org/@babel/plugin-transform-typescript/-/plugin-transform-typescript-7.29.7.tgz 0ms (cache hit)
995 http cache @babel/plugin-transform-unicode-property-regex@https://registry.npmjs.org/@babel/plugin-transform-unicode-property-regex/-/plugin-transform-unicode-property-regex-7.29.7.tgz 0ms (cache hit)
996 http cache @babel/plugin-transform-sticky-regex@https://registry.npmjs.org/@babel/plugin-transform-sticky-regex/-/plugin-transform-sticky-regex-7.29.7.tgz 0ms (cache hit)
997 http cache @babel/plugin-transform-spread@https://registry.npmjs.org/@babel/plugin-transform-spread/-/plugin-transform-spread-7.29.8.tgz 0ms (cache hit)
998 http cache @babel/plugin-transform-shorthand-properties@https://registry.npmjs.org/@babel/plugin-transform-shorthand-properties/-/plugin-transform-shorthand-properties-7.29.7.tgz 0ms (cache hit)
999 http cache @babel/plugin-transform-typeof-symbol@https://registry.npmjs.org/@babel/plugin-transform-typeof-symbol/-/plugin-transform-typeof-symbol-7.29.7.tgz 0ms (cache hit)
1000 http cache @babel/plugin-transform-react-pure-annotations@https://registry.npmjs.org/@babel/plugin-transform-react-pure-annotations/-/plugin-transform-react-pure-annotations-7.29.7.tgz 0ms (cache hit)
1001 http cache @babel/plugin-transform-react-jsx@https://registry.npmjs.org/@babel/plugin-transform-react-jsx/-/plugin-transform-react-jsx-7.29.7.tgz 0ms (cache hit)
1002 http cache @babel/plugin-transform-regexp-modifiers@https://registry.npmjs.org/@babel/plugin-transform-regexp-modifiers/-/plugin-transform-regexp-modifiers-7.29.7.tgz 0ms (cache hit)
1003 http cache @babel/plugin-transform-react-display-name@https://registry.npmjs.org/@babel/plugin-transform-react-display-name/-/plugin-transform-react-display-name-7.29.7.tgz 0ms (cache hit)
1004 http cache @babel/plugin-transform-react-constant-elements@https://registry.npmjs.org/@babel/plugin-transform-react-constant-elements/-/plugin-transform-react-constant-elements-7.29.7.tgz 0ms (cache hit)
1005 http cache @babel/plugin-transform-template-literals@https://registry.npmjs.org/@babel/plugin-transform-template-literals/-/plugin-transform-template-literals-7.29.7.tgz 0ms (cache hit)
1006 http cache @babel/plugin-transform-property-literals@https://registry.npmjs.org/@babel/plugin-transform-property-literals/-/plugin-transform-property-literals-7.29.7.tgz 0ms (cache hit)
1007 http cache @babel/plugin-transform-private-property-in-object@https://registry.npmjs.org/@babel/plugin-transform-private-property-in-object/-/plugin-transform-private-property-in-object-7.29.7.tgz 0ms (cache hit)
1008 http cache @babel/plugin-transform-react-jsx-development@https://registry.npmjs.org/@babel/plugin-transform-react-jsx-development/-/plugin-transform-react-jsx-development-7.29.7.tgz 0ms (cache hit)
1009 http cache @babel/plugin-transform-reserved-words@https://registry.npmjs.org/@babel/plugin-transform-reserved-words/-/plugin-transform-reserved-words-7.29.7.tgz 0ms (cache hit)
1010 http cache @babel/plugin-transform-parameters@https://registry.npmjs.org/@babel/plugin-transform-parameters/-/plugin-transform-parameters-7.29.7.tgz 0ms (cache hit)
1011 http cache @babel/plugin-transform-optional-chaining@https://registry.npmjs.org/@babel/plugin-transform-optional-chaining/-/plugin-transform-optional-chaining-7.29.7.tgz 0ms (cache hit)
1012 http cache @babel/plugin-transform-object-super@https://registry.npmjs.org/@babel/plugin-transform-object-super/-/plugin-transform-object-super-7.29.7.tgz 0ms (cache hit)
1013 http cache @babel/plugin-transform-private-methods@https://registry.npmjs.org/@babel/plugin-transform-private-methods/-/plugin-transform-private-methods-7.29.7.tgz 0ms (cache hit)
1014 http cache @babel/plugin-transform-optional-catch-binding@https://registry.npmjs.org/@babel/plugin-transform-optional-catch-binding/-/plugin-transform-optional-catch-binding-7.29.7.tgz 0ms (cache hit)
1015 http cache @babel/plugin-transform-numeric-separator@https://registry.npmjs.org/@babel/plugin-transform-numeric-separator/-/plugin-transform-numeric-separator-7.29.7.tgz 0ms (cache hit)
1016 http cache @babel/plugin-transform-object-rest-spread@https://registry.npmjs.org/@babel/plugin-transform-object-rest-spread/-/plugin-transform-object-rest-spread-7.29.7.tgz 0ms (cache hit)
1017 http cache @babel/plugin-transform-named-capturing-groups-regex@https://registry.npmjs.org/@babel/plugin-transform-named-capturing-groups-regex/-/plugin-transform-named-capturing-groups-regex-7.29.7.tgz 0ms (cache hit)
1018 http cache @babel/plugin-transform-nullish-coalescing-operator@https://registry.npmjs.org/@babel/plugin-transform-nullish-coalescing-operator/-/plugin-transform-nullish-coalescing-operator-7.29.7.tgz 0ms (cache hit)
1019 http cache @babel/plugin-transform-modules-systemjs@https://registry.npmjs.org/@babel/plugin-transform-modules-systemjs/-/plugin-transform-modules-systemjs-7.29.8.tgz 0ms (cache hit)
1020 http cache @babel/plugin-transform-modules-commonjs@https://registry.npmjs.org/@babel/plugin-transform-modules-commonjs/-/plugin-transform-modules-commonjs-7.29.7.tgz 0ms (cache hit)
1021 http cache @babel/plugin-transform-modules-amd@https://registry.npmjs.org/@babel/plugin-transform-modules-amd/-/plugin-transform-modules-amd-7.29.7.tgz 0ms (cache hit)
1022 http cache @babel/plugin-transform-new-target@https://registry.npmjs.org/@babel/plugin-transform-new-target/-/plugin-transform-new-target-7.29.7.tgz 0ms (cache hit)
1023 http cache @babel/plugin-transform-literals@https://registry.npmjs.org/@babel/plugin-transform-literals/-/plugin-transform-literals-7.29.7.tgz 0ms (cache hit)
1024 http cache @babel/plugin-transform-modules-umd@https://registry.npmjs.org/@babel/plugin-transform-modules-umd/-/plugin-transform-modules-umd-7.29.7.tgz 0ms (cache hit)
1025 http cache @babel/plugin-transform-member-expression-literals@https://registry.npmjs.org/@babel/plugin-transform-member-expression-literals/-/plugin-transform-member-expression-literals-7.29.7.tgz 0ms (cache hit)
1026 http cache @babel/plugin-transform-json-strings@https://registry.npmjs.org/@babel/plugin-transform-json-strings/-/plugin-transform-json-strings-7.29.7.tgz 0ms (cache hit)
1027 http cache @babel/plugin-transform-logical-assignment-operators@https://registry.npmjs.org/@babel/plugin-transform-logical-assignment-operators/-/plugin-transform-logical-assignment-operators-7.29.7.tgz 0ms (cache hit)
1028 http cache @babel/plugin-transform-export-namespace-from@https://registry.npmjs.org/@babel/plugin-transform-export-namespace-from/-/plugin-transform-export-namespace-from-7.29.7.tgz 0ms (cache hit)
1029 http cache @babel/plugin-transform-dynamic-import@https://registry.npmjs.org/@babel/plugin-transform-dynamic-import/-/plugin-transform-dynamic-import-7.29.7.tgz 0ms (cache hit)
1030 http cache @babel/plugin-transform-for-of@https://registry.npmjs.org/@babel/plugin-transform-for-of/-/plugin-transform-for-of-7.29.7.tgz 0ms (cache hit)
1031 http cache @babel/plugin-transform-function-name@https://registry.npmjs.org/@babel/plugin-transform-function-name/-/plugin-transform-function-name-7.29.7.tgz 0ms (cache hit)
1032 http cache @babel/plugin-transform-explicit-resource-management@https://registry.npmjs.org/@babel/plugin-transform-explicit-resource-management/-/plugin-transform-explicit-resource-management-7.29.7.tgz 0ms (cache hit)
1033 http cache @babel/plugin-transform-duplicate-named-capturing-groups-regex@https://registry.npmjs.org/@babel/plugin-transform-duplicate-named-capturing-groups-regex/-/plugin-transform-duplicate-named-capturing-groups-regex-7.29.7.tgz 0ms (cache hit)
1034 http cache @babel/plugin-transform-computed-properties@https://registry.npmjs.org/@babel/plugin-transform-computed-properties/-/plugin-transform-computed-properties-7.29.7.tgz 0ms (cache hit)
1035 http cache @babel/plugin-transform-class-static-block@https://registry.npmjs.org/@babel/plugin-transform-class-static-block/-/plugin-transform-class-static-block-7.29.7.tgz 0ms (cache hit)
1036 http cache @babel/plugin-transform-exponentiation-operator@https://registry.npmjs.org/@babel/plugin-transform-exponentiation-operator/-/plugin-transform-exponentiation-operator-7.29.7.tgz 0ms (cache hit)
1037 http cache @babel/plugin-transform-classes@https://registry.npmjs.org/@babel/plugin-transform-classes/-/plugin-transform-classes-7.29.7.tgz 0ms (cache hit)
1038 http cache @babel/plugin-transform-duplicate-keys@https://registry.npmjs.org/@babel/plugin-transform-duplicate-keys/-/plugin-transform-duplicate-keys-7.29.7.tgz 0ms (cache hit)
1039 http cache @babel/plugin-transform-destructuring@https://registry.npmjs.org/@babel/plugin-transform-destructuring/-/plugin-transform-destructuring-7.29.7.tgz 0ms (cache hit)
1040 http cache @babel/plugin-transform-block-scoping@https://registry.npmjs.org/@babel/plugin-transform-block-scoping/-/plugin-transform-block-scoping-7.29.7.tgz 0ms (cache hit)
1041 http cache @babel/plugin-syntax-unicode-sets-regex@https://registry.npmjs.org/@babel/plugin-syntax-unicode-sets-regex/-/plugin-syntax-unicode-sets-regex-7.18.6.tgz 0ms (cache hit)
1042 http cache @babel/plugin-transform-dotall-regex@https://registry.npmjs.org/@babel/plugin-transform-dotall-regex/-/plugin-transform-dotall-regex-7.29.7.tgz 0ms (cache hit)
1043 http cache @babel/plugin-syntax-typescript@https://registry.npmjs.org/@babel/plugin-syntax-typescript/-/plugin-syntax-typescript-7.29.7.tgz 0ms (cache hit)
1044 http cache @babel/plugin-transform-async-generator-functions@https://registry.npmjs.org/@babel/plugin-transform-async-generator-functions/-/plugin-transform-async-generator-functions-7.29.7.tgz 0ms (cache hit)
1045 http cache @babel/plugin-transform-arrow-functions@https://registry.npmjs.org/@babel/plugin-transform-arrow-functions/-/plugin-transform-arrow-functions-7.29.7.tgz 0ms (cache hit)
1046 http cache @babel/plugin-syntax-jsx@https://registry.npmjs.org/@babel/plugin-syntax-jsx/-/plugin-syntax-jsx-7.29.7.tgz 0ms (cache hit)
1047 http cache @babel/plugin-syntax-import-attributes@https://registry.npmjs.org/@babel/plugin-syntax-import-attributes/-/plugin-syntax-import-attributes-7.29.7.tgz 0ms (cache hit)
1048 http cache @babel/plugin-transform-async-to-generator@https://registry.npmjs.org/@babel/plugin-transform-async-to-generator/-/plugin-transform-async-to-generator-7.29.7.tgz 0ms (cache hit)
1049 http cache @babel/plugin-transform-block-scoped-functions@https://registry.npmjs.org/@babel/plugin-transform-block-scoped-functions/-/plugin-transform-block-scoped-functions-7.29.7.tgz 0ms (cache hit)
1050 http cache @babel/plugin-proposal-private-property-in-object@https://registry.npmjs.org/@babel/plugin-proposal-private-property-in-object/-/plugin-proposal-private-property-in-object-7.21.0-placeholder-for-preset-env.2.tgz 0ms (cache hit)
1051 http cache @babel/plugin-syntax-import-assertions@https://registry.npmjs.org/@babel/plugin-syntax-import-assertions/-/plugin-syntax-import-assertions-7.29.7.tgz 0ms (cache hit)
1052 http cache @babel/plugin-bugfix-v8-static-class-fields-redefine-readonly@https://registry.npmjs.org/@babel/plugin-bugfix-v8-static-class-fields-redefine-readonly/-/plugin-bugfix-v8-static-class-fields-redefine-readonly-7.29.7.tgz 0ms (cache hit)
1053 http cache @babel/plugin-bugfix-v8-spread-parameters-in-optional-chaining@https://registry.npmjs.org/@babel/plugin-bugfix-v8-spread-parameters-in-optional-chaining/-/plugin-bugfix-v8-spread-parameters-in-optional-chaining-7.29.7.tgz 0ms (cache hit)
1054 http cache @babel/plugin-transform-class-properties@https://registry.npmjs.org/@babel/plugin-transform-class-properties/-/plugin-transform-class-properties-7.29.7.tgz 0ms (cache hit)
1055 http cache @babel/plugin-syntax-dynamic-import@https://registry.npmjs.org/@babel/plugin-syntax-dynamic-import/-/plugin-syntax-dynamic-import-7.8.3.tgz 0ms (cache hit)
1056 http cache @babel/plugin-bugfix-safari-class-field-initializer-scope@https://registry.npmjs.org/@babel/plugin-bugfix-safari-class-field-initializer-scope/-/plugin-bugfix-safari-class-field-initializer-scope-7.29.7.tgz 0ms (cache hit)
1057 http cache @babel/parser@https://registry.npmjs.org/@babel/parser/-/parser-7.29.8.tgz 0ms (cache hit)
1058 http cache @babel/plugin-bugfix-firefox-class-in-computed-class-key@https://registry.npmjs.org/@babel/plugin-bugfix-firefox-class-in-computed-class-key/-/plugin-bugfix-firefox-class-in-computed-class-key-7.29.7.tgz 0ms (cache hit)
1059 http cache @babel/helper-validator-identifier@https://registry.npmjs.org/@babel/helper-validator-identifier/-/helper-validator-identifier-7.29.7.tgz 0ms (cache hit)
1060 http cache @babel/plugin-bugfix-safari-rest-destructuring-rhs-array@https://registry.npmjs.org/@babel/plugin-bugfix-safari-rest-destructuring-rhs-array/-/plugin-bugfix-safari-rest-destructuring-rhs-array-7.29.7.tgz 0ms (cache hit)
1061 http cache @babel/plugin-bugfix-safari-id-destructuring-collision-in-function-expression@https://registry.npmjs.org/@babel/plugin-bugfix-safari-id-destructuring-collision-in-function-expression/-/plugin-bugfix-safari-id-destructuring-collision-in-function-expression-7.29.7.tgz 0ms (cache hit)
1062 http cache @babel/helper-validator-option@https://registry.npmjs.org/@babel/helper-validator-option/-/helper-validator-option-7.29.7.tgz 0ms (cache hit)
1063 http cache @babel/helper-string-parser@https://registry.npmjs.org/@babel/helper-string-parser/-/helper-string-parser-7.29.7.tgz 0ms (cache hit)
1064 http cache @babel/helper-wrap-function@https://registry.npmjs.org/@babel/helper-wrap-function/-/helper-wrap-function-7.29.7.tgz 0ms (cache hit)
1065 http cache @babel/helper-plugin-utils@https://registry.npmjs.org/@babel/helper-plugin-utils/-/helper-plugin-utils-7.29.7.tgz 0ms (cache hit)
1066 http cache @babel/helper-skip-transparent-expression-wrappers@https://registry.npmjs.org/@babel/helper-skip-transparent-expression-wrappers/-/helper-skip-transparent-expression-wrappers-7.29.7.tgz 0ms (cache hit)
1067 http cache @babel/helper-remap-async-to-generator@https://registry.npmjs.org/@babel/helper-remap-async-to-generator/-/helper-remap-async-to-generator-7.29.7.tgz 0ms (cache hit)
1068 http cache @babel/helper-module-imports@https://registry.npmjs.org/@babel/helper-module-imports/-/helper-module-imports-7.29.7.tgz 0ms (cache hit)
1069 http cache @babel/helper-replace-supers@https://registry.npmjs.org/@babel/helper-replace-supers/-/helper-replace-supers-7.29.7.tgz 0ms (cache hit)
1070 http cache @babel/helper-module-transforms@https://registry.npmjs.org/@babel/helper-module-transforms/-/helper-module-transforms-7.29.7.tgz 0ms (cache hit)
1071 http cache @babel/helper-optimise-call-expression@https://registry.npmjs.org/@babel/helper-optimise-call-expression/-/helper-optimise-call-expression-7.29.7.tgz 0ms (cache hit)
1072 http cache @babel/compat-data@https://registry.npmjs.org/@babel/compat-data/-/compat-data-7.29.7.tgz 0ms (cache hit)
1073 http cache @babel/code-frame@https://registry.npmjs.org/@babel/code-frame/-/code-frame-7.29.7.tgz 0ms (cache hit)
1074 http cache @babel/helper-globals@https://registry.npmjs.org/@babel/helper-globals/-/helper-globals-7.29.7.tgz 0ms (cache hit)
1075 http cache @algolia/requester-node-http@https://registry.npmjs.org/@algolia/requester-node-http/-/requester-node-http-5.56.0.tgz 0ms (cache hit)
1076 http cache @algolia/requester-fetch@https://registry.npmjs.org/@algolia/requester-fetch/-/requester-fetch-5.56.0.tgz 0ms (cache hit)
1077 http cache @babel/helper-member-expression-to-functions@https://registry.npmjs.org/@babel/helper-member-expression-to-functions/-/helper-member-expression-to-functions-7.29.7.tgz 0ms (cache hit)
1078 http cache @algolia/requester-browser-xhr@https://registry.npmjs.org/@algolia/requester-browser-xhr/-/requester-browser-xhr-5.56.0.tgz 0ms (cache hit)
1079 http cache @babel/helper-annotate-as-pure@https://registry.npmjs.org/@babel/helper-annotate-as-pure/-/helper-annotate-as-pure-7.29.7.tgz 0ms (cache hit)
1080 http cache @algolia/client-common@https://registry.npmjs.org/@algolia/client-common/-/client-common-5.56.0.tgz 0ms (cache hit)
1081 http cache @algolia/events@https://registry.npmjs.org/@algolia/events/-/events-4.0.1.tgz 0ms (cache hit)
1082 http cache @webassemblyjs/wasm-gen@https://registry.npmjs.org/@webassemblyjs/wasm-gen/-/wasm-gen-1.14.1.tgz 0ms (cache hit)
1083 http cache @webassemblyjs/ast@https://registry.npmjs.org/@webassemblyjs/ast/-/ast-1.14.1.tgz 0ms (cache hit)
1084 http cache @ungap/structured-clone@https://registry.npmjs.org/@ungap/structured-clone/-/structured-clone-1.3.3.tgz 0ms (cache hit)
1085 http cache @jsonjoy.com/fs-snapshot@https://registry.npmjs.org/@jsonjoy.com/fs-snapshot/-/fs-snapshot-4.68.0.tgz 0ms (cache hit)
1086 http cache @types/serve-static@https://registry.npmjs.org/@types/serve-static/-/serve-static-1.15.10.tgz 0ms (cache hit)
1087 http cache @11ty/gray-matter@https://registry.npmjs.org/@11ty/gray-matter/-/gray-matter-1.0.0.tgz 0ms (cache hit)
1088 http cache @types/node@https://registry.npmjs.org/@types/node/-/node-26.1.1.tgz 0ms (cache hit)
1089 http cache @szmarczak/http-timer@https://registry.npmjs.org/@szmarczak/http-timer/-/http-timer-5.0.1.tgz 0ms (cache hit)
1090 http cache @webassemblyjs/wasm-parser@https://registry.npmjs.org/@webassemblyjs/wasm-parser/-/wasm-parser-1.14.1.tgz 0ms (cache hit)
1091 http cache @pnpm/network.ca-file@https://registry.npmjs.org/@pnpm/network.ca-file/-/network.ca-file-1.0.2.tgz 0ms (cache hit)
1092 http cache @peculiar/asn1-schema@https://registry.npmjs.org/@peculiar/asn1-schema/-/asn1-schema-2.8.0.tgz 0ms (cache hit)
1093 http cache @docusaurus/theme-translations@https://registry.npmjs.org/@docusaurus/theme-translations/-/theme-translations-3.10.2.tgz 0ms (cache hit)
1094 http cache @peculiar/utils@https://registry.npmjs.org/@peculiar/utils/-/utils-2.0.3.tgz 0ms (cache hit)
1095 http cache @peculiar/asn1-rsa@https://registry.npmjs.org/@peculiar/asn1-rsa/-/asn1-rsa-2.8.0.tgz 0ms (cache hit)
1096 http cache @peculiar/asn1-x509@https://registry.npmjs.org/@peculiar/asn1-x509/-/asn1-x509-2.8.0.tgz 0ms (cache hit)
1097 http cache @peculiar/asn1-pkcs9@https://registry.npmjs.org/@peculiar/asn1-pkcs9/-/asn1-pkcs9-2.8.0.tgz 0ms (cache hit)
1098 http cache @peculiar/asn1-pfx@https://registry.npmjs.org/@peculiar/asn1-pfx/-/asn1-pfx-2.8.0.tgz 0ms (cache hit)
1099 http cache @peculiar/asn1-csr@https://registry.npmjs.org/@peculiar/asn1-csr/-/asn1-csr-2.8.0.tgz 0ms (cache hit)
1100 http cache @nodelib/fs.walk@https://registry.npmjs.org/@nodelib/fs.walk/-/fs.walk-1.2.8.tgz 0ms (cache hit)
1101 http cache @peculiar/asn1-x509-attr@https://registry.npmjs.org/@peculiar/asn1-x509-attr/-/asn1-x509-attr-2.8.0.tgz 0ms (cache hit)
1102 http cache @peculiar/asn1-cms@https://registry.npmjs.org/@peculiar/asn1-cms/-/asn1-cms-2.8.0.tgz 0ms (cache hit)
1103 http cache @peculiar/asn1-ecc@https://registry.npmjs.org/@peculiar/asn1-ecc/-/asn1-ecc-2.8.0.tgz 0ms (cache hit)
1104 http cache @nodelib/fs.stat@https://registry.npmjs.org/@nodelib/fs.stat/-/fs.stat-2.0.5.tgz 0ms (cache hit)
1105 http cache @nodelib/fs.scandir@https://registry.npmjs.org/@nodelib/fs.scandir/-/fs.scandir-2.1.5.tgz 0ms (cache hit)
1106 http cache @peculiar/asn1-pkcs8@https://registry.npmjs.org/@peculiar/asn1-pkcs8/-/asn1-pkcs8-2.8.0.tgz 0ms (cache hit)
1107 http cache @jsonjoy.com/util@https://registry.npmjs.org/@jsonjoy.com/util/-/util-1.9.0.tgz 0ms (cache hit)
1108 http cache @jsonjoy.com/json-pack@https://registry.npmjs.org/@jsonjoy.com/json-pack/-/json-pack-1.21.0.tgz 0ms (cache hit)
1109 http cache @jsonjoy.com/json-pointer@https://registry.npmjs.org/@jsonjoy.com/json-pointer/-/json-pointer-1.0.2.tgz 0ms (cache hit)
1110 http cache @jsonjoy.com/fs-node@https://registry.npmjs.org/@jsonjoy.com/fs-node/-/fs-node-4.68.0.tgz 0ms (cache hit)
1111 http cache @jsonjoy.com/fs-core@https://registry.npmjs.org/@jsonjoy.com/fs-core/-/fs-core-4.68.0.tgz 0ms (cache hit)
1112 http cache @jsonjoy.com/fs-node-utils@https://registry.npmjs.org/@jsonjoy.com/fs-node-utils/-/fs-node-utils-4.68.0.tgz 0ms (cache hit)
1113 http cache @jsonjoy.com/buffers@https://registry.npmjs.org/@jsonjoy.com/buffers/-/buffers-17.67.0.tgz 0ms (cache hit)
1114 http cache @jridgewell/gen-mapping@https://registry.npmjs.org/@jridgewell/gen-mapping/-/gen-mapping-0.3.13.tgz 0ms (cache hit)
1115 http cache @jsonjoy.com/fs-node-builtins@https://registry.npmjs.org/@jsonjoy.com/fs-node-builtins/-/fs-node-builtins-4.68.0.tgz 0ms (cache hit)
1116 http cache @jsonjoy.com/base64@https://registry.npmjs.org/@jsonjoy.com/base64/-/base64-1.1.2.tgz 0ms (cache hit)
1117 http cache @mdx-js/mdx@https://registry.npmjs.org/@mdx-js/mdx/-/mdx-3.1.1.tgz 0ms (cache hit)
1118 http cache @docusaurus/utils@https://registry.npmjs.org/@docusaurus/utils/-/utils-3.10.2.tgz 0ms (cache hit)
1119 http cache @jsonjoy.com/codegen@https://registry.npmjs.org/@jsonjoy.com/codegen/-/codegen-1.0.0.tgz 0ms (cache hit)
1120 http cache @babel/helper-create-class-features-plugin@https://registry.npmjs.org/@babel/helper-create-class-features-plugin/-/helper-create-class-features-plugin-7.29.7.tgz 0ms (cache hit)
1121 http cache @docusaurus/theme-search-algolia@https://registry.npmjs.org/@docusaurus/theme-search-algolia/-/theme-search-algolia-3.10.2.tgz 0ms (cache hit)
1122 http cache @babel/helper-create-regexp-features-plugin@https://registry.npmjs.org/@babel/helper-create-regexp-features-plugin/-/helper-create-regexp-features-plugin-7.29.7.tgz 0ms (cache hit)
1123 http cache @jridgewell/resolve-uri@https://registry.npmjs.org/@jridgewell/resolve-uri/-/resolve-uri-3.1.2.tgz 0ms (cache hit)
1124 http cache @docusaurus/theme-common@https://registry.npmjs.org/@docusaurus/theme-common/-/theme-common-3.10.2.tgz 0ms (cache hit)
1125 http cache @docusaurus/plugin-content-blog@https://registry.npmjs.org/@docusaurus/plugin-content-blog/-/plugin-content-blog-3.10.2.tgz 0ms (cache hit)
1126 http cache @docusaurus/theme-classic@https://registry.npmjs.org/@docusaurus/theme-classic/-/theme-classic-3.10.2.tgz 0ms (cache hit)
1127 http cache @docusaurus/plugin-debug@https://registry.npmjs.org/@docusaurus/plugin-debug/-/plugin-debug-3.10.2.tgz 0ms (cache hit)
1128 http cache @docusaurus/mdx-loader@https://registry.npmjs.org/@docusaurus/mdx-loader/-/mdx-loader-3.10.2.tgz 0ms (cache hit)
1129 http cache @docusaurus/plugin-content-docs@https://registry.npmjs.org/@docusaurus/plugin-content-docs/-/plugin-content-docs-3.10.2.tgz 0ms (cache hit)
1130 http cache @docusaurus/bundler@https://registry.npmjs.org/@docusaurus/bundler/-/bundler-3.10.2.tgz 0ms (cache hit)
1131 http cache @babel/helper-compilation-targets@https://registry.npmjs.org/@babel/helper-compilation-targets/-/helper-compilation-targets-7.29.7.tgz 0ms (cache hit)
1132 http cache @docsearch/react@https://registry.npmjs.org/@docsearch/react/-/react-4.7.0.tgz 0ms (cache hit)
1133 http cache @docusaurus/logger@https://registry.npmjs.org/@docusaurus/logger/-/logger-3.10.2.tgz 0ms (cache hit)
1134 http cache @docsearch/core@https://registry.npmjs.org/@docsearch/core/-/core-4.7.0.tgz 0ms (cache hit)
1135 http cache @docusaurus/cssnano-preset@https://registry.npmjs.org/@docusaurus/cssnano-preset/-/cssnano-preset-3.10.2.tgz 0ms (cache hit)
1136 http cache @csstools/postcss-scope-pseudo-class@https://registry.npmjs.org/@csstools/postcss-scope-pseudo-class/-/postcss-scope-pseudo-class-4.0.1.tgz 0ms (cache hit)
1137 http cache @csstools/postcss-is-pseudo-class@https://registry.npmjs.org/@csstools/postcss-is-pseudo-class/-/postcss-is-pseudo-class-5.0.3.tgz 0ms (cache hit)
1138 http cache @docusaurus/core@https://registry.npmjs.org/@docusaurus/core/-/core-3.10.2.tgz 0ms (cache hit)
1139 http cache @csstools/postcss-cascade-layers@https://registry.npmjs.org/@csstools/postcss-cascade-layers/-/postcss-cascade-layers-5.0.2.tgz 0ms (cache hit)
1140 http cache @babel/types@https://registry.npmjs.org/@babel/types/-/types-7.29.8.tgz 0ms (cache hit)
1141 http cache @colors/colors@https://registry.npmjs.org/@colors/colors/-/colors-1.5.0.tgz 0ms (cache hit)
1142 http cache @babel/preset-env@https://registry.npmjs.org/@babel/preset-env/-/preset-env-7.29.7.tgz 0ms (cache hit)
1143 http cache @babel/traverse@https://registry.npmjs.org/@babel/traverse/-/traverse-7.29.8.tgz 0ms (cache hit)
1144 http cache @babel/plugin-transform-runtime@https://registry.npmjs.org/@babel/plugin-transform-runtime/-/plugin-transform-runtime-7.29.7.tgz 0ms (cache hit)
1145 http cache @babel/plugin-transform-regenerator@https://registry.npmjs.org/@babel/plugin-transform-regenerator/-/plugin-transform-regenerator-7.29.8.tgz 0ms (cache hit)
1146 http cache @babel/helper-define-polyfill-provider@https://registry.npmjs.org/@babel/helper-define-polyfill-provider/-/helper-define-polyfill-provider-0.6.8.tgz 0ms (cache hit)
1147 http cache @babel/preset-modules@https://registry.npmjs.org/@babel/preset-modules/-/preset-modules-0.1.6-no-external-plugins.tgz 0ms (cache hit)
1148 http cache wrap-ansi@https://registry.npmjs.org/wrap-ansi/-/wrap-ansi-8.1.0.tgz 0ms (cache hit)
1149 http cache @babel/helpers@https://registry.npmjs.org/@babel/helpers/-/helpers-7.29.7.tgz 0ms (cache hit)
1150 http cache webpack-dev-server@https://registry.npmjs.org/webpack-dev-server/-/webpack-dev-server-5.2.6.tgz 0ms (cache hit)
1151 http cache @babel/runtime@https://registry.npmjs.org/@babel/runtime/-/runtime-7.29.7.tgz 0ms (cache hit)
1152 http cache @babel/core@https://registry.npmjs.org/@babel/core/-/core-7.29.7.tgz 0ms (cache hit)
1153 http cache @babel/generator@https://registry.npmjs.org/@babel/generator/-/generator-7.29.8.tgz 0ms (cache hit)
1154 http cache @algolia/monitoring@https://registry.npmjs.org/@algolia/monitoring/-/monitoring-1.56.0.tgz 0ms (cache hit)
1155 http cache @algolia/recommend@https://registry.npmjs.org/@algolia/recommend/-/recommend-5.56.0.tgz 0ms (cache hit)
1156 http cache @algolia/ingestion@https://registry.npmjs.org/@algolia/ingestion/-/ingestion-1.56.0.tgz 0ms (cache hit)
1157 http cache @algolia/client-query-suggestions@https://registry.npmjs.org/@algolia/client-query-suggestions/-/client-query-suggestions-5.56.0.tgz 0ms (cache hit)
1158 http cache @algolia/client-insights@https://registry.npmjs.org/@algolia/client-insights/-/client-insights-5.56.0.tgz 0ms (cache hit)
1159 http cache @algolia/autocomplete-shared@https://registry.npmjs.org/@algolia/autocomplete-shared/-/autocomplete-shared-1.19.9.tgz 0ms (cache hit)
1160 http cache @algolia/client-personalization@https://registry.npmjs.org/@algolia/client-personalization/-/client-personalization-5.56.0.tgz 0ms (cache hit)
1161 http cache @algolia/abtesting@https://registry.npmjs.org/@algolia/abtesting/-/abtesting-1.22.0.tgz 0ms (cache hit)
1162 http cache @algolia/autocomplete-core@https://registry.npmjs.org/@algolia/autocomplete-core/-/autocomplete-core-1.19.9.tgz 0ms (cache hit)
1163 http cache @algolia/autocomplete-plugin-algolia-insights@https://registry.npmjs.org/@algolia/autocomplete-plugin-algolia-insights/-/autocomplete-plugin-algolia-insights-1.19.9.tgz 0ms (cache hit)
1164 http cache wildcard@https://registry.npmjs.org/wildcard/-/wildcard-2.0.1.tgz 0ms (cache hit)
1165 http cache @algolia/client-search@https://registry.npmjs.org/@algolia/client-search/-/client-search-5.56.0.tgz 0ms (cache hit)
1166 http cache websocket-extensions@https://registry.npmjs.org/websocket-extensions/-/websocket-extensions-0.1.4.tgz 0ms (cache hit)
1167 http cache websocket-driver@https://registry.npmjs.org/websocket-driver/-/websocket-driver-0.7.5.tgz 0ms (cache hit)
1168 http cache @algolia/client-analytics@https://registry.npmjs.org/@algolia/client-analytics/-/client-analytics-5.56.0.tgz 0ms (cache hit)
1169 http cache webpackbar@https://registry.npmjs.org/webpackbar/-/webpackbar-7.0.0.tgz 0ms (cache hit)
1170 http cache wsl-utils@https://registry.npmjs.org/wsl-utils/-/wsl-utils-0.1.0.tgz 0ms (cache hit)
1171 http cache webpack@https://registry.npmjs.org/webpack/-/webpack-5.108.4.tgz 0ms (cache hit)
1172 http cache webpack-sources@https://registry.npmjs.org/webpack-sources/-/webpack-sources-3.5.1.tgz 0ms (cache hit)
1173 http cache webpack-dev-middleware@https://registry.npmjs.org/webpack-dev-middleware/-/webpack-dev-middleware-7.4.5.tgz 0ms (cache hit)
1174 http cache terser@https://registry.npmjs.org/terser/-/terser-5.49.0.tgz 0ms (cache hit)
1175 http cache svgo@https://registry.npmjs.org/svgo/-/svgo-3.3.4.tgz 0ms (cache hit)
1176 http cache uuid@https://registry.npmjs.org/uuid/-/uuid-8.3.2.tgz 0ms (cache hit)
1177 http cache webpack-bundle-analyzer@https://registry.npmjs.org/webpack-bundle-analyzer/-/webpack-bundle-analyzer-4.10.2.tgz 0ms (cache hit)
1178 http cache uri-js@https://registry.npmjs.org/uri-js/-/uri-js-4.4.1.tgz 0ms (cache hit)
1179 http cache @algolia/client-abtesting@https://registry.npmjs.org/@algolia/client-abtesting/-/client-abtesting-5.56.0.tgz 0ms (cache hit)
1180 http cache url-loader@https://registry.npmjs.org/url-loader/-/url-loader-4.1.1.tgz 0ms (cache hit)
1181 http cache type-is@https://registry.npmjs.org/type-is/-/type-is-1.6.18.tgz 0ms (cache hit)
1182 http cache sitemap@https://registry.npmjs.org/sitemap/-/sitemap-7.1.3.tgz 0ms (cache hit)
1183 http cache tiny-invariant@https://registry.npmjs.org/tiny-invariant/-/tiny-invariant-1.3.3.tgz 0ms (cache hit)
1184 http cache tsyringe@https://registry.npmjs.org/tsyringe/-/tsyringe-4.10.0.tgz 0ms (cache hit)
1185 http cache tinypool@https://registry.npmjs.org/tinypool/-/tinypool-1.1.1.tgz 0ms (cache hit)
1186 http cache update-notifier@https://registry.npmjs.org/update-notifier/-/update-notifier-6.0.2.tgz 0ms (cache hit)
1187 http cache terser-webpack-plugin@https://registry.npmjs.org/terser-webpack-plugin/-/terser-webpack-plugin-5.6.1.tgz 0ms (cache hit)
1188 http cache string-width@https://registry.npmjs.org/string-width/-/string-width-5.1.2.tgz 0ms (cache hit)
1189 http cache watchpack@https://registry.npmjs.org/watchpack/-/watchpack-2.5.2.tgz 0ms (cache hit)
1190 http cache rc@https://registry.npmjs.org/rc/-/rc-1.2.8.tgz 0ms (cache hit)
1191 http cache stylehacks@https://registry.npmjs.org/stylehacks/-/stylehacks-6.1.1.tgz 0ms (cache hit)
1192 http cache stringify-entities@https://registry.npmjs.org/stringify-entities/-/stringify-entities-4.0.4.tgz 0ms (cache hit)
1193 http cache source-map-support@https://registry.npmjs.org/source-map-support/-/source-map-support-0.5.21.tgz 0ms (cache hit)
1194 http cache spdy@https://registry.npmjs.org/spdy/-/spdy-4.0.2.tgz 0ms (cache hit)
1195 http cache selfsigned@https://registry.npmjs.org/selfsigned/-/selfsigned-5.5.0.tgz 0ms (cache hit)
1196 http cache send@https://registry.npmjs.org/send/-/send-0.19.2.tgz 0ms (cache hit)
1197 http cache serve-handler@https://registry.npmjs.org/serve-handler/-/serve-handler-6.1.7.tgz 0ms (cache hit)
1198 http cache schema-utils@https://registry.npmjs.org/schema-utils/-/schema-utils-4.3.3.tgz 0ms (cache hit)
1199 http cache serve-index@https://registry.npmjs.org/serve-index/-/serve-index-1.9.2.tgz 0ms (cache hit)
1200 http cache require-like@https://registry.npmjs.org/require-like/-/require-like-0.1.2.tgz 0ms (cache hit)
1201 http cache resolve@https://registry.npmjs.org/resolve/-/resolve-1.22.12.tgz 0ms (cache hit)
1202 http cache renderkid@https://registry.npmjs.org/renderkid/-/renderkid-3.0.0.tgz 0ms (cache hit)
1203 http cache reusify@https://registry.npmjs.org/reusify/-/reusify-1.1.0.tgz 0ms (cache hit)
1204 http cache readable-stream@https://registry.npmjs.org/readable-stream/-/readable-stream-3.6.2.tgz 0ms (cache hit)
1205 http cache react-router-dom@https://registry.npmjs.org/react-router-dom/-/react-router-dom-5.3.4.tgz 0ms (cache hit)
1206 http cache react-loadable-ssr-addon-v5-slorber@https://registry.npmjs.org/react-loadable-ssr-addon-v5-slorber/-/react-loadable-ssr-addon-v5-slorber-1.0.3.tgz 0ms (cache hit)
1207 http cache spdy-transport@https://registry.npmjs.org/spdy-transport/-/spdy-transport-3.0.0.tgz 0ms (cache hit)
1208 http cache prismjs@https://registry.npmjs.org/prismjs/-/prismjs-1.30.0.tgz 0ms (cache hit)
1209 http cache relateurl@https://registry.npmjs.org/relateurl/-/relateurl-0.2.7.tgz 0ms (cache hit)
1210 http cache proxy-addr@https://registry.npmjs.org/proxy-addr/-/proxy-addr-2.0.7.tgz 0ms (cache hit)
1211 http cache raw-body@https://registry.npmjs.org/raw-body/-/raw-body-2.5.3.tgz 0ms (cache hit)
1212 http cache property-information@https://registry.npmjs.org/property-information/-/property-information-7.2.0.tgz 0ms (cache hit)
1213 http cache postcss-selector-not@https://registry.npmjs.org/postcss-selector-not/-/postcss-selector-not-8.0.1.tgz 0ms (cache hit)
1214 http cache pretty-error@https://registry.npmjs.org/pretty-error/-/pretty-error-4.0.0.tgz 0ms (cache hit)
1215 http cache prompts@https://registry.npmjs.org/prompts/-/prompts-2.4.2.tgz 0ms (cache hit)
1216 http cache postcss-zindex@https://registry.npmjs.org/postcss-zindex/-/postcss-zindex-6.0.2.tgz 0ms (cache hit)
1217 http cache postcss-pseudo-class-any-link@https://registry.npmjs.org/postcss-pseudo-class-any-link/-/postcss-pseudo-class-any-link-10.0.1.tgz 0ms (cache hit)
1218 http cache postcss-modules-local-by-default@https://registry.npmjs.org/postcss-modules-local-by-default/-/postcss-modules-local-by-default-4.2.0.tgz 0ms (cache hit)
1219 http cache postcss-svgo@https://registry.npmjs.org/postcss-svgo/-/postcss-svgo-6.0.3.tgz 0ms (cache hit)
1220 http cache react-json-view-lite@https://registry.npmjs.org/react-json-view-lite/-/react-json-view-lite-2.5.0.tgz 0ms (cache hit)
1221 http cache postcss-selector-parser@https://registry.npmjs.org/postcss-selector-parser/-/postcss-selector-parser-6.1.4.tgz 0ms (cache hit)
1222 http cache parse-entities@https://registry.npmjs.org/parse-entities/-/parse-entities-4.0.2.tgz 0ms (cache hit)
1223 http cache postcss-reduce-initial@https://registry.npmjs.org/postcss-reduce-initial/-/postcss-reduce-initial-6.1.0.tgz 0ms (cache hit)
1224 http cache postcss-ordered-values@https://registry.npmjs.org/postcss-ordered-values/-/postcss-ordered-values-6.0.2.tgz 0ms (cache hit)
1225 http cache postcss-normalize-repeat-style@https://registry.npmjs.org/postcss-normalize-repeat-style/-/postcss-normalize-repeat-style-6.0.2.tgz 0ms (cache hit)
1226 http cache postcss-modules-scope@https://registry.npmjs.org/postcss-modules-scope/-/postcss-modules-scope-3.2.1.tgz 0ms (cache hit)
1227 http cache postcss-reduce-idents@https://registry.npmjs.org/postcss-reduce-idents/-/postcss-reduce-idents-6.0.3.tgz 0ms (cache hit)
1228 http cache postcss-normalize-display-values@https://registry.npmjs.org/postcss-normalize-display-values/-/postcss-normalize-display-values-6.0.2.tgz 0ms (cache hit)
1229 http cache postcss-nesting@https://registry.npmjs.org/postcss-nesting/-/postcss-nesting-13.0.2.tgz 0ms (cache hit)
1230 http cache postcss-minify-font-values@https://registry.npmjs.org/postcss-minify-font-values/-/postcss-minify-font-values-6.1.0.tgz 0ms (cache hit)
1231 http cache postcss-merge-rules@https://registry.npmjs.org/postcss-merge-rules/-/postcss-merge-rules-6.1.1.tgz 0ms (cache hit)
1232 http cache postcss-minify-selectors@https://registry.npmjs.org/postcss-minify-selectors/-/postcss-minify-selectors-6.0.4.tgz 0ms (cache hit)
1233 http cache postcss-merge-longhand@https://registry.npmjs.org/postcss-merge-longhand/-/postcss-merge-longhand-6.0.5.tgz 0ms (cache hit)
1234 http cache postcss-focus-visible@https://registry.npmjs.org/postcss-focus-visible/-/postcss-focus-visible-10.0.1.tgz 0ms (cache hit)
1235 http cache postcss-custom-selectors@https://registry.npmjs.org/postcss-custom-selectors/-/postcss-custom-selectors-8.0.5.tgz 0ms (cache hit)
1236 http cache postcss-convert-values@https://registry.npmjs.org/postcss-convert-values/-/postcss-convert-values-6.1.0.tgz 0ms (cache hit)
1237 http cache postcss-dir-pseudo-class@https://registry.npmjs.org/postcss-dir-pseudo-class/-/postcss-dir-pseudo-class-9.0.1.tgz 0ms (cache hit)
1238 http cache postcss-discard-comments@https://registry.npmjs.org/postcss-discard-comments/-/postcss-discard-comments-6.0.2.tgz 0ms (cache hit)
1239 http cache parse5-htmlparser2-tree-adapter@https://registry.npmjs.org/parse5-htmlparser2-tree-adapter/-/parse5-htmlparser2-tree-adapter-7.1.0.tgz 0ms (cache hit)
1240 http cache postcss-calc@https://registry.npmjs.org/postcss-calc/-/postcss-calc-9.0.1.tgz 0ms (cache hit)
1241 http cache postcss-focus-within@https://registry.npmjs.org/postcss-focus-within/-/postcss-focus-within-9.0.1.tgz 0ms (cache hit)
1242 http cache object-inspect@https://registry.npmjs.org/object-inspect/-/object-inspect-1.13.4.tgz 0ms (cache hit)
1243 http cache postcss-attribute-case-insensitive@https://registry.npmjs.org/postcss-attribute-case-insensitive/-/postcss-attribute-case-insensitive-7.0.1.tgz 0ms (cache hit)
1244 http cache nth-check@https://registry.npmjs.org/nth-check/-/nth-check-2.1.1.tgz 0ms (cache hit)
1245 http cache null-loader@https://registry.npmjs.org/null-loader/-/null-loader-4.0.1.tgz 1ms (cache hit)
1246 http cache parse5@https://registry.npmjs.org/parse5/-/parse5-7.3.0.tgz 0ms (cache hit)
1247 http cache micromark-util-subtokenize@https://registry.npmjs.org/micromark-util-subtokenize/-/micromark-util-subtokenize-2.1.0.tgz 0ms (cache hit)
1248 http cache minimizer-webpack-plugin@https://registry.npmjs.org/minimizer-webpack-plugin/-/minimizer-webpack-plugin-5.6.1.tgz 0ms (cache hit)
1249 http cache node-releases@https://registry.npmjs.org/node-releases/-/node-releases-2.0.51.tgz 0ms (cache hit)
1250 http cache micromark-util-sanitize-uri@https://registry.npmjs.org/micromark-util-sanitize-uri/-/micromark-util-sanitize-uri-2.0.1.tgz 0ms (cache hit)
1251 http cache micromark-util-events-to-acorn@https://registry.npmjs.org/micromark-util-events-to-acorn/-/micromark-util-events-to-acorn-2.0.3.tgz 0ms (cache hit)
1252 http cache micromark-util-normalize-identifier@https://registry.npmjs.org/micromark-util-normalize-identifier/-/micromark-util-normalize-identifier-2.0.1.tgz 0ms (cache hit)
1253 http cache mini-css-extract-plugin@https://registry.npmjs.org/mini-css-extract-plugin/-/mini-css-extract-plugin-2.10.2.tgz 0ms (cache hit)
1254 http cache micromark-factory-space@https://registry.npmjs.org/micromark-factory-space/-/micromark-factory-space-1.1.0.tgz 0ms (cache hit)
1255 http cache micromark-util-chunked@https://registry.npmjs.org/micromark-util-chunked/-/micromark-util-chunked-2.0.1.tgz 0ms (cache hit)
1256 http cache micromark-util-decode-string@https://registry.npmjs.org/micromark-util-decode-string/-/micromark-util-decode-string-2.0.1.tgz 0ms (cache hit)
1257 http cache micromark-util-character@https://registry.npmjs.org/micromark-util-character/-/micromark-util-character-1.2.0.tgz 0ms (cache hit)
1258 http cache micromark-util-classify-character@https://registry.npmjs.org/micromark-util-classify-character/-/micromark-util-classify-character-2.0.1.tgz 0ms (cache hit)
1259 http cache micromark-util-decode-numeric-character-reference@https://registry.npmjs.org/micromark-util-decode-numeric-character-reference/-/micromark-util-decode-numeric-character-reference-2.0.2.tgz 0ms (cache hit)
1260 http cache micromark-factory-title@https://registry.npmjs.org/micromark-factory-title/-/micromark-factory-title-2.0.1.tgz 0ms (cache hit)
1261 http cache micromark-factory-label@https://registry.npmjs.org/micromark-factory-label/-/micromark-factory-label-2.0.1.tgz 0ms (cache hit)
1262 http cache micromark-factory-destination@https://registry.npmjs.org/micromark-factory-destination/-/micromark-factory-destination-2.0.1.tgz 0ms (cache hit)
1263 http cache micromark-extension-mdxjs-esm@https://registry.npmjs.org/micromark-extension-mdxjs-esm/-/micromark-extension-mdxjs-esm-3.0.0.tgz 0ms (cache hit)
1264 http cache micromark-factory-whitespace@https://registry.npmjs.org/micromark-factory-whitespace/-/micromark-factory-whitespace-2.0.1.tgz 0ms (cache hit)
1265 http cache micromark-factory-mdx-expression@https://registry.npmjs.org/micromark-factory-mdx-expression/-/micromark-factory-mdx-expression-2.0.3.tgz 0ms (cache hit)
1266 http cache micromark-extension-gfm-autolink-literal@https://registry.npmjs.org/micromark-extension-gfm-autolink-literal/-/micromark-extension-gfm-autolink-literal-2.1.0.tgz 0ms (cache hit)
1267 http cache micromark-extension-frontmatter@https://registry.npmjs.org/micromark-extension-frontmatter/-/micromark-extension-frontmatter-2.0.0.tgz 0ms (cache hit)
1268 http cache micromark-extension-mdx-jsx@https://registry.npmjs.org/micromark-extension-mdx-jsx/-/micromark-extension-mdx-jsx-3.0.2.tgz 0ms (cache hit)
1269 http cache micromark-extension-directive@https://registry.npmjs.org/micromark-extension-directive/-/micromark-extension-directive-3.0.2.tgz 0ms (cache hit)
1270 http cache micromark-extension-gfm-strikethrough@https://registry.npmjs.org/micromark-extension-gfm-strikethrough/-/micromark-extension-gfm-strikethrough-2.1.0.tgz 0ms (cache hit)
1271 http cache micromark-extension-mdx-expression@https://registry.npmjs.org/micromark-extension-mdx-expression/-/micromark-extension-mdx-expression-3.0.1.tgz 0ms (cache hit)
1272 http cache micromark-extension-gfm-table@https://registry.npmjs.org/micromark-extension-gfm-table/-/micromark-extension-gfm-table-2.1.1.tgz 0ms (cache hit)
1273 http cache micromark-extension-gfm-task-list-item@https://registry.npmjs.org/micromark-extension-gfm-task-list-item/-/micromark-extension-gfm-task-list-item-2.1.0.tgz 0ms (cache hit)
1274 http cache micromark-extension-gfm-footnote@https://registry.npmjs.org/micromark-extension-gfm-footnote/-/micromark-extension-gfm-footnote-2.1.0.tgz 0ms (cache hit)
1275 http cache mdast-util-gfm-autolink-literal@https://registry.npmjs.org/mdast-util-gfm-autolink-literal/-/mdast-util-gfm-autolink-literal-2.0.1.tgz 0ms (cache hit)
1276 http cache micromark@https://registry.npmjs.org/micromark/-/micromark-4.0.2.tgz 0ms (cache hit)
1277 http cache micromark-core-commonmark@https://registry.npmjs.org/micromark-core-commonmark/-/micromark-core-commonmark-2.0.3.tgz 0ms (cache hit)
1278 http cache memfs@https://registry.npmjs.org/memfs/-/memfs-4.68.0.tgz 0ms (cache hit)
1279 http cache mdast-util-frontmatter@https://registry.npmjs.org/mdast-util-frontmatter/-/mdast-util-frontmatter-2.0.1.tgz 0ms (cache hit)
1280 http cache mdast-util-to-markdown@https://registry.npmjs.org/mdast-util-to-markdown/-/mdast-util-to-markdown-2.1.2.tgz 0ms (cache hit)
1281 http cache mdast-util-to-hast@https://registry.npmjs.org/mdast-util-to-hast/-/mdast-util-to-hast-13.2.1.tgz 0ms (cache hit)
1282 http cache mdast-util-find-and-replace@https://registry.npmjs.org/mdast-util-find-and-replace/-/mdast-util-find-and-replace-3.0.2.tgz 0ms (cache hit)
1283 http cache joi@https://registry.npmjs.org/joi/-/joi-17.13.4.tgz 0ms (cache hit)
1284 http cache mdast-util-from-markdown@https://registry.npmjs.org/mdast-util-from-markdown/-/mdast-util-from-markdown-2.0.3.tgz 0ms (cache hit)
1285 http cache loader-utils@https://registry.npmjs.org/loader-utils/-/loader-utils-2.0.4.tgz 0ms (cache hit)
1286 http cache js-yaml@https://registry.npmjs.org/js-yaml/-/js-yaml-4.3.1.tgz 0ms (cache hit)
1287 http cache is-inside-container@https://registry.npmjs.org/is-inside-container/-/is-inside-container-1.0.0.tgz 0ms (cache hit)
1288 http cache jest-worker@https://registry.npmjs.org/jest-worker/-/jest-worker-29.7.0.tgz 0ms (cache hit)
1289 http cache jiti@https://registry.npmjs.org/jiti/-/jiti-1.21.7.tgz 0ms (cache hit)
1290 http cache http-proxy-middleware@https://registry.npmjs.org/http-proxy-middleware/-/http-proxy-middleware-2.0.10.tgz 0ms (cache hit)
1291 http cache json-schema-traverse@https://registry.npmjs.org/json-schema-traverse/-/json-schema-traverse-1.0.0.tgz 0ms (cache hit)
1292 http cache infima@https://registry.npmjs.org/infima/-/infima-0.2.0-alpha.45.tgz 0ms (cache hit)
1293 http cache image-size@https://registry.npmjs.org/image-size/-/image-size-2.0.2.tgz 0ms (cache hit)
1294 http cache hyperdyperid@https://registry.npmjs.org/hyperdyperid/-/hyperdyperid-1.2.0.tgz 0ms (cache hit)
1295 http cache human-signals@https://registry.npmjs.org/human-signals/-/human-signals-2.1.0.tgz 0ms (cache hit)
1296 http cache http2-wrapper@https://registry.npmjs.org/http2-wrapper/-/http2-wrapper-2.2.1.tgz 0ms (cache hit)
1297 http cache iconv-lite@https://registry.npmjs.org/iconv-lite/-/iconv-lite-0.4.24.tgz 0ms (cache hit)
1298 http cache http-proxy@https://registry.npmjs.org/http-proxy/-/http-proxy-1.18.1.tgz 0ms (cache hit)
1299 http cache htmlparser2@https://registry.npmjs.org/htmlparser2/-/htmlparser2-8.0.2.tgz 0ms (cache hit)
1300 http cache hast-util-to-estree@https://registry.npmjs.org/hast-util-to-estree/-/hast-util-to-estree-3.1.3.tgz 0ms (cache hit)
1301 http cache html-minifier-terser@https://registry.npmjs.org/html-minifier-terser/-/html-minifier-terser-7.2.0.tgz 0ms (cache hit)
1302 http cache has-symbols@https://registry.npmjs.org/has-symbols/-/has-symbols-1.1.0.tgz 0ms (cache hit)
1303 http cache html-webpack-plugin@https://registry.npmjs.org/html-webpack-plugin/-/html-webpack-plugin-5.6.7.tgz 0ms (cache hit)
1304 http cache fs-extra@https://registry.npmjs.org/fs-extra/-/fs-extra-11.3.6.tgz 0ms (cache hit)
1305 http cache form-data-encoder@https://registry.npmjs.org/form-data-encoder/-/form-data-encoder-2.1.4.tgz 0ms (cache hit)
1306 http cache css-tree@https://registry.npmjs.org/css-tree/-/css-tree-2.3.1.tgz 0ms (cache hit)
1307 http cache feed@https://registry.npmjs.org/feed/-/feed-4.2.2.tgz 0ms (cache hit)
1308 http cache got@https://registry.npmjs.org/got/-/got-12.6.1.tgz 0ms (cache hit)
1309 http cache detect-port@https://registry.npmjs.org/detect-port/-/detect-port-2.1.0.tgz 0ms (cache hit)
1310 http cache file-loader@https://registry.npmjs.org/file-loader/-/file-loader-6.2.0.tgz 0ms (cache hit)
1311 http cache finalhandler@https://registry.npmjs.org/finalhandler/-/finalhandler-1.3.2.tgz 0ms (cache hit)
1312 http cache hpack.js@https://registry.npmjs.org/hpack.js/-/hpack.js-2.1.6.tgz 0ms (cache hit)
1313 http cache faye-websocket@https://registry.npmjs.org/faye-websocket/-/faye-websocket-0.11.4.tgz 0ms (cache hit)
1314 http cache express@https://registry.npmjs.org/express/-/express-4.22.2.tgz 0ms (cache hit)
1315 http cache css-select@https://registry.npmjs.org/css-select/-/css-select-5.2.2.tgz 0ms (cache hit)
1316 http cache css-blank-pseudo@https://registry.npmjs.org/css-blank-pseudo/-/css-blank-pseudo-7.0.1.tgz 0ms (cache hit)
1317 http cache fast-glob@https://registry.npmjs.org/fast-glob/-/fast-glob-3.3.3.tgz 0ms (cache hit)
1318 http cache entities@https://registry.npmjs.org/entities/-/entities-4.5.0.tgz 0ms (cache hit)
1319 http cache csso@https://registry.npmjs.org/csso/-/csso-5.0.5.tgz 0ms (cache hit)
1320 http cache css-has-pseudo@https://registry.npmjs.org/css-has-pseudo/-/css-has-pseudo-7.0.3.tgz 0ms (cache hit)
1321 http cache cli-table3@https://registry.npmjs.org/cli-table3/-/cli-table3-0.6.5.tgz 0ms (cache hit)
1322 http cache bonjour-service@https://registry.npmjs.org/bonjour-service/-/bonjour-service-1.4.4.tgz 0ms (cache hit)
1323 http cache crypto-random-string@https://registry.npmjs.org/crypto-random-string/-/crypto-random-string-4.0.0.tgz 0ms (cache hit)
1324 http cache compression@https://registry.npmjs.org/compression/-/compression-1.8.1.tgz 0ms (cache hit)
1325 http cache core-js@https://registry.npmjs.org/core-js/-/core-js-3.49.0.tgz 0ms (cache hit)
1326 http cache clean-css@https://registry.npmjs.org/clean-css/-/clean-css-5.3.3.tgz 0ms (cache hit)
1327 http cache algoliasearch@https://registry.npmjs.org/algoliasearch/-/algoliasearch-5.56.0.tgz 0ms (cache hit)
1328 http cache body-parser@https://registry.npmjs.org/body-parser/-/body-parser-1.20.6.tgz 0ms (cache hit)
1329 http cache ansi-align@https://registry.npmjs.org/ansi-align/-/ansi-align-3.0.1.tgz 0ms (cache hit)
1330 http cache babel-plugin-polyfill-corejs2@https://registry.npmjs.org/babel-plugin-polyfill-corejs2/-/babel-plugin-polyfill-corejs2-0.4.17.tgz 0ms (cache hit)
1331 http cache ajv@https://registry.npmjs.org/ajv/-/ajv-8.20.0.tgz 0ms (cache hit)
1332 http cache accepts@https://registry.npmjs.org/accepts/-/accepts-1.3.8.tgz 0ms (cache hit)
1333 http cache mimic-response@https://registry.npmjs.org/mimic-response/-/mimic-response-3.1.0.tgz 0ms (cache hit)
1334 http cache is-obj@https://registry.npmjs.org/is-obj/-/is-obj-2.0.0.tgz 0ms (cache hit)
1335 http cache slash@https://registry.npmjs.org/slash/-/slash-4.0.0.tgz 0ms (cache hit)
1336 http cache cheerio@https://registry.npmjs.org/cheerio/-/cheerio-1.0.0-rc.12.tgz 0ms (cache hit)
1337 http cache glob-parent@https://registry.npmjs.org/glob-parent/-/glob-parent-6.0.2.tgz 0ms (cache hit)
1338 http cache globby@https://registry.npmjs.org/globby/-/globby-13.2.2.tgz 0ms (cache hit)
1339 http cache ini@https://registry.npmjs.org/ini/-/ini-1.3.8.tgz 0ms (cache hit)
1340 http cache graceful-fs@https://registry.npmjs.org/graceful-fs/-/graceful-fs-4.2.10.tgz 0ms (cache hit)
1341 http cache estraverse@https://registry.npmjs.org/estraverse/-/estraverse-5.3.0.tgz 0ms (cache hit)
1342 http cache semver@https://registry.npmjs.org/semver/-/semver-6.3.1.tgz 0ms (cache hit)
1343 http cache mime-db@https://registry.npmjs.org/mime-db/-/mime-db-1.54.0.tgz 0ms (cache hit)
1344 http cache semver@https://registry.npmjs.org/semver/-/semver-6.3.1.tgz 0ms (cache hit)
1345 http cache semver@https://registry.npmjs.org/semver/-/semver-6.3.1.tgz 0ms (cache hit)
1346 http cache webpack-merge@https://registry.npmjs.org/webpack-merge/-/webpack-merge-6.0.1.tgz 0ms (cache hit)
1347 http cache semver@https://registry.npmjs.org/semver/-/semver-6.3.1.tgz 0ms (cache hit)
1348 http cache semver@https://registry.npmjs.org/semver/-/semver-6.3.1.tgz 0ms (cache hit)
1349 http cache strip-ansi@https://registry.npmjs.org/strip-ansi/-/strip-ansi-7.2.0.tgz 0ms (cache hit)
1350 http cache babel-plugin-polyfill-corejs3@https://registry.npmjs.org/babel-plugin-polyfill-corejs3/-/babel-plugin-polyfill-corejs3-0.14.2.tgz 0ms (cache hit)
1351 http cache postcss-selector-parser@https://registry.npmjs.org/postcss-selector-parser/-/postcss-selector-parser-7.1.5.tgz 0ms (cache hit)
1352 http cache ansi-styles@https://registry.npmjs.org/ansi-styles/-/ansi-styles-6.2.3.tgz 0ms (cache hit)
1353 http cache ansi-regex@https://registry.npmjs.org/ansi-regex/-/ansi-regex-6.2.2.tgz 0ms (cache hit)
1354 http cache postcss-selector-parser@https://registry.npmjs.org/postcss-selector-parser/-/postcss-selector-parser-7.1.5.tgz 0ms (cache hit)
1355 http cache postcss-selector-parser@https://registry.npmjs.org/postcss-selector-parser/-/postcss-selector-parser-7.1.5.tgz 0ms (cache hit)
1356 http cache open@https://registry.npmjs.org/open/-/open-10.2.0.tgz 0ms (cache hit)
1357 http cache semver@https://registry.npmjs.org/semver/-/semver-6.3.1.tgz 0ms (cache hit)
1358 http cache define-lazy-prop@https://registry.npmjs.org/define-lazy-prop/-/define-lazy-prop-3.0.0.tgz 0ms (cache hit)
1359 http cache is-wsl@https://registry.npmjs.org/is-wsl/-/is-wsl-3.1.1.tgz 0ms (cache hit)
1360 http cache range-parser@https://registry.npmjs.org/range-parser/-/range-parser-1.3.0.tgz 0ms (cache hit)
1361 http cache mime-types@https://registry.npmjs.org/mime-types/-/mime-types-3.0.2.tgz 0ms (cache hit)
1362 http cache ws@https://registry.npmjs.org/ws/-/ws-8.21.3.tgz 0ms (cache hit)
1363 http cache mime-db@https://registry.npmjs.org/mime-db/-/mime-db-1.54.0.tgz 0ms (cache hit)
1364 http cache commander@https://registry.npmjs.org/commander/-/commander-2.20.3.tgz 0ms (cache hit)
1365 http cache commander@https://registry.npmjs.org/commander/-/commander-7.2.0.tgz 0ms (cache hit)
1366 http cache commander@https://registry.npmjs.org/commander/-/commander-7.2.0.tgz 0ms (cache hit)
1367 http cache schema-utils@https://registry.npmjs.org/schema-utils/-/schema-utils-3.3.0.tgz 0ms (cache hit)
1368 http cache mime-types@https://registry.npmjs.org/mime-types/-/mime-types-2.1.35.tgz 0ms (cache hit)
1369 http cache mime-db@https://registry.npmjs.org/mime-db/-/mime-db-1.54.0.tgz 0ms (cache hit)
1370 http cache json-schema-traverse@https://registry.npmjs.org/json-schema-traverse/-/json-schema-traverse-0.4.1.tgz 0ms (cache hit)
1371 http cache ajv-keywords@https://registry.npmjs.org/ajv-keywords/-/ajv-keywords-3.5.2.tgz 0ms (cache hit)
1372 http cache ajv@https://registry.npmjs.org/ajv/-/ajv-6.15.0.tgz 0ms (cache hit)
1373 http cache mime-db@https://registry.npmjs.org/mime-db/-/mime-db-1.52.0.tgz 0ms (cache hit)
1374 http cache mime-types@https://registry.npmjs.org/mime-types/-/mime-types-2.1.35.tgz 0ms (cache hit)
1375 http cache mime-db@https://registry.npmjs.org/mime-db/-/mime-db-1.52.0.tgz 0ms (cache hit)
1376 http cache supports-color@https://registry.npmjs.org/supports-color/-/supports-color-8.1.1.tgz 0ms (cache hit)
1377 http cache boxen@https://registry.npmjs.org/boxen/-/boxen-7.1.1.tgz 0ms (cache hit)
1378 http cache chalk@https://registry.npmjs.org/chalk/-/chalk-5.6.2.tgz 0ms (cache hit)
1379 http cache strip-ansi@https://registry.npmjs.org/strip-ansi/-/strip-ansi-7.2.0.tgz 0ms (cache hit)
1380 http cache jest-worker@https://registry.npmjs.org/jest-worker/-/jest-worker-27.5.1.tgz 0ms (cache hit)
1381 http cache ini@https://registry.npmjs.org/ini/-/ini-1.3.8.tgz 0ms (cache hit)
1382 http cache strip-json-comments@https://registry.npmjs.org/strip-json-comments/-/strip-json-comments-2.0.1.tgz 0ms (cache hit)
1383 http cache source-map@https://registry.npmjs.org/source-map/-/source-map-0.6.1.tgz 0ms (cache hit)
1384 http cache camelcase@https://registry.npmjs.org/camelcase/-/camelcase-7.0.1.tgz 0ms (cache hit)
1385 http cache ansi-regex@https://registry.npmjs.org/ansi-regex/-/ansi-regex-6.2.2.tgz 0ms (cache hit)
1386 http cache tslib@https://registry.npmjs.org/tslib/-/tslib-1.14.1.tgz 0ms (cache hit)
1387 http cache statuses@https://registry.npmjs.org/statuses/-/statuses-1.5.0.tgz 0ms (cache hit)
1388 http cache mime-types@https://registry.npmjs.org/mime-types/-/mime-types-2.1.35.tgz 0ms (cache hit)
1389 http cache depd@https://registry.npmjs.org/depd/-/depd-1.1.2.tgz 0ms (cache hit)
1390 http cache path-to-regexp@https://registry.npmjs.org/path-to-regexp/-/path-to-regexp-3.3.0.tgz 0ms (cache hit)
1391 http cache ms@https://registry.npmjs.org/ms/-/ms-2.0.0.tgz 0ms (cache hit)
1392 http cache mime-db@https://registry.npmjs.org/mime-db/-/mime-db-1.52.0.tgz 0ms (cache hit)
1393 http cache debug@https://registry.npmjs.org/debug/-/debug-2.6.9.tgz 0ms (cache hit)
1394 http cache debug@https://registry.npmjs.org/debug/-/debug-2.6.9.tgz 0ms (cache hit)
1395 http cache domutils@https://registry.npmjs.org/domutils/-/domutils-2.8.0.tgz 0ms (cache hit)
1396 http cache entities@https://registry.npmjs.org/entities/-/entities-2.2.0.tgz 0ms (cache hit)
1397 http cache http-errors@https://registry.npmjs.org/http-errors/-/http-errors-1.8.1.tgz 0ms (cache hit)
1398 http cache htmlparser2@https://registry.npmjs.org/htmlparser2/-/htmlparser2-6.1.0.tgz 0ms (cache hit)
1399 http cache range-parser@https://registry.npmjs.org/range-parser/-/range-parser-1.2.1.tgz 0ms (cache hit)
1400 http cache domhandler@https://registry.npmjs.org/domhandler/-/domhandler-4.3.1.tgz 0ms (cache hit)
1401 http cache css-select@https://registry.npmjs.org/css-select/-/css-select-4.3.0.tgz 0ms (cache hit)
1402 http cache ipaddr.js@https://registry.npmjs.org/ipaddr.js/-/ipaddr.js-1.9.1.tgz 0ms (cache hit)
1403 http cache bytes@https://registry.npmjs.org/bytes/-/bytes-3.1.2.tgz 0ms (cache hit)
1404 http cache dom-serializer@https://registry.npmjs.org/dom-serializer/-/dom-serializer-1.4.1.tgz 0ms (cache hit)
1405 http cache postcss-selector-parser@https://registry.npmjs.org/postcss-selector-parser/-/postcss-selector-parser-7.1.5.tgz 0ms (cache hit)
1406 http cache postcss-selector-parser@https://registry.npmjs.org/postcss-selector-parser/-/postcss-selector-parser-7.1.5.tgz 0ms (cache hit)
1407 http cache postcss-selector-parser@https://registry.npmjs.org/postcss-selector-parser/-/postcss-selector-parser-7.1.5.tgz 0ms (cache hit)
1408 http cache postcss-selector-parser@https://registry.npmjs.org/postcss-selector-parser/-/postcss-selector-parser-7.1.5.tgz 0ms (cache hit)
1409 http cache postcss-selector-parser@https://registry.npmjs.org/postcss-selector-parser/-/postcss-selector-parser-7.1.5.tgz 0ms (cache hit)
1410 http cache postcss-selector-parser@https://registry.npmjs.org/postcss-selector-parser/-/postcss-selector-parser-7.1.5.tgz 0ms (cache hit)
1411 http cache micromark-util-symbol@https://registry.npmjs.org/micromark-util-symbol/-/micromark-util-symbol-2.0.1.tgz 0ms (cache hit)
1412 http cache postcss-selector-parser@https://registry.npmjs.org/postcss-selector-parser/-/postcss-selector-parser-7.1.5.tgz 0ms (cache hit)
1413 http cache postcss-selector-parser@https://registry.npmjs.org/postcss-selector-parser/-/postcss-selector-parser-7.1.5.tgz 0ms (cache hit)
1414 http cache postcss-selector-parser@https://registry.npmjs.org/postcss-selector-parser/-/postcss-selector-parser-7.1.5.tgz 0ms (cache hit)
1415 http cache ajv-keywords@https://registry.npmjs.org/ajv-keywords/-/ajv-keywords-3.5.2.tgz 0ms (cache hit)
1416 http cache ajv@https://registry.npmjs.org/ajv/-/ajv-6.15.0.tgz 0ms (cache hit)
1417 http cache entities@https://registry.npmjs.org/entities/-/entities-6.0.1.tgz 0ms (cache hit)
1418 http cache json-schema-traverse@https://registry.npmjs.org/json-schema-traverse/-/json-schema-traverse-0.4.1.tgz 0ms (cache hit)
1419 http cache micromark-util-symbol@https://registry.npmjs.org/micromark-util-symbol/-/micromark-util-symbol-2.0.1.tgz 0ms (cache hit)
1420 http cache schema-utils@https://registry.npmjs.org/schema-utils/-/schema-utils-3.3.0.tgz 0ms (cache hit)
1421 http cache postcss-selector-parser@https://registry.npmjs.org/postcss-selector-parser/-/postcss-selector-parser-7.1.5.tgz 0ms (cache hit)
1422 http cache jest-worker@https://registry.npmjs.org/jest-worker/-/jest-worker-27.5.1.tgz 0ms (cache hit)
1423 http cache supports-color@https://registry.npmjs.org/supports-color/-/supports-color-8.1.1.tgz 0ms (cache hit)
1424 http cache micromark-util-symbol@https://registry.npmjs.org/micromark-util-symbol/-/micromark-util-symbol-2.0.1.tgz 0ms (cache hit)
1425 http cache micromark-util-types@https://registry.npmjs.org/micromark-util-types/-/micromark-util-types-1.1.0.tgz 0ms (cache hit)
1426 http cache micromark-util-character@https://registry.npmjs.org/micromark-util-character/-/micromark-util-character-2.1.1.tgz 0ms (cache hit)
1427 http cache micromark-util-symbol@https://registry.npmjs.org/micromark-util-symbol/-/micromark-util-symbol-2.0.1.tgz 0ms (cache hit)
1428 http cache micromark-util-character@https://registry.npmjs.org/micromark-util-character/-/micromark-util-character-2.1.1.tgz 0ms (cache hit)
1429 http cache micromark-util-symbol@https://registry.npmjs.org/micromark-util-symbol/-/micromark-util-symbol-2.0.1.tgz 0ms (cache hit)
1430 http cache micromark-util-symbol@https://registry.npmjs.org/micromark-util-symbol/-/micromark-util-symbol-2.0.1.tgz 0ms (cache hit)
1431 http cache micromark-util-types@https://registry.npmjs.org/micromark-util-types/-/micromark-util-types-1.1.0.tgz 0ms (cache hit)
1432 http cache micromark-util-symbol@https://registry.npmjs.org/micromark-util-symbol/-/micromark-util-symbol-2.0.1.tgz 0ms (cache hit)
1433 http cache micromark-util-character@https://registry.npmjs.org/micromark-util-character/-/micromark-util-character-2.1.1.tgz 0ms (cache hit)
1434 http cache micromark-factory-space@https://registry.npmjs.org/micromark-factory-space/-/micromark-factory-space-2.0.1.tgz 0ms (cache hit)
1435 http cache micromark-util-character@https://registry.npmjs.org/micromark-util-character/-/micromark-util-character-2.1.1.tgz 0ms (cache hit)
1436 http cache micromark-util-symbol@https://registry.npmjs.org/micromark-util-symbol/-/micromark-util-symbol-2.0.1.tgz 0ms (cache hit)
1437 http cache micromark-util-character@https://registry.npmjs.org/micromark-util-character/-/micromark-util-character-2.1.1.tgz 0ms (cache hit)
1438 http cache micromark-factory-space@https://registry.npmjs.org/micromark-factory-space/-/micromark-factory-space-2.0.1.tgz 0ms (cache hit)
1439 http cache micromark-util-character@https://registry.npmjs.org/micromark-util-character/-/micromark-util-character-2.1.1.tgz 0ms (cache hit)
1440 http cache micromark-util-character@https://registry.npmjs.org/micromark-util-character/-/micromark-util-character-2.1.1.tgz 0ms (cache hit)
1441 http cache micromark-util-symbol@https://registry.npmjs.org/micromark-util-symbol/-/micromark-util-symbol-2.0.1.tgz 0ms (cache hit)
1442 http cache micromark-util-character@https://registry.npmjs.org/micromark-util-character/-/micromark-util-character-2.1.1.tgz 0ms (cache hit)
1443 http cache micromark-util-symbol@https://registry.npmjs.org/micromark-util-symbol/-/micromark-util-symbol-2.0.1.tgz 0ms (cache hit)
1444 http cache micromark-util-symbol@https://registry.npmjs.org/micromark-util-symbol/-/micromark-util-symbol-2.0.1.tgz 0ms (cache hit)
1445 http cache micromark-factory-space@https://registry.npmjs.org/micromark-factory-space/-/micromark-factory-space-2.0.1.tgz 0ms (cache hit)
1446 http cache micromark-util-symbol@https://registry.npmjs.org/micromark-util-symbol/-/micromark-util-symbol-2.0.1.tgz 0ms (cache hit)
1447 http cache micromark-util-symbol@https://registry.npmjs.org/micromark-util-symbol/-/micromark-util-symbol-2.0.1.tgz 0ms (cache hit)
1448 http cache micromark-util-character@https://registry.npmjs.org/micromark-util-character/-/micromark-util-character-2.1.1.tgz 0ms (cache hit)
1449 http cache micromark-util-symbol@https://registry.npmjs.org/micromark-util-symbol/-/micromark-util-symbol-2.0.1.tgz 0ms (cache hit)
1450 http cache micromark-util-symbol@https://registry.npmjs.org/micromark-util-symbol/-/micromark-util-symbol-2.0.1.tgz 0ms (cache hit)
1451 http cache micromark-util-symbol@https://registry.npmjs.org/micromark-util-symbol/-/micromark-util-symbol-2.0.1.tgz 0ms (cache hit)
1452 http cache micromark-util-character@https://registry.npmjs.org/micromark-util-character/-/micromark-util-character-2.1.1.tgz 0ms (cache hit)
1453 http cache micromark-factory-space@https://registry.npmjs.org/micromark-factory-space/-/micromark-factory-space-2.0.1.tgz 0ms (cache hit)
1454 http cache micromark-util-symbol@https://registry.npmjs.org/micromark-util-symbol/-/micromark-util-symbol-2.0.1.tgz 0ms (cache hit)
1455 http cache micromark-util-character@https://registry.npmjs.org/micromark-util-character/-/micromark-util-character-2.1.1.tgz 0ms (cache hit)
1456 http cache micromark-util-symbol@https://registry.npmjs.org/micromark-util-symbol/-/micromark-util-symbol-2.0.1.tgz 0ms (cache hit)
1457 http cache micromark-factory-space@https://registry.npmjs.org/micromark-factory-space/-/micromark-factory-space-2.0.1.tgz 0ms (cache hit)
1458 http cache micromark-util-symbol@https://registry.npmjs.org/micromark-util-symbol/-/micromark-util-symbol-2.0.1.tgz 0ms (cache hit)
1459 http cache micromark-factory-space@https://registry.npmjs.org/micromark-factory-space/-/micromark-factory-space-2.0.1.tgz 0ms (cache hit)
1460 http cache micromark-util-character@https://registry.npmjs.org/micromark-util-character/-/micromark-util-character-2.1.1.tgz 0ms (cache hit)
1461 http cache micromark-util-symbol@https://registry.npmjs.org/micromark-util-symbol/-/micromark-util-symbol-2.0.1.tgz 0ms (cache hit)
1462 http cache micromark-util-symbol@https://registry.npmjs.org/micromark-util-symbol/-/micromark-util-symbol-2.0.1.tgz 0ms (cache hit)
1463 http cache micromark-factory-space@https://registry.npmjs.org/micromark-factory-space/-/micromark-factory-space-2.0.1.tgz 0ms (cache hit)
1464 http cache micromark-util-character@https://registry.npmjs.org/micromark-util-character/-/micromark-util-character-2.1.1.tgz 0ms (cache hit)
1465 http cache micromark-util-character@https://registry.npmjs.org/micromark-util-character/-/micromark-util-character-2.1.1.tgz 0ms (cache hit)
1466 http cache micromark-util-symbol@https://registry.npmjs.org/micromark-util-symbol/-/micromark-util-symbol-2.0.1.tgz 0ms (cache hit)
1467 http cache micromark-factory-space@https://registry.npmjs.org/micromark-factory-space/-/micromark-factory-space-2.0.1.tgz 0ms (cache hit)
1468 http cache micromark-util-symbol@https://registry.npmjs.org/micromark-util-symbol/-/micromark-util-symbol-2.0.1.tgz 0ms (cache hit)
1469 http cache micromark-util-character@https://registry.npmjs.org/micromark-util-character/-/micromark-util-character-2.1.1.tgz 0ms (cache hit)
1470 http cache micromark-util-character@https://registry.npmjs.org/micromark-util-character/-/micromark-util-character-2.1.1.tgz 0ms (cache hit)
1471 http cache micromark-util-symbol@https://registry.npmjs.org/micromark-util-symbol/-/micromark-util-symbol-2.0.1.tgz 0ms (cache hit)
1472 http cache micromark-factory-space@https://registry.npmjs.org/micromark-factory-space/-/micromark-factory-space-2.0.1.tgz 0ms (cache hit)
1473 http cache micromark-factory-space@https://registry.npmjs.org/micromark-factory-space/-/micromark-factory-space-2.0.1.tgz 0ms (cache hit)
1474 http cache micromark-util-character@https://registry.npmjs.org/micromark-util-character/-/micromark-util-character-2.1.1.tgz 0ms (cache hit)
1475 http cache micromark-util-character@https://registry.npmjs.org/micromark-util-character/-/micromark-util-character-2.1.1.tgz 0ms (cache hit)
1476 http cache micromark-util-symbol@https://registry.npmjs.org/micromark-util-symbol/-/micromark-util-symbol-2.0.1.tgz 0ms (cache hit)
1477 http cache micromark-util-character@https://registry.npmjs.org/micromark-util-character/-/micromark-util-character-2.1.1.tgz 0ms (cache hit)
1478 http cache micromark-util-character@https://registry.npmjs.org/micromark-util-character/-/micromark-util-character-2.1.1.tgz 0ms (cache hit)
1479 http cache micromark-util-symbol@https://registry.npmjs.org/micromark-util-symbol/-/micromark-util-symbol-2.0.1.tgz 0ms (cache hit)
1480 http cache escape-string-regexp@https://registry.npmjs.org/escape-string-regexp/-/escape-string-regexp-5.0.0.tgz 0ms (cache hit)
1481 http cache micromark-util-symbol@https://registry.npmjs.org/micromark-util-symbol/-/micromark-util-symbol-2.0.1.tgz 0ms (cache hit)
1482 http cache escape-string-regexp@https://registry.npmjs.org/escape-string-regexp/-/escape-string-regexp-5.0.0.tgz 0ms (cache hit)
1483 http cache commander@https://registry.npmjs.org/commander/-/commander-10.0.1.tgz 0ms (cache hit)
1484 http cache is-docker@https://registry.npmjs.org/is-docker/-/is-docker-3.0.0.tgz 0ms (cache hit)
1485 http cache is-plain-obj@https://registry.npmjs.org/is-plain-obj/-/is-plain-obj-3.0.0.tgz 0ms (cache hit)
1486 http cache supports-color@https://registry.npmjs.org/supports-color/-/supports-color-8.1.1.tgz 0ms (cache hit)
1487 http cache commander@https://registry.npmjs.org/commander/-/commander-8.3.0.tgz 0ms (cache hit)
1488 http cache html-minifier-terser@https://registry.npmjs.org/html-minifier-terser/-/html-minifier-terser-6.1.0.tgz 0ms (cache hit)
1489 http cache micromark-factory-space@https://registry.npmjs.org/micromark-factory-space/-/micromark-factory-space-2.0.1.tgz 0ms (cache hit)
1490 http cache readable-stream@https://registry.npmjs.org/readable-stream/-/readable-stream-2.3.8.tgz 0ms (cache hit)
1491 http cache safe-buffer@https://registry.npmjs.org/safe-buffer/-/safe-buffer-5.1.2.tgz 0ms (cache hit)
1492 http cache isarray@https://registry.npmjs.org/isarray/-/isarray-1.0.0.tgz 0ms (cache hit)
1493 http cache ms@https://registry.npmjs.org/ms/-/ms-2.0.0.tgz 0ms (cache hit)
1494 http cache debug@https://registry.npmjs.org/debug/-/debug-2.6.9.tgz 0ms (cache hit)
1495 http cache string_decoder@https://registry.npmjs.org/string_decoder/-/string_decoder-1.1.1.tgz 0ms (cache hit)
1496 http cache ajv-keywords@https://registry.npmjs.org/ajv-keywords/-/ajv-keywords-3.5.2.tgz 0ms (cache hit)
1497 http cache range-parser@https://registry.npmjs.org/range-parser/-/range-parser-1.2.1.tgz 0ms (cache hit)
1498 http cache ms@https://registry.npmjs.org/ms/-/ms-2.0.0.tgz 0ms (cache hit)
1499 http cache json-schema-traverse@https://registry.npmjs.org/json-schema-traverse/-/json-schema-traverse-0.4.1.tgz 0ms (cache hit)
1500 http cache ajv@https://registry.npmjs.org/ajv/-/ajv-6.15.0.tgz 0ms (cache hit)
1501 http cache path-to-regexp@https://registry.npmjs.org/path-to-regexp/-/path-to-regexp-0.1.13.tgz 0ms (cache hit)
1502 http cache postcss-selector-parser@https://registry.npmjs.org/postcss-selector-parser/-/postcss-selector-parser-7.1.5.tgz 0ms (cache hit)
1503 http cache mdn-data@https://registry.npmjs.org/mdn-data/-/mdn-data-2.0.28.tgz 0ms (cache hit)
1504 http cache debug@https://registry.npmjs.org/debug/-/debug-2.6.9.tgz 0ms (cache hit)
1505 http cache schema-utils@https://registry.npmjs.org/schema-utils/-/schema-utils-3.3.0.tgz 0ms (cache hit)
1506 http cache content-disposition@https://registry.npmjs.org/content-disposition/-/content-disposition-0.5.4.tgz 0ms (cache hit)
1507 http cache string-width@https://registry.npmjs.org/string-width/-/string-width-4.2.3.tgz 0ms (cache hit)
1508 http cache css-tree@https://registry.npmjs.org/css-tree/-/css-tree-2.2.1.tgz 0ms (cache hit)
1509 http cache emoji-regex@https://registry.npmjs.org/emoji-regex/-/emoji-regex-8.0.0.tgz 0ms (cache hit)
1510 http cache postcss-selector-parser@https://registry.npmjs.org/postcss-selector-parser/-/postcss-selector-parser-7.1.5.tgz 0ms (cache hit)
1511 http cache semver@https://registry.npmjs.org/semver/-/semver-6.3.1.tgz 0ms (cache hit)
1512 http cache bytes@https://registry.npmjs.org/bytes/-/bytes-3.1.2.tgz 0ms (cache hit)
1513 http cache ms@https://registry.npmjs.org/ms/-/ms-2.0.0.tgz 0ms (cache hit)
1514 http cache ms@https://registry.npmjs.org/ms/-/ms-2.0.0.tgz 0ms (cache hit)
1515 http cache source-map@https://registry.npmjs.org/source-map/-/source-map-0.6.1.tgz 0ms (cache hit)
1516 http cache debug@https://registry.npmjs.org/debug/-/debug-2.6.9.tgz 0ms (cache hit)
1517 http cache debug@https://registry.npmjs.org/debug/-/debug-2.6.9.tgz 0ms (cache hit)
1518 http cache type-fest@https://registry.npmjs.org/type-fest/-/type-fest-1.4.0.tgz 0ms (cache hit)
1519 http cache string-width@https://registry.npmjs.org/string-width/-/string-width-4.2.3.tgz 0ms (cache hit)
1520 http cache bytes@https://registry.npmjs.org/bytes/-/bytes-3.1.2.tgz 0ms (cache hit)
1521 http cache emoji-regex@https://registry.npmjs.org/emoji-regex/-/emoji-regex-8.0.0.tgz 0ms (cache hit)
1522 http cache mime-types@https://registry.npmjs.org/mime-types/-/mime-types-2.1.35.tgz 0ms (cache hit)
1523 silly tarball no local data for zwitch@https://registry.npmjs.org/zwitch/-/zwitch-2.0.4.tgz. Extracting by manifest.
1524 silly tarball no local data for yallist@https://registry.npmjs.org/yallist/-/yallist-3.1.1.tgz. Extracting by manifest.
1525 silly tarball no local data for yocto-queue@https://registry.npmjs.org/yocto-queue/-/yocto-queue-1.2.2.tgz. Extracting by manifest.
1526 http cache negotiator@https://registry.npmjs.org/negotiator/-/negotiator-0.6.3.tgz 0ms (cache hit)
1527 silly tarball no local data for xml-js@https://registry.npmjs.org/xml-js/-/xml-js-1.6.11.tgz. Extracting by manifest.
1528 http cache mime-db@https://registry.npmjs.org/mime-db/-/mime-db-1.52.0.tgz 0ms (cache hit)
1529 silly tarball no local data for xdg-basedir@https://registry.npmjs.org/xdg-basedir/-/xdg-basedir-5.1.0.tgz. Extracting by manifest.
1530 silly tarball no local data for write-file-atomic@https://registry.npmjs.org/write-file-atomic/-/write-file-atomic-3.0.3.tgz. Extracting by manifest.
1531 silly tarball no local data for webpack-merge@https://registry.npmjs.org/webpack-merge/-/webpack-merge-5.10.0.tgz. Extracting by manifest.
1532 silly tarball no local data for web-namespaces@https://registry.npmjs.org/web-namespaces/-/web-namespaces-2.0.1.tgz. Extracting by manifest.
1533 silly tarball no local data for vfile-location@https://registry.npmjs.org/vfile-location/-/vfile-location-5.0.3.tgz. Extracting by manifest.
1534 silly tarball no local data for widest-line@https://registry.npmjs.org/widest-line/-/widest-line-4.0.1.tgz. Extracting by manifest.
1535 silly tarball no local data for ws@https://registry.npmjs.org/ws/-/ws-7.5.12.tgz. Extracting by manifest.
1536 silly tarball no local data for vfile-message@https://registry.npmjs.org/vfile-message/-/vfile-message-4.0.3.tgz. Extracting by manifest.
1537 silly tarball no local data for value-equal@https://registry.npmjs.org/value-equal/-/value-equal-1.0.1.tgz. Extracting by manifest.
1538 silly tarball no local data for which@https://registry.npmjs.org/which/-/which-2.0.2.tgz. Extracting by manifest.
1539 silly tarball no local data for utility-types@https://registry.npmjs.org/utility-types/-/utility-types-3.11.0.tgz. Extracting by manifest.
1540 silly tarball no local data for utils-merge@https://registry.npmjs.org/utils-merge/-/utils-merge-1.0.1.tgz. Extracting by manifest.
1541 silly tarball no local data for utila@https://registry.npmjs.org/utila/-/utila-0.4.0.tgz. Extracting by manifest.
1542 silly tarball no local data for wbuf@https://registry.npmjs.org/wbuf/-/wbuf-1.7.3.tgz. Extracting by manifest.
1543 silly tarball no local data for util-deprecate@https://registry.npmjs.org/util-deprecate/-/util-deprecate-1.0.2.tgz. Extracting by manifest.
1544 silly tarball no local data for vfile@https://registry.npmjs.org/vfile/-/vfile-6.0.3.tgz. Extracting by manifest.
1545 silly tarball no local data for unpipe@https://registry.npmjs.org/unpipe/-/unpipe-1.0.0.tgz. Extracting by manifest.
1546 silly tarball no local data for update-browserslist-db@https://registry.npmjs.org/update-browserslist-db/-/update-browserslist-db-1.2.3.tgz. Extracting by manifest.
1547 silly tarball no local data for unist-util-visit-parents@https://registry.npmjs.org/unist-util-visit-parents/-/unist-util-visit-parents-6.0.2.tgz. Extracting by manifest.
1548 silly tarball no local data for vary@https://registry.npmjs.org/vary/-/vary-1.1.2.tgz. Extracting by manifest.
1549 silly tarball no local data for unist-util-position-from-estree@https://registry.npmjs.org/unist-util-position-from-estree/-/unist-util-position-from-estree-2.0.0.tgz. Extracting by manifest.
1550 silly tarball no local data for unist-util-stringify-position@https://registry.npmjs.org/unist-util-stringify-position/-/unist-util-stringify-position-4.0.0.tgz. Extracting by manifest.
1551 silly tarball no local data for universalify@https://registry.npmjs.org/universalify/-/universalify-2.0.1.tgz. Extracting by manifest.
1552 silly tarball no local data for unist-util-is@https://registry.npmjs.org/unist-util-is/-/unist-util-is-6.0.1.tgz. Extracting by manifest.
1553 silly tarball no local data for unist-util-position@https://registry.npmjs.org/unist-util-position/-/unist-util-position-5.0.0.tgz. Extracting by manifest.
1554 silly tarball no local data for unified@https://registry.npmjs.org/unified/-/unified-11.0.5.tgz. Extracting by manifest.
1555 silly tarball no local data for unist-util-visit@https://registry.npmjs.org/unist-util-visit/-/unist-util-visit-5.1.0.tgz. Extracting by manifest.
1556 silly tarball no local data for unique-string@https://registry.npmjs.org/unique-string/-/unique-string-3.0.0.tgz. Extracting by manifest.
1557 silly tarball no local data for unicode-property-aliases-ecmascript@https://registry.npmjs.org/unicode-property-aliases-ecmascript/-/unicode-property-aliases-ecmascript-2.2.0.tgz. Extracting by manifest.
1558 silly tarball no local data for unicode-match-property-value-ecmascript@https://registry.npmjs.org/unicode-match-property-value-ecmascript/-/unicode-match-property-value-ecmascript-2.2.1.tgz. Extracting by manifest.
1559 silly tarball no local data for typedarray-to-buffer@https://registry.npmjs.org/typedarray-to-buffer/-/typedarray-to-buffer-3.1.5.tgz. Extracting by manifest.
1560 silly tarball no local data for unicode-match-property-ecmascript@https://registry.npmjs.org/unicode-match-property-ecmascript/-/unicode-match-property-ecmascript-2.0.0.tgz. Extracting by manifest.
1561 silly tarball no local data for unicode-canonical-property-names-ecmascript@https://registry.npmjs.org/unicode-canonical-property-names-ecmascript/-/unicode-canonical-property-names-ecmascript-2.0.1.tgz. Extracting by manifest.
1562 silly tarball no local data for undici-types@https://registry.npmjs.org/undici-types/-/undici-types-8.3.0.tgz. Extracting by manifest.
1563 silly tarball no local data for unicode-emoji-modifier-base@https://registry.npmjs.org/unicode-emoji-modifier-base/-/unicode-emoji-modifier-base-1.0.0.tgz. Extracting by manifest.
1564 silly tarball no local data for tslib@https://registry.npmjs.org/tslib/-/tslib-2.8.1.tgz. Extracting by manifest.
1565 silly tarball no local data for trough@https://registry.npmjs.org/trough/-/trough-2.2.0.tgz. Extracting by manifest.
1566 silly tarball no local data for to-regex-range@https://registry.npmjs.org/to-regex-range/-/to-regex-range-5.0.1.tgz. Extracting by manifest.
1567 silly tarball no local data for type-fest@https://registry.npmjs.org/type-fest/-/type-fest-2.19.0.tgz. Extracting by manifest.
1568 silly tarball no local data for trim-lines@https://registry.npmjs.org/trim-lines/-/trim-lines-3.0.1.tgz. Extracting by manifest.
1569 silly tarball no local data for totalist@https://registry.npmjs.org/totalist/-/totalist-3.0.1.tgz. Extracting by manifest.
1570 silly tarball no local data for tiny-warning@https://registry.npmjs.org/tiny-warning/-/tiny-warning-1.0.3.tgz. Extracting by manifest.
1571 silly tarball no local data for thingies@https://registry.npmjs.org/thingies/-/thingies-2.6.1.tgz. Extracting by manifest.
1572 silly tarball no local data for tree-dump@https://registry.npmjs.org/tree-dump/-/tree-dump-1.1.0.tgz. Extracting by manifest.
1573 silly tarball no local data for toidentifier@https://registry.npmjs.org/toidentifier/-/toidentifier-1.0.1.tgz. Extracting by manifest.
1574 silly tarball no local data for tapable@https://registry.npmjs.org/tapable/-/tapable-2.3.3.tgz. Extracting by manifest.
1575 silly tarball no local data for style-to-object@https://registry.npmjs.org/style-to-object/-/style-to-object-1.0.14.tgz. Extracting by manifest.
1576 silly tarball no local data for strip-final-newline@https://registry.npmjs.org/strip-final-newline/-/strip-final-newline-2.0.0.tgz. Extracting by manifest.
1577 silly tarball no local data for thunky@https://registry.npmjs.org/thunky/-/thunky-1.1.0.tgz. Extracting by manifest.
1578 silly tarball no local data for svg-parser@https://registry.npmjs.org/svg-parser/-/svg-parser-2.0.4.tgz. Extracting by manifest.
1579 silly tarball no local data for supports-color@https://registry.npmjs.org/supports-color/-/supports-color-7.2.0.tgz. Extracting by manifest.
1580 silly tarball no local data for style-to-js@https://registry.npmjs.org/style-to-js/-/style-to-js-1.1.21.tgz. Extracting by manifest.
1581 silly tarball no local data for supports-preserve-symlinks-flag@https://registry.npmjs.org/supports-preserve-symlinks-flag/-/supports-preserve-symlinks-flag-1.0.0.tgz. Extracting by manifest.
1582 silly tarball no local data for strip-json-comments@https://registry.npmjs.org/strip-json-comments/-/strip-json-comments-3.1.1.tgz. Extracting by manifest.
1583 silly tarball no local data for strip-ansi@https://registry.npmjs.org/strip-ansi/-/strip-ansi-6.0.1.tgz. Extracting by manifest.
1584 silly tarball no local data for strip-bom-string@https://registry.npmjs.org/strip-bom-string/-/strip-bom-string-1.0.0.tgz. Extracting by manifest.
1585 silly tarball no local data for string_decoder@https://registry.npmjs.org/string_decoder/-/string_decoder-1.3.0.tgz. Extracting by manifest.
1586 silly tarball no local data for stringify-object@https://registry.npmjs.org/stringify-object/-/stringify-object-3.3.0.tgz. Extracting by manifest.
1587 silly tarball no local data for statuses@https://registry.npmjs.org/statuses/-/statuses-2.0.2.tgz. Extracting by manifest.
1588 silly tarball no local data for std-env@https://registry.npmjs.org/std-env/-/std-env-3.10.0.tgz. Extracting by manifest.
1589 silly tarball no local data for source-map-js@https://registry.npmjs.org/source-map-js/-/source-map-js-1.2.1.tgz. Extracting by manifest.
1590 silly tarball no local data for srcset@https://registry.npmjs.org/srcset/-/srcset-4.0.0.tgz. Extracting by manifest.
1591 silly tarball no local data for source-map@https://registry.npmjs.org/source-map/-/source-map-0.7.6.tgz. Extracting by manifest.
1592 silly tarball no local data for space-separated-tokens@https://registry.npmjs.org/space-separated-tokens/-/space-separated-tokens-2.0.2.tgz. Extracting by manifest.
1593 silly tarball no local data for sort-css-media-queries@https://registry.npmjs.org/sort-css-media-queries/-/sort-css-media-queries-2.2.0.tgz. Extracting by manifest.
1594 silly tarball no local data for sockjs@https://registry.npmjs.org/sockjs/-/sockjs-0.3.24.tgz. Extracting by manifest.
1595 silly tarball no local data for slash@https://registry.npmjs.org/slash/-/slash-3.0.0.tgz. Extracting by manifest.
1596 silly tarball no local data for sirv@https://registry.npmjs.org/sirv/-/sirv-2.0.4.tgz. Extracting by manifest.
1597 silly tarball no local data for skin-tone@https://registry.npmjs.org/skin-tone/-/skin-tone-2.0.0.tgz. Extracting by manifest.
1598 silly tarball no local data for side-channel-map@https://registry.npmjs.org/side-channel-map/-/side-channel-map-1.0.1.tgz. Extracting by manifest.
1599 silly tarball no local data for signal-exit@https://registry.npmjs.org/signal-exit/-/signal-exit-3.0.7.tgz. Extracting by manifest.
1600 silly tarball no local data for sisteransi@https://registry.npmjs.org/sisteransi/-/sisteransi-1.0.5.tgz. Extracting by manifest.
1601 silly tarball no local data for snake-case@https://registry.npmjs.org/snake-case/-/snake-case-3.0.4.tgz. Extracting by manifest.
1602 silly tarball no local data for side-channel-weakmap@https://registry.npmjs.org/side-channel-weakmap/-/side-channel-weakmap-1.0.2.tgz. Extracting by manifest.
1603 silly tarball no local data for side-channel@https://registry.npmjs.org/side-channel/-/side-channel-1.1.1.tgz. Extracting by manifest.
1604 silly tarball no local data for side-channel-list@https://registry.npmjs.org/side-channel-list/-/side-channel-list-1.0.1.tgz. Extracting by manifest.
1605 silly tarball no local data for shebang-command@https://registry.npmjs.org/shebang-command/-/shebang-command-2.0.0.tgz. Extracting by manifest.
1606 silly tarball no local data for shebang-regex@https://registry.npmjs.org/shebang-regex/-/shebang-regex-3.0.0.tgz. Extracting by manifest.
1607 silly tarball no local data for shell-quote@https://registry.npmjs.org/shell-quote/-/shell-quote-1.10.0.tgz. Extracting by manifest.
1608 silly tarball no local data for shallowequal@https://registry.npmjs.org/shallowequal/-/shallowequal-1.1.0.tgz. Extracting by manifest.
1609 silly tarball no local data for shallow-clone@https://registry.npmjs.org/shallow-clone/-/shallow-clone-3.0.1.tgz. Extracting by manifest.
1610 silly tarball no local data for setprototypeof@https://registry.npmjs.org/setprototypeof/-/setprototypeof-1.2.0.tgz. Extracting by manifest.
1611 silly tarball no local data for serve-static@https://registry.npmjs.org/serve-static/-/serve-static-1.16.3.tgz. Extracting by manifest.
1612 silly tarball no local data for serialize-javascript@https://registry.npmjs.org/serialize-javascript/-/serialize-javascript-6.0.2.tgz. Extracting by manifest.
1613 silly tarball no local data for semver@https://registry.npmjs.org/semver/-/semver-7.8.5.tgz. Extracting by manifest.
1614 silly tarball no local data for select-hose@https://registry.npmjs.org/select-hose/-/select-hose-2.0.0.tgz. Extracting by manifest.
1615 silly tarball no local data for semver-diff@https://registry.npmjs.org/semver-diff/-/semver-diff-4.0.0.tgz. Extracting by manifest.
1616 silly tarball no local data for sax@https://registry.npmjs.org/sax/-/sax-1.6.1.tgz. Extracting by manifest.
1617 silly tarball no local data for section-matter@https://registry.npmjs.org/section-matter/-/section-matter-1.0.0.tgz. Extracting by manifest.
1618 silly tarball no local data for schema-dts@https://registry.npmjs.org/schema-dts/-/schema-dts-1.1.5.tgz. Extracting by manifest.
1619 silly tarball no local data for safer-buffer@https://registry.npmjs.org/safer-buffer/-/safer-buffer-2.1.2.tgz. Extracting by manifest.
1620 silly tarball no local data for scheduler@https://registry.npmjs.org/scheduler/-/scheduler-0.27.0.tgz. Extracting by manifest.
1621 silly tarball no local data for run-parallel@https://registry.npmjs.org/run-parallel/-/run-parallel-1.2.0.tgz. Extracting by manifest.
1622 silly tarball no local data for run-applescript@https://registry.npmjs.org/run-applescript/-/run-applescript-7.1.0.tgz. Extracting by manifest.
1623 silly tarball no local data for rtlcss@https://registry.npmjs.org/rtlcss/-/rtlcss-4.3.0.tgz. Extracting by manifest.
1624 silly tarball no local data for retry@https://registry.npmjs.org/retry/-/retry-0.13.1.tgz. Extracting by manifest.
1625 silly tarball no local data for resolve-pathname@https://registry.npmjs.org/resolve-pathname/-/resolve-pathname-3.0.0.tgz. Extracting by manifest.
1626 silly tarball no local data for safe-buffer@https://registry.npmjs.org/safe-buffer/-/safe-buffer-5.2.1.tgz. Extracting by manifest.
1627 silly tarball no local data for resolve-alpn@https://registry.npmjs.org/resolve-alpn/-/resolve-alpn-1.2.1.tgz. Extracting by manifest.
1628 silly tarball no local data for responselike@https://registry.npmjs.org/responselike/-/responselike-3.0.0.tgz. Extracting by manifest.
1629 silly tarball no local data for resolve-from@https://registry.npmjs.org/resolve-from/-/resolve-from-4.0.0.tgz. Extracting by manifest.
1630 silly tarball no local data for set-function-length@https://registry.npmjs.org/set-function-length/-/set-function-length-1.2.2.tgz. Extracting by manifest.
1631 silly tarball no local data for remark-parse@https://registry.npmjs.org/remark-parse/-/remark-parse-11.0.0.tgz. Extracting by manifest.
1632 silly tarball no local data for remark-rehype@https://registry.npmjs.org/remark-rehype/-/remark-rehype-11.1.2.tgz. Extracting by manifest.
1633 silly tarball no local data for remark-stringify@https://registry.npmjs.org/remark-stringify/-/remark-stringify-11.0.0.tgz. Extracting by manifest.
1634 silly tarball no local data for require-from-string@https://registry.npmjs.org/require-from-string/-/require-from-string-2.0.2.tgz. Extracting by manifest.
1635 silly tarball no local data for remark-mdx@https://registry.npmjs.org/remark-mdx/-/remark-mdx-3.1.1.tgz. Extracting by manifest.
1636 silly tarball no local data for remark-emoji@https://registry.npmjs.org/remark-emoji/-/remark-emoji-4.0.1.tgz. Extracting by manifest.
1637 silly tarball no local data for remark-frontmatter@https://registry.npmjs.org/remark-frontmatter/-/remark-frontmatter-5.0.0.tgz. Extracting by manifest.
1638 silly tarball no local data for rehype-recma@https://registry.npmjs.org/rehype-recma/-/rehype-recma-1.0.0.tgz. Extracting by manifest.
1639 silly tarball no local data for remark-gfm@https://registry.npmjs.org/remark-gfm/-/remark-gfm-4.0.1.tgz. Extracting by manifest.
1640 silly tarball no local data for remark-directive@https://registry.npmjs.org/remark-directive/-/remark-directive-3.0.1.tgz. Extracting by manifest.
1641 silly tarball no local data for requires-port@https://registry.npmjs.org/requires-port/-/requires-port-1.0.0.tgz. Extracting by manifest.
1642 silly tarball no local data for regjsgen@https://registry.npmjs.org/regjsgen/-/regjsgen-0.8.0.tgz. Extracting by manifest.
1643 silly tarball no local data for regjsparser@https://registry.npmjs.org/regjsparser/-/regjsparser-0.13.2.tgz. Extracting by manifest.
1644 silly tarball no local data for registry-url@https://registry.npmjs.org/registry-url/-/registry-url-6.0.1.tgz. Extracting by manifest.
1645 silly tarball no local data for regexpu-core@https://registry.npmjs.org/regexpu-core/-/regexpu-core-6.4.0.tgz. Extracting by manifest.
1646 silly tarball no local data for regenerate@https://registry.npmjs.org/regenerate/-/regenerate-1.4.2.tgz. Extracting by manifest.
1647 silly tarball no local data for regenerate-unicode-properties@https://registry.npmjs.org/regenerate-unicode-properties/-/regenerate-unicode-properties-10.2.2.tgz. Extracting by manifest.
1648 silly tarball no local data for recma-stringify@https://registry.npmjs.org/recma-stringify/-/recma-stringify-1.0.0.tgz. Extracting by manifest.
1649 silly tarball no local data for rehype-raw@https://registry.npmjs.org/rehype-raw/-/rehype-raw-7.0.0.tgz. Extracting by manifest.
1650 silly tarball no local data for registry-auth-token@https://registry.npmjs.org/registry-auth-token/-/registry-auth-token-5.1.1.tgz. Extracting by manifest.
1651 silly tarball no local data for reflect-metadata@https://registry.npmjs.org/reflect-metadata/-/reflect-metadata-0.2.2.tgz. Extracting by manifest.
1652 silly tarball no local data for recma-parse@https://registry.npmjs.org/recma-parse/-/recma-parse-1.0.0.tgz. Extracting by manifest.
1653 silly tarball no local data for recma-jsx@https://registry.npmjs.org/recma-jsx/-/recma-jsx-1.0.1.tgz. Extracting by manifest.
1654 silly tarball no local data for readdirp@https://registry.npmjs.org/readdirp/-/readdirp-3.6.0.tgz. Extracting by manifest.
1655 silly tarball no local data for recma-build-jsx@https://registry.npmjs.org/recma-build-jsx/-/recma-build-jsx-1.0.0.tgz. Extracting by manifest.
1656 silly tarball no local data for react-router@https://registry.npmjs.org/react-router/-/react-router-5.3.4.tgz. Extracting by manifest.
1657 silly tarball no local data for react-fast-compare@https://registry.npmjs.org/react-fast-compare/-/react-fast-compare-3.2.2.tgz. Extracting by manifest.
1658 silly tarball no local data for react-helmet-async@https://registry.npmjs.org/@slorber/react-helmet-async/-/react-helmet-async-1.3.0.tgz. Extracting by manifest.
1659 silly tarball no local data for react-is@https://registry.npmjs.org/react-is/-/react-is-16.13.1.tgz. Extracting by manifest.
1660 silly tarball no local data for react-router-config@https://registry.npmjs.org/react-router-config/-/react-router-config-5.1.1.tgz. Extracting by manifest.
1661 silly tarball no local data for range-parser@https://registry.npmjs.org/range-parser/-/range-parser-1.2.0.tgz. Extracting by manifest.
1662 silly tarball no local data for react-dom@https://registry.npmjs.org/react-dom/-/react-dom-19.2.7.tgz. Extracting by manifest.
1663 silly tarball no local data for react@https://registry.npmjs.org/react/-/react-19.2.7.tgz. Extracting by manifest.
1664 silly tarball no local data for randombytes@https://registry.npmjs.org/randombytes/-/randombytes-2.1.0.tgz. Extracting by manifest.
1665 silly tarball no local data for queue-microtask@https://registry.npmjs.org/queue-microtask/-/queue-microtask-1.2.3.tgz. Extracting by manifest.
1666 silly tarball no local data for react-loadable@https://registry.npmjs.org/@docusaurus/react-loadable/-/react-loadable-6.0.0.tgz. Extracting by manifest.
1667 silly tarball no local data for quick-lru@https://registry.npmjs.org/quick-lru/-/quick-lru-5.1.1.tgz. Extracting by manifest.
1668 silly tarball no local data for pvutils@https://registry.npmjs.org/pvutils/-/pvutils-1.2.0.tgz. Extracting by manifest.
1669 silly tarball no local data for qs@https://registry.npmjs.org/qs/-/qs-6.15.3.tgz. Extracting by manifest.
1670 silly tarball no local data for pvtsutils@https://registry.npmjs.org/pvtsutils/-/pvtsutils-1.3.6.tgz. Extracting by manifest.
1671 silly tarball no local data for proto-list@https://registry.npmjs.org/proto-list/-/proto-list-1.2.4.tgz. Extracting by manifest.
1672 silly tarball no local data for pupa@https://registry.npmjs.org/pupa/-/pupa-3.3.0.tgz. Extracting by manifest.
1673 silly tarball no local data for punycode@https://registry.npmjs.org/punycode/-/punycode-2.3.1.tgz. Extracting by manifest.
1674 silly tarball no local data for pretty-time@https://registry.npmjs.org/pretty-time/-/pretty-time-1.1.0.tgz. Extracting by manifest.
1675 silly tarball no local data for prop-types@https://registry.npmjs.org/prop-types/-/prop-types-15.8.1.tgz. Extracting by manifest.
1676 silly tarball no local data for process-nextick-args@https://registry.npmjs.org/process-nextick-args/-/process-nextick-args-2.0.1.tgz. Extracting by manifest.
1677 silly tarball no local data for prism-react-renderer@https://registry.npmjs.org/prism-react-renderer/-/prism-react-renderer-2.4.1.tgz. Extracting by manifest.
1678 silly tarball no local data for postcss-value-parser@https://registry.npmjs.org/postcss-value-parser/-/postcss-value-parser-4.2.0.tgz. Extracting by manifest.
1679 silly tarball no local data for postcss-sort-media-queries@https://registry.npmjs.org/postcss-sort-media-queries/-/postcss-sort-media-queries-5.2.0.tgz. Extracting by manifest.
1680 silly tarball no local data for postcss-reduce-transforms@https://registry.npmjs.org/postcss-reduce-transforms/-/postcss-reduce-transforms-6.0.2.tgz. Extracting by manifest.
1681 silly tarball no local data for postcss-unique-selectors@https://registry.npmjs.org/postcss-unique-selectors/-/postcss-unique-selectors-6.0.4.tgz. Extracting by manifest.
1682 silly tarball no local data for postcss-preset-env@https://registry.npmjs.org/postcss-preset-env/-/postcss-preset-env-10.6.1.tgz. Extracting by manifest.
1683 silly tarball no local data for postcss-page-break@https://registry.npmjs.org/postcss-page-break/-/postcss-page-break-3.0.4.tgz. Extracting by manifest.
1684 silly tarball no local data for postcss-replace-overflow-wrap@https://registry.npmjs.org/postcss-replace-overflow-wrap/-/postcss-replace-overflow-wrap-4.0.0.tgz. Extracting by manifest.
1685 silly tarball no local data for postcss-place@https://registry.npmjs.org/postcss-place/-/postcss-place-10.0.0.tgz. Extracting by manifest.
1686 silly tarball no local data for postcss-overflow-shorthand@https://registry.npmjs.org/postcss-overflow-shorthand/-/postcss-overflow-shorthand-6.0.0.tgz. Extracting by manifest.
1687 silly tarball no local data for postcss-opacity-percentage@https://registry.npmjs.org/postcss-opacity-percentage/-/postcss-opacity-percentage-3.0.0.tgz. Extracting by manifest.
1688 silly tarball no local data for postcss-normalize-unicode@https://registry.npmjs.org/postcss-normalize-unicode/-/postcss-normalize-unicode-6.1.0.tgz. Extracting by manifest.
1689 silly tarball no local data for postcss-normalize-url@https://registry.npmjs.org/postcss-normalize-url/-/postcss-normalize-url-6.0.2.tgz. Extracting by manifest.
1690 silly tarball no local data for postcss-normalize-timing-functions@https://registry.npmjs.org/postcss-normalize-timing-functions/-/postcss-normalize-timing-functions-6.0.2.tgz. Extracting by manifest.
1691 silly tarball no local data for postcss-normalize-charset@https://registry.npmjs.org/postcss-normalize-charset/-/postcss-normalize-charset-6.0.2.tgz. Extracting by manifest.
1692 silly tarball no local data for postcss-modules-values@https://registry.npmjs.org/postcss-modules-values/-/postcss-modules-values-4.0.0.tgz. Extracting by manifest.
1693 silly tarball no local data for postcss-normalize-whitespace@https://registry.npmjs.org/postcss-normalize-whitespace/-/postcss-normalize-whitespace-6.0.2.tgz. Extracting by manifest.
1694 silly tarball no local data for postcss-normalize-positions@https://registry.npmjs.org/postcss-normalize-positions/-/postcss-normalize-positions-6.0.2.tgz. Extracting by manifest.
1695 silly tarball no local data for postcss-minify-params@https://registry.npmjs.org/postcss-minify-params/-/postcss-minify-params-6.1.0.tgz. Extracting by manifest.
1696 silly tarball no local data for postcss-modules-extract-imports@https://registry.npmjs.org/postcss-modules-extract-imports/-/postcss-modules-extract-imports-3.1.0.tgz. Extracting by manifest.
1697 silly tarball no local data for postcss-minify-gradients@https://registry.npmjs.org/postcss-minify-gradients/-/postcss-minify-gradients-6.0.3.tgz. Extracting by manifest.
1698 silly tarball no local data for postcss-normalize-string@https://registry.npmjs.org/postcss-normalize-string/-/postcss-normalize-string-6.0.2.tgz. Extracting by manifest.
1699 silly tarball no local data for postcss-loader@https://registry.npmjs.org/postcss-loader/-/postcss-loader-7.3.4.tgz. Extracting by manifest.
1700 silly tarball no local data for postcss-merge-idents@https://registry.npmjs.org/postcss-merge-idents/-/postcss-merge-idents-6.0.3.tgz. Extracting by manifest.
1701 silly tarball no local data for postcss-image-set-function@https://registry.npmjs.org/postcss-image-set-function/-/postcss-image-set-function-7.0.0.tgz. Extracting by manifest.
1702 silly tarball no local data for postcss-discard-unused@https://registry.npmjs.org/postcss-discard-unused/-/postcss-discard-unused-6.0.5.tgz. Extracting by manifest.
1703 silly tarball no local data for postcss-gap-properties@https://registry.npmjs.org/postcss-gap-properties/-/postcss-gap-properties-6.0.0.tgz. Extracting by manifest.
1704 silly tarball no local data for postcss-lab-function@https://registry.npmjs.org/postcss-lab-function/-/postcss-lab-function-7.0.12.tgz. Extracting by manifest.
1705 silly tarball no local data for postcss-discard-overridden@https://registry.npmjs.org/postcss-discard-overridden/-/postcss-discard-overridden-6.0.2.tgz. Extracting by manifest.
1706 silly tarball no local data for postcss-discard-empty@https://registry.npmjs.org/postcss-discard-empty/-/postcss-discard-empty-6.0.3.tgz. Extracting by manifest.
1707 silly tarball no local data for postcss-font-variant@https://registry.npmjs.org/postcss-font-variant/-/postcss-font-variant-5.0.0.tgz. Extracting by manifest.
1708 silly tarball no local data for postcss-discard-duplicates@https://registry.npmjs.org/postcss-discard-duplicates/-/postcss-discard-duplicates-6.0.3.tgz. Extracting by manifest.
1709 silly tarball no local data for postcss-custom-properties@https://registry.npmjs.org/postcss-custom-properties/-/postcss-custom-properties-14.0.6.tgz. Extracting by manifest.
1710 silly tarball no local data for postcss-colormin@https://registry.npmjs.org/postcss-colormin/-/postcss-colormin-6.1.0.tgz. Extracting by manifest.
1711 silly tarball no local data for postcss-double-position-gradients@https://registry.npmjs.org/postcss-double-position-gradients/-/postcss-double-position-gradients-6.0.4.tgz. Extracting by manifest.
1712 silly tarball no local data for postcss-custom-media@https://registry.npmjs.org/postcss-custom-media/-/postcss-custom-media-11.0.6.tgz. Extracting by manifest.
1713 silly tarball no local data for postcss-color-functional-notation@https://registry.npmjs.org/postcss-color-functional-notation/-/postcss-color-functional-notation-7.0.12.tgz. Extracting by manifest.
1714 silly tarball no local data for postcss-logical@https://registry.npmjs.org/postcss-logical/-/postcss-logical-8.1.0.tgz. Extracting by manifest.
1715 silly tarball no local data for postcss-clamp@https://registry.npmjs.org/postcss-clamp/-/postcss-clamp-4.1.0.tgz. Extracting by manifest.
1716 silly tarball no local data for pkg-dir@https://registry.npmjs.org/pkg-dir/-/pkg-dir-7.0.0.tgz. Extracting by manifest.
1717 silly tarball no local data for postcss-color-rebeccapurple@https://registry.npmjs.org/postcss-color-rebeccapurple/-/postcss-color-rebeccapurple-10.0.0.tgz. Extracting by manifest.
1718 silly tarball no local data for postcss@https://registry.npmjs.org/postcss/-/postcss-8.5.26.tgz. Extracting by manifest.
1719 silly tarball no local data for pkijs@https://registry.npmjs.org/pkijs/-/pkijs-3.4.0.tgz. Extracting by manifest.
1720 silly tarball no local data for picomatch@https://registry.npmjs.org/picomatch/-/picomatch-2.3.2.tgz. Extracting by manifest.
1721 silly tarball no local data for path-to-regexp@https://registry.npmjs.org/path-to-regexp/-/path-to-regexp-1.9.0.tgz. Extracting by manifest.
1722 silly tarball no local data for picocolors@https://registry.npmjs.org/picocolors/-/picocolors-1.1.1.tgz. Extracting by manifest.
1723 silly tarball no local data for path-parse@https://registry.npmjs.org/path-parse/-/path-parse-1.0.7.tgz. Extracting by manifest.
1724 silly tarball no local data for postcss-color-hex-alpha@https://registry.npmjs.org/postcss-color-hex-alpha/-/postcss-color-hex-alpha-10.0.0.tgz. Extracting by manifest.
1725 silly tarball no local data for path-is-inside@https://registry.npmjs.org/path-is-inside/-/path-is-inside-1.0.2.tgz. Extracting by manifest.
1726 silly tarball no local data for pascal-case@https://registry.npmjs.org/pascal-case/-/pascal-case-3.1.2.tgz. Extracting by manifest.
1727 silly tarball no local data for path-type@https://registry.npmjs.org/path-type/-/path-type-4.0.0.tgz. Extracting by manifest.
1728 silly tarball no local data for path-key@https://registry.npmjs.org/path-key/-/path-key-3.1.1.tgz. Extracting by manifest.
1729 silly tarball no local data for path-exists@https://registry.npmjs.org/path-exists/-/path-exists-5.0.0.tgz. Extracting by manifest.
1730 silly tarball no local data for parent-module@https://registry.npmjs.org/parent-module/-/parent-module-1.0.1.tgz. Extracting by manifest.
1731 silly tarball no local data for package-json@https://registry.npmjs.org/package-json/-/package-json-8.1.1.tgz. Extracting by manifest.
1732 silly tarball no local data for parse-numeric-range@https://registry.npmjs.org/parse-numeric-range/-/parse-numeric-range-1.3.0.tgz. Extracting by manifest.
1733 silly tarball no local data for p-retry@https://registry.npmjs.org/p-retry/-/p-retry-6.2.1.tgz. Extracting by manifest.
1734 silly tarball no local data for param-case@https://registry.npmjs.org/param-case/-/param-case-3.0.4.tgz. Extracting by manifest.
1735 silly tarball no local data for p-queue@https://registry.npmjs.org/p-queue/-/p-queue-6.6.2.tgz. Extracting by manifest.
1736 silly tarball no local data for p-map@https://registry.npmjs.org/p-map/-/p-map-4.0.0.tgz. Extracting by manifest.
1737 silly tarball no local data for p-locate@https://registry.npmjs.org/p-locate/-/p-locate-6.0.0.tgz. Extracting by manifest.
1738 silly tarball no local data for p-limit@https://registry.npmjs.org/p-limit/-/p-limit-4.0.0.tgz. Extracting by manifest.
1739 silly tarball no local data for parseurl@https://registry.npmjs.org/parseurl/-/parseurl-1.3.3.tgz. Extracting by manifest.
1740 silly tarball no local data for p-finally@https://registry.npmjs.org/p-finally/-/p-finally-1.0.0.tgz. Extracting by manifest.
1741 silly tarball no local data for p-cancelable@https://registry.npmjs.org/p-cancelable/-/p-cancelable-3.0.0.tgz. Extracting by manifest.
1742 silly tarball no local data for onetime@https://registry.npmjs.org/onetime/-/onetime-5.1.2.tgz. Extracting by manifest.
1743 silly tarball no local data for parse-json@https://registry.npmjs.org/parse-json/-/parse-json-5.2.0.tgz. Extracting by manifest.
1744 silly tarball no local data for open@https://registry.npmjs.org/open/-/open-8.4.2.tgz. Extracting by manifest.
1745 silly tarball no local data for on-finished@https://registry.npmjs.org/on-finished/-/on-finished-2.4.1.tgz. Extracting by manifest.
1746 silly tarball no local data for obuf@https://registry.npmjs.org/obuf/-/obuf-1.1.2.tgz. Extracting by manifest.
1747 silly tarball no local data for on-headers@https://registry.npmjs.org/on-headers/-/on-headers-1.1.0.tgz. Extracting by manifest.
1748 silly tarball no local data for object.assign@https://registry.npmjs.org/object.assign/-/object.assign-4.1.7.tgz. Extracting by manifest.
1749 silly tarball no local data for object-assign@https://registry.npmjs.org/object-assign/-/object-assign-4.1.1.tgz. Extracting by manifest.
1750 silly tarball no local data for opener@https://registry.npmjs.org/opener/-/opener-1.5.2.tgz. Extracting by manifest.
1751 silly tarball no local data for p-timeout@https://registry.npmjs.org/p-timeout/-/p-timeout-3.2.0.tgz. Extracting by manifest.
1752 silly tarball no local data for normalize-url@https://registry.npmjs.org/normalize-url/-/normalize-url-8.1.1.tgz. Extracting by manifest.
1753 silly tarball no local data for nprogress@https://registry.npmjs.org/nprogress/-/nprogress-0.2.0.tgz. Extracting by manifest.
1754 silly tarball no local data for npm-run-path@https://registry.npmjs.org/npm-run-path/-/npm-run-path-4.0.1.tgz. Extracting by manifest.
1755 silly tarball no local data for normalize-path@https://registry.npmjs.org/normalize-path/-/normalize-path-3.0.0.tgz. Extracting by manifest.
1756 silly tarball no local data for object-keys@https://registry.npmjs.org/object-keys/-/object-keys-1.1.1.tgz. Extracting by manifest.
1757 silly tarball no local data for multicast-dns@https://registry.npmjs.org/multicast-dns/-/multicast-dns-7.2.5.tgz. Extracting by manifest.
1758 silly tarball no local data for node-emoji@https://registry.npmjs.org/node-emoji/-/node-emoji-2.2.0.tgz. Extracting by manifest.
1759 silly tarball no local data for ms@https://registry.npmjs.org/ms/-/ms-2.1.3.tgz. Extracting by manifest.
1760 silly tarball no local data for minimalistic-assert@https://registry.npmjs.org/minimalistic-assert/-/minimalistic-assert-1.0.1.tgz. Extracting by manifest.
1761 silly tarball no local data for mrmime@https://registry.npmjs.org/mrmime/-/mrmime-2.0.1.tgz. Extracting by manifest.
1762 silly tarball no local data for neo-async@https://registry.npmjs.org/neo-async/-/neo-async-2.6.2.tgz. Extracting by manifest.
1763 silly tarball no local data for mimic-response@https://registry.npmjs.org/mimic-response/-/mimic-response-4.0.0.tgz. Extracting by manifest.
1764 silly tarball no local data for no-case@https://registry.npmjs.org/no-case/-/no-case-3.0.4.tgz. Extracting by manifest.
1765 silly tarball no local data for negotiator@https://registry.npmjs.org/negotiator/-/negotiator-0.6.4.tgz. Extracting by manifest.
1766 silly tarball no local data for minimist@https://registry.npmjs.org/minimist/-/minimist-1.2.8.tgz. Extracting by manifest.
1767 silly tarball no local data for minimatch@https://registry.npmjs.org/minimatch/-/minimatch-3.1.5.tgz. Extracting by manifest.
1768 silly tarball no local data for mimic-fn@https://registry.npmjs.org/mimic-fn/-/mimic-fn-2.1.0.tgz. Extracting by manifest.
1769 silly tarball no local data for nanoid@https://registry.npmjs.org/nanoid/-/nanoid-3.3.18.tgz. Extracting by manifest.
1770 silly tarball no local data for mime-types@https://registry.npmjs.org/mime-types/-/mime-types-2.1.18.tgz. Extracting by manifest.
1771 silly tarball no local data for mime-db@https://registry.npmjs.org/mime-db/-/mime-db-1.33.0.tgz. Extracting by manifest.
1772 silly tarball no local data for micromatch@https://registry.npmjs.org/micromatch/-/micromatch-4.0.8.tgz. Extracting by manifest.
1773 silly tarball no local data for micromark-util-symbol@https://registry.npmjs.org/micromark-util-symbol/-/micromark-util-symbol-1.1.0.tgz. Extracting by manifest.
1774 silly tarball no local data for micromark-util-encode@https://registry.npmjs.org/micromark-util-encode/-/micromark-util-encode-2.0.1.tgz. Extracting by manifest.
1775 silly tarball no local data for mime@https://registry.npmjs.org/mime/-/mime-1.6.0.tgz. Extracting by manifest.
1776 silly tarball no local data for micromark-extension-mdxjs@https://registry.npmjs.org/micromark-extension-mdxjs/-/micromark-extension-mdxjs-3.0.0.tgz. Extracting by manifest.
1777 silly tarball no local data for micromark-util-html-tag-name@https://registry.npmjs.org/micromark-util-html-tag-name/-/micromark-util-html-tag-name-2.0.1.tgz. Extracting by manifest.
1778 silly tarball no local data for micromark-util-resolve-all@https://registry.npmjs.org/micromark-util-resolve-all/-/micromark-util-resolve-all-2.0.1.tgz. Extracting by manifest.
1779 silly tarball no local data for micromark-extension-gfm-tagfilter@https://registry.npmjs.org/micromark-extension-gfm-tagfilter/-/micromark-extension-gfm-tagfilter-2.0.0.tgz. Extracting by manifest.
1780 silly tarball no local data for micromark-extension-gfm@https://registry.npmjs.org/micromark-extension-gfm/-/micromark-extension-gfm-3.0.0.tgz. Extracting by manifest.
1781 silly tarball no local data for micromark-util-combine-extensions@https://registry.npmjs.org/micromark-util-combine-extensions/-/micromark-util-combine-extensions-2.0.1.tgz. Extracting by manifest.
1782 silly tarball no local data for methods@https://registry.npmjs.org/methods/-/methods-1.1.2.tgz. Extracting by manifest.
1783 silly tarball no local data for micromark-extension-mdx-md@https://registry.npmjs.org/micromark-extension-mdx-md/-/micromark-extension-mdx-md-2.0.0.tgz. Extracting by manifest.
1784 silly tarball no local data for merge2@https://registry.npmjs.org/merge2/-/merge2-1.4.1.tgz. Extracting by manifest.
1785 silly tarball no local data for merge-descriptors@https://registry.npmjs.org/merge-descriptors/-/merge-descriptors-1.0.3.tgz. Extracting by manifest.
1786 silly tarball no local data for merge-stream@https://registry.npmjs.org/merge-stream/-/merge-stream-2.0.0.tgz. Extracting by manifest.
1787 silly tarball no local data for mdn-data@https://registry.npmjs.org/mdn-data/-/mdn-data-2.0.30.tgz. Extracting by manifest.
1788 silly tarball no local data for mdast-util-to-string@https://registry.npmjs.org/mdast-util-to-string/-/mdast-util-to-string-4.0.0.tgz. Extracting by manifest.
1789 silly tarball no local data for micromark-util-types@https://registry.npmjs.org/micromark-util-types/-/micromark-util-types-2.0.2.tgz. Extracting by manifest.
1790 silly tarball no local data for mdast-util-mdx-jsx@https://registry.npmjs.org/mdast-util-mdx-jsx/-/mdast-util-mdx-jsx-3.2.0.tgz. Extracting by manifest.
1791 silly tarball no local data for mdast-util-mdx@https://registry.npmjs.org/mdast-util-mdx/-/mdast-util-mdx-3.0.0.tgz. Extracting by manifest.
1792 silly tarball no local data for mdast-util-mdxjs-esm@https://registry.npmjs.org/mdast-util-mdxjs-esm/-/mdast-util-mdxjs-esm-2.0.1.tgz. Extracting by manifest.
1793 silly tarball no local data for mdast-util-phrasing@https://registry.npmjs.org/mdast-util-phrasing/-/mdast-util-phrasing-4.1.0.tgz. Extracting by manifest.
1794 silly tarball no local data for mdast-util-gfm-task-list-item@https://registry.npmjs.org/mdast-util-gfm-task-list-item/-/mdast-util-gfm-task-list-item-2.0.0.tgz. Extracting by manifest.
1795 silly tarball no local data for media-typer@https://registry.npmjs.org/media-typer/-/media-typer-0.3.0.tgz. Extracting by manifest.
1796 silly tarball no local data for mdast-util-mdx-expression@https://registry.npmjs.org/mdast-util-mdx-expression/-/mdast-util-mdx-expression-2.0.1.tgz. Extracting by manifest.
1797 silly tarball no local data for mdast-util-gfm-table@https://registry.npmjs.org/mdast-util-gfm-table/-/mdast-util-gfm-table-2.0.0.tgz. Extracting by manifest.
1798 silly tarball no local data for mdast-util-gfm-strikethrough@https://registry.npmjs.org/mdast-util-gfm-strikethrough/-/mdast-util-gfm-strikethrough-2.0.0.tgz. Extracting by manifest.
1799 silly tarball no local data for mdast-util-gfm-footnote@https://registry.npmjs.org/mdast-util-gfm-footnote/-/mdast-util-gfm-footnote-2.1.0.tgz. Extracting by manifest.
1800 silly tarball no local data for math-intrinsics@https://registry.npmjs.org/math-intrinsics/-/math-intrinsics-1.1.0.tgz. Extracting by manifest.
1801 silly tarball no local data for markdown-table@https://registry.npmjs.org/markdown-table/-/markdown-table-3.0.4.tgz. Extracting by manifest.
1802 silly tarball no local data for markdown-extensions@https://registry.npmjs.org/markdown-extensions/-/markdown-extensions-2.0.0.tgz. Extracting by manifest.
1803 silly tarball no local data for mdast-util-directive@https://registry.npmjs.org/mdast-util-directive/-/mdast-util-directive-3.1.0.tgz. Extracting by manifest.
1804 silly tarball no local data for lowercase-keys@https://registry.npmjs.org/lowercase-keys/-/lowercase-keys-3.0.0.tgz. Extracting by manifest.
1805 silly tarball no local data for loose-envify@https://registry.npmjs.org/loose-envify/-/loose-envify-1.4.0.tgz. Extracting by manifest.
1806 silly tarball no local data for lower-case@https://registry.npmjs.org/lower-case/-/lower-case-2.0.2.tgz. Extracting by manifest.
1807 silly tarball no local data for mdast-util-gfm@https://registry.npmjs.org/mdast-util-gfm/-/mdast-util-gfm-3.1.0.tgz. Extracting by manifest.
1808 silly tarball no local data for lodash.memoize@https://registry.npmjs.org/lodash.memoize/-/lodash.memoize-4.1.2.tgz. Extracting by manifest.
1809 silly tarball no local data for lru-cache@https://registry.npmjs.org/lru-cache/-/lru-cache-5.1.1.tgz. Extracting by manifest.
1810 silly tarball no local data for lodash.uniq@https://registry.npmjs.org/lodash.uniq/-/lodash.uniq-4.5.0.tgz. Extracting by manifest.
1811 silly tarball no local data for lodash.debounce@https://registry.npmjs.org/lodash.debounce/-/lodash.debounce-4.0.8.tgz. Extracting by manifest.
1812 silly tarball no local data for lodash@https://registry.npmjs.org/lodash/-/lodash-4.18.1.tgz. Extracting by manifest.
1813 silly tarball no local data for lines-and-columns@https://registry.npmjs.org/lines-and-columns/-/lines-and-columns-1.2.4.tgz. Extracting by manifest.
1814 silly tarball no local data for longest-streak@https://registry.npmjs.org/longest-streak/-/longest-streak-3.1.0.tgz. Extracting by manifest.
1815 silly tarball no local data for leven@https://registry.npmjs.org/leven/-/leven-3.1.0.tgz. Extracting by manifest.
1816 silly tarball no local data for lilconfig@https://registry.npmjs.org/lilconfig/-/lilconfig-3.1.3.tgz. Extracting by manifest.
1817 silly tarball no local data for latest-version@https://registry.npmjs.org/latest-version/-/latest-version-7.0.0.tgz. Extracting by manifest.
1818 silly tarball no local data for launch-editor@https://registry.npmjs.org/launch-editor/-/launch-editor-2.14.1.tgz. Extracting by manifest.
1819 silly tarball no local data for keyv@https://registry.npmjs.org/keyv/-/keyv-4.5.4.tgz. Extracting by manifest.
1820 silly tarball no local data for locate-path@https://registry.npmjs.org/locate-path/-/locate-path-7.2.0.tgz. Extracting by manifest.
1821 silly tarball no local data for jsonfile@https://registry.npmjs.org/jsonfile/-/jsonfile-6.2.1.tgz. Extracting by manifest.
1822 silly tarball no local data for json5@https://registry.npmjs.org/json5/-/json5-2.2.3.tgz. Extracting by manifest.
1823 silly tarball no local data for loader-runner@https://registry.npmjs.org/loader-runner/-/loader-runner-4.3.2.tgz. Extracting by manifest.
1824 silly tarball no local data for kind-of@https://registry.npmjs.org/kind-of/-/kind-of-6.0.3.tgz. Extracting by manifest.
1825 silly tarball no local data for jsesc@https://registry.npmjs.org/jsesc/-/jsesc-3.1.0.tgz. Extracting by manifest.
1826 silly tarball no local data for js-tokens@https://registry.npmjs.org/js-tokens/-/js-tokens-4.0.0.tgz. Extracting by manifest.
1827 silly tarball no local data for json-buffer@https://registry.npmjs.org/json-buffer/-/json-buffer-3.0.1.tgz. Extracting by manifest.
1828 silly tarball no local data for kleur@https://registry.npmjs.org/kleur/-/kleur-3.0.3.tgz. Extracting by manifest.
1829 silly tarball no local data for jest-util@https://registry.npmjs.org/jest-util/-/jest-util-29.7.0.tgz. Extracting by manifest.
1830 silly tarball no local data for isarray@https://registry.npmjs.org/isarray/-/isarray-0.0.1.tgz. Extracting by manifest.
1831 silly tarball no local data for json-parse-even-better-errors@https://registry.npmjs.org/json-parse-even-better-errors/-/json-parse-even-better-errors-2.3.1.tgz. Extracting by manifest.
1832 silly tarball no local data for isexe@https://registry.npmjs.org/isexe/-/isexe-2.0.0.tgz. Extracting by manifest.
1833 silly tarball no local data for is-yarn-global@https://registry.npmjs.org/is-yarn-global/-/is-yarn-global-0.4.1.tgz. Extracting by manifest.
1834 silly tarball no local data for isobject@https://registry.npmjs.org/isobject/-/isobject-3.0.1.tgz. Extracting by manifest.
1835 silly tarball no local data for is-regexp@https://registry.npmjs.org/is-regexp/-/is-regexp-1.0.0.tgz. Extracting by manifest.
1836 silly tarball no local data for is-wsl@https://registry.npmjs.org/is-wsl/-/is-wsl-2.2.0.tgz. Extracting by manifest.
1837 silly tarball no local data for is-stream@https://registry.npmjs.org/is-stream/-/is-stream-2.0.1.tgz. Extracting by manifest.
1838 silly tarball no local data for is-plain-object@https://registry.npmjs.org/is-plain-object/-/is-plain-object-2.0.4.tgz. Extracting by manifest.
1839 silly tarball no local data for is-typedarray@https://registry.npmjs.org/is-typedarray/-/is-typedarray-1.0.0.tgz. Extracting by manifest.
1840 silly tarball no local data for is-plain-obj@https://registry.npmjs.org/is-plain-obj/-/is-plain-obj-4.1.0.tgz. Extracting by manifest.
1841 silly tarball no local data for is-number@https://registry.npmjs.org/is-number/-/is-number-7.0.0.tgz. Extracting by manifest.
1842 silly tarball no local data for is-obj@https://registry.npmjs.org/is-obj/-/is-obj-1.0.1.tgz. Extracting by manifest.
1843 silly tarball no local data for is-path-inside@https://registry.npmjs.org/is-path-inside/-/is-path-inside-3.0.3.tgz. Extracting by manifest.
1844 silly tarball no local data for is-network-error@https://registry.npmjs.org/is-network-error/-/is-network-error-1.3.2.tgz. Extracting by manifest.
1845 silly tarball no local data for is-installed-globally@https://registry.npmjs.org/is-installed-globally/-/is-installed-globally-0.4.0.tgz. Extracting by manifest.
1846 silly tarball no local data for is-hexadecimal@https://registry.npmjs.org/is-hexadecimal/-/is-hexadecimal-2.0.1.tgz. Extracting by manifest.
1847 silly tarball no local data for is-npm@https://registry.npmjs.org/is-npm/-/is-npm-6.1.0.tgz. Extracting by manifest.
1848 silly tarball no local data for is-glob@https://registry.npmjs.org/is-glob/-/is-glob-4.0.3.tgz. Extracting by manifest.
1849 silly tarball no local data for is-fullwidth-code-point@https://registry.npmjs.org/is-fullwidth-code-point/-/is-fullwidth-code-point-3.0.0.tgz. Extracting by manifest.
1850 silly tarball no local data for is-extglob@https://registry.npmjs.org/is-extglob/-/is-extglob-2.1.1.tgz. Extracting by manifest.
1851 silly tarball no local data for is-decimal@https://registry.npmjs.org/is-decimal/-/is-decimal-2.0.1.tgz. Extracting by manifest.
1852 silly tarball no local data for is-core-module@https://registry.npmjs.org/is-core-module/-/is-core-module-2.16.2.tgz. Extracting by manifest.
1853 silly tarball no local data for is-ci@https://registry.npmjs.org/is-ci/-/is-ci-3.0.1.tgz. Extracting by manifest.
1854 silly tarball no local data for is-docker@https://registry.npmjs.org/is-docker/-/is-docker-2.2.1.tgz. Extracting by manifest.
1855 silly tarball no local data for is-binary-path@https://registry.npmjs.org/is-binary-path/-/is-binary-path-2.1.0.tgz. Extracting by manifest.
1856 silly tarball no local data for is-extendable@https://registry.npmjs.org/is-extendable/-/is-extendable-0.1.1.tgz. Extracting by manifest.
1857 silly tarball no local data for is-alphanumerical@https://registry.npmjs.org/is-alphanumerical/-/is-alphanumerical-2.0.1.tgz. Extracting by manifest.
1858 silly tarball no local data for ipaddr.js@https://registry.npmjs.org/ipaddr.js/-/ipaddr.js-2.5.0.tgz. Extracting by manifest.
1859 silly tarball no local data for is-alphabetical@https://registry.npmjs.org/is-alphabetical/-/is-alphabetical-2.0.1.tgz. Extracting by manifest.
1860 silly tarball no local data for is-arrayish@https://registry.npmjs.org/is-arrayish/-/is-arrayish-0.2.1.tgz. Extracting by manifest.
1861 silly tarball no local data for invariant@https://registry.npmjs.org/invariant/-/invariant-2.2.4.tgz. Extracting by manifest.
1862 silly tarball no local data for inline-style-parser@https://registry.npmjs.org/inline-style-parser/-/inline-style-parser-0.2.7.tgz. Extracting by manifest.
1863 silly tarball no local data for inherits@https://registry.npmjs.org/inherits/-/inherits-2.0.4.tgz. Extracting by manifest.
1864 silly tarball no local data for imurmurhash@https://registry.npmjs.org/imurmurhash/-/imurmurhash-0.1.4.tgz. Extracting by manifest.
1865 silly tarball no local data for import-lazy@https://registry.npmjs.org/import-lazy/-/import-lazy-4.0.0.tgz. Extracting by manifest.
1866 silly tarball no local data for indent-string@https://registry.npmjs.org/indent-string/-/indent-string-4.0.0.tgz. Extracting by manifest.
1867 silly tarball no local data for import-fresh@https://registry.npmjs.org/import-fresh/-/import-fresh-3.3.1.tgz. Extracting by manifest.
1868 silly tarball no local data for icss-utils@https://registry.npmjs.org/icss-utils/-/icss-utils-5.1.0.tgz. Extracting by manifest.
1869 silly tarball no local data for http-parser-js@https://registry.npmjs.org/http-parser-js/-/http-parser-js-0.5.10.tgz. Extracting by manifest.
1870 silly tarball no local data for ignore@https://registry.npmjs.org/ignore/-/ignore-5.3.2.tgz. Extracting by manifest.
1871 silly tarball no local data for http-cache-semantics@https://registry.npmjs.org/http-cache-semantics/-/http-cache-semantics-4.2.0.tgz. Extracting by manifest.
1872 silly tarball no local data for ini@https://registry.npmjs.org/ini/-/ini-2.0.0.tgz. Extracting by manifest.
1873 silly tarball no local data for html-escaper@https://registry.npmjs.org/html-escaper/-/html-escaper-2.0.2.tgz. Extracting by manifest.
1874 silly tarball no local data for html-void-elements@https://registry.npmjs.org/html-void-elements/-/html-void-elements-3.0.0.tgz. Extracting by manifest.
1875 silly tarball no local data for hoist-non-react-statics@https://registry.npmjs.org/hoist-non-react-statics/-/hoist-non-react-statics-3.3.2.tgz. Extracting by manifest.
1876 silly tarball no local data for http-deceiver@https://registry.npmjs.org/http-deceiver/-/http-deceiver-1.2.7.tgz. Extracting by manifest.
1877 silly tarball no local data for history@https://registry.npmjs.org/history/-/history-4.10.1.tgz. Extracting by manifest.
1878 silly tarball no local data for hast-util-whitespace@https://registry.npmjs.org/hast-util-whitespace/-/hast-util-whitespace-3.0.0.tgz. Extracting by manifest.
1879 silly tarball no local data for http-errors@https://registry.npmjs.org/http-errors/-/http-errors-2.0.1.tgz. Extracting by manifest.
1880 silly tarball no local data for hastscript@https://registry.npmjs.org/hastscript/-/hastscript-9.0.1.tgz. Extracting by manifest.
1881 silly tarball no local data for html-tags@https://registry.npmjs.org/html-tags/-/html-tags-3.3.1.tgz. Extracting by manifest.
1882 silly tarball no local data for hast-util-to-jsx-runtime@https://registry.npmjs.org/hast-util-to-jsx-runtime/-/hast-util-to-jsx-runtime-2.3.6.tgz. Extracting by manifest.
1883 silly tarball no local data for hast-util-to-parse5@https://registry.npmjs.org/hast-util-to-parse5/-/hast-util-to-parse5-8.0.1.tgz. Extracting by manifest.
1884 silly tarball no local data for hast-util-raw@https://registry.npmjs.org/hast-util-raw/-/hast-util-raw-9.1.0.tgz. Extracting by manifest.
1885 silly tarball no local data for hast-util-from-parse5@https://registry.npmjs.org/hast-util-from-parse5/-/hast-util-from-parse5-8.0.3.tgz. Extracting by manifest.
1886 silly tarball no local data for has-flag@https://registry.npmjs.org/has-flag/-/has-flag-4.0.0.tgz. Extracting by manifest.
1887 silly tarball no local data for hast-util-parse-selector@https://registry.npmjs.org/hast-util-parse-selector/-/hast-util-parse-selector-4.0.0.tgz. Extracting by manifest.
1888 silly tarball no local data for has-yarn@https://registry.npmjs.org/has-yarn/-/has-yarn-3.0.0.tgz. Extracting by manifest.
1889 silly tarball no local data for has-property-descriptors@https://registry.npmjs.org/has-property-descriptors/-/has-property-descriptors-1.0.2.tgz. Extracting by manifest.
1890 silly tarball no local data for gzip-size@https://registry.npmjs.org/gzip-size/-/gzip-size-6.0.0.tgz. Extracting by manifest.
1891 silly tarball no local data for hasown@https://registry.npmjs.org/hasown/-/hasown-2.0.4.tgz. Extracting by manifest.
1892 silly tarball no local data for handle-thing@https://registry.npmjs.org/handle-thing/-/handle-thing-2.0.1.tgz. Extracting by manifest.
1893 silly tarball no local data for graceful-fs@https://registry.npmjs.org/graceful-fs/-/graceful-fs-4.2.11.tgz. Extracting by manifest.
1894 silly tarball no local data for he@https://registry.npmjs.org/he/-/he-1.2.0.tgz. Extracting by manifest.
1895 silly tarball no local data for global-dirs@https://registry.npmjs.org/global-dirs/-/global-dirs-3.0.1.tgz. Extracting by manifest.
1896 silly tarball no local data for gopd@https://registry.npmjs.org/gopd/-/gopd-1.2.0.tgz. Extracting by manifest.
1897 silly tarball no local data for glob-parent@https://registry.npmjs.org/glob-parent/-/glob-parent-5.1.2.tgz. Extracting by manifest.
1898 silly tarball no local data for get-stream@https://registry.npmjs.org/get-stream/-/get-stream-6.0.1.tgz. Extracting by manifest.
1899 silly tarball no local data for get-intrinsic@https://registry.npmjs.org/get-intrinsic/-/get-intrinsic-1.3.0.tgz. Extracting by manifest.
1900 silly tarball no local data for get-proto@https://registry.npmjs.org/get-proto/-/get-proto-1.0.1.tgz. Extracting by manifest.
1901 silly tarball no local data for function-bind@https://registry.npmjs.org/function-bind/-/function-bind-1.1.2.tgz. Extracting by manifest.
1902 silly tarball no local data for globby@https://registry.npmjs.org/globby/-/globby-11.1.0.tgz. Extracting by manifest.
1903 silly tarball no local data for glob-to-regex.js@https://registry.npmjs.org/glob-to-regex.js/-/glob-to-regex.js-1.2.0.tgz. Extracting by manifest.
1904 silly tarball no local data for gensync@https://registry.npmjs.org/gensync/-/gensync-1.0.0-beta.2.tgz. Extracting by manifest.
1905 silly tarball no local data for fsevents@https://registry.npmjs.org/fsevents/-/fsevents-2.3.3.tgz. Extracting by manifest.
1906 silly tarball no local data for github-slugger@https://registry.npmjs.org/github-slugger/-/github-slugger-1.5.0.tgz. Extracting by manifest.
1907 silly tarball no local data for fresh@https://registry.npmjs.org/fresh/-/fresh-0.5.2.tgz. Extracting by manifest.
1908 silly tarball no local data for format@https://registry.npmjs.org/format/-/format-0.2.2.tgz. Extracting by manifest.
1909 silly tarball no local data for forwarded@https://registry.npmjs.org/forwarded/-/forwarded-0.2.0.tgz. Extracting by manifest.
1910 silly tarball no local data for follow-redirects@https://registry.npmjs.org/follow-redirects/-/follow-redirects-1.16.0.tgz. Extracting by manifest.
1911 silly tarball no local data for find-up@https://registry.npmjs.org/find-up/-/find-up-6.3.0.tgz. Extracting by manifest.
1912 silly tarball no local data for fill-range@https://registry.npmjs.org/fill-range/-/fill-range-7.1.1.tgz. Extracting by manifest.
1913 silly tarball no local data for flat@https://registry.npmjs.org/flat/-/flat-5.0.2.tgz. Extracting by manifest.
1914 silly tarball no local data for fraction.js@https://registry.npmjs.org/fraction.js/-/fraction.js-5.3.4.tgz. Extracting by manifest.
1915 silly tarball no local data for get-own-enumerable-property-symbols@https://registry.npmjs.org/get-own-enumerable-property-symbols/-/get-own-enumerable-property-symbols-3.0.2.tgz. Extracting by manifest.
1916 silly tarball no local data for fastq@https://registry.npmjs.org/fastq/-/fastq-1.20.1.tgz. Extracting by manifest.
1917 silly tarball no local data for fault@https://registry.npmjs.org/fault/-/fault-2.0.1.tgz. Extracting by manifest.
1918 silly tarball no local data for fast-json-stable-stringify@https://registry.npmjs.org/fast-json-stable-stringify/-/fast-json-stable-stringify-2.1.0.tgz. Extracting by manifest.
1919 silly tarball no local data for find-cache-dir@https://registry.npmjs.org/find-cache-dir/-/find-cache-dir-4.0.0.tgz. Extracting by manifest.
1920 silly tarball no local data for fast-uri@https://registry.npmjs.org/fast-uri/-/fast-uri-3.1.5.tgz. Extracting by manifest.
1921 silly tarball no local data for extend-shallow@https://registry.npmjs.org/extend-shallow/-/extend-shallow-2.0.1.tgz. Extracting by manifest.
1922 silly tarball no local data for eventemitter3@https://registry.npmjs.org/eventemitter3/-/eventemitter3-4.0.7.tgz. Extracting by manifest.
1923 silly tarball no local data for execa@https://registry.npmjs.org/execa/-/execa-5.1.1.tgz. Extracting by manifest.
1924 silly tarball no local data for eval@https://registry.npmjs.org/eval/-/eval-0.1.8.tgz. Extracting by manifest.
1925 silly tarball no local data for fast-deep-equal@https://registry.npmjs.org/fast-deep-equal/-/fast-deep-equal-3.1.3.tgz. Extracting by manifest.
1926 silly tarball no local data for events@https://registry.npmjs.org/events/-/events-3.3.0.tgz. Extracting by manifest.
1927 silly tarball no local data for etag@https://registry.npmjs.org/etag/-/etag-1.8.1.tgz. Extracting by manifest.
1928 silly tarball no local data for extend@https://registry.npmjs.org/extend/-/extend-3.0.2.tgz. Extracting by manifest.
1929 silly tarball no local data for eta@https://registry.npmjs.org/eta/-/eta-2.2.0.tgz. Extracting by manifest.
1930 silly tarball no local data for esutils@https://registry.npmjs.org/esutils/-/esutils-2.0.3.tgz. Extracting by manifest.
1931 silly tarball no local data for estree-walker@https://registry.npmjs.org/estree-walker/-/estree-walker-3.0.3.tgz. Extracting by manifest.
1932 silly tarball no local data for estree-util-is-identifier-name@https://registry.npmjs.org/estree-util-is-identifier-name/-/estree-util-is-identifier-name-3.0.0.tgz. Extracting by manifest.
1933 silly tarball no local data for estree-util-build-jsx@https://registry.npmjs.org/estree-util-build-jsx/-/estree-util-build-jsx-3.0.1.tgz. Extracting by manifest.
1934 silly tarball no local data for estree-util-to-js@https://registry.npmjs.org/estree-util-to-js/-/estree-util-to-js-2.0.0.tgz. Extracting by manifest.
1935 silly tarball no local data for estree-util-scope@https://registry.npmjs.org/estree-util-scope/-/estree-util-scope-1.0.0.tgz. Extracting by manifest.
1936 silly tarball no local data for estree-util-value-to-estree@https://registry.npmjs.org/estree-util-value-to-estree/-/estree-util-value-to-estree-3.5.0.tgz. Extracting by manifest.
1937 silly tarball no local data for estree-util-visit@https://registry.npmjs.org/estree-util-visit/-/estree-util-visit-2.0.0.tgz. Extracting by manifest.
1938 silly tarball no local data for estraverse@https://registry.npmjs.org/estraverse/-/estraverse-4.3.0.tgz. Extracting by manifest.
1939 silly tarball no local data for eslint-scope@https://registry.npmjs.org/eslint-scope/-/eslint-scope-5.1.1.tgz. Extracting by manifest.
1940 silly tarball no local data for estree-util-attach-comments@https://registry.npmjs.org/estree-util-attach-comments/-/estree-util-attach-comments-3.0.0.tgz. Extracting by manifest.
1941 silly tarball no local data for esrecurse@https://registry.npmjs.org/esrecurse/-/esrecurse-4.3.0.tgz. Extracting by manifest.
1942 silly tarball no local data for escape-html@https://registry.npmjs.org/escape-html/-/escape-html-1.0.3.tgz. Extracting by manifest.
1943 silly tarball no local data for escalade@https://registry.npmjs.org/escalade/-/escalade-3.2.0.tgz. Extracting by manifest.
1944 silly tarball no local data for escape-string-regexp@https://registry.npmjs.org/escape-string-regexp/-/escape-string-regexp-4.0.0.tgz. Extracting by manifest.
1945 silly tarball no local data for esast-util-from-estree@https://registry.npmjs.org/esast-util-from-estree/-/esast-util-from-estree-2.0.0.tgz. Extracting by manifest.
1946 silly tarball no local data for es-object-atoms@https://registry.npmjs.org/es-object-atoms/-/es-object-atoms-1.1.2.tgz. Extracting by manifest.
1947 silly tarball no local data for escape-goat@https://registry.npmjs.org/escape-goat/-/escape-goat-4.0.0.tgz. Extracting by manifest.
1948 silly tarball no local data for es-module-lexer@https://registry.npmjs.org/es-module-lexer/-/es-module-lexer-2.3.1.tgz. Extracting by manifest.
1949 silly tarball no local data for esast-util-from-js@https://registry.npmjs.org/esast-util-from-js/-/esast-util-from-js-2.0.1.tgz. Extracting by manifest.
1950 silly tarball no local data for es-define-property@https://registry.npmjs.org/es-define-property/-/es-define-property-1.0.1.tgz. Extracting by manifest.
1951 silly tarball no local data for encodeurl@https://registry.npmjs.org/encodeurl/-/encodeurl-2.0.0.tgz. Extracting by manifest.
1952 silly tarball no local data for emoticon@https://registry.npmjs.org/emoticon/-/emoticon-4.1.0.tgz. Extracting by manifest.
1953 silly tarball no local data for es-errors@https://registry.npmjs.org/es-errors/-/es-errors-1.3.0.tgz. Extracting by manifest.
1954 silly tarball no local data for emojilib@https://registry.npmjs.org/emojilib/-/emojilib-2.4.0.tgz. Extracting by manifest.
1955 silly tarball no local data for enhanced-resolve@https://registry.npmjs.org/enhanced-resolve/-/enhanced-resolve-5.24.2.tgz. Extracting by manifest.
1956 silly tarball no local data for emojis-list@https://registry.npmjs.org/emojis-list/-/emojis-list-3.0.0.tgz. Extracting by manifest.
1957 silly tarball no local data for emoji-regex@https://registry.npmjs.org/emoji-regex/-/emoji-regex-9.2.2.tgz. Extracting by manifest.
1958 silly tarball no local data for electron-to-chromium@https://registry.npmjs.org/electron-to-chromium/-/electron-to-chromium-1.5.402.tgz. Extracting by manifest.
1959 silly tarball no local data for eastasianwidth@https://registry.npmjs.org/eastasianwidth/-/eastasianwidth-0.2.0.tgz. Extracting by manifest.
1960 silly tarball no local data for duplexer@https://registry.npmjs.org/duplexer/-/duplexer-0.1.2.tgz. Extracting by manifest.
1961 silly tarball no local data for error-ex@https://registry.npmjs.org/error-ex/-/error-ex-1.3.4.tgz. Extracting by manifest.
1962 silly tarball no local data for dot-case@https://registry.npmjs.org/dot-case/-/dot-case-3.0.4.tgz. Extracting by manifest.
1963 silly tarball no local data for dot-prop@https://registry.npmjs.org/dot-prop/-/dot-prop-6.0.1.tgz. Extracting by manifest.
1964 silly tarball no local data for domutils@https://registry.npmjs.org/domutils/-/domutils-3.2.2.tgz. Extracting by manifest.
1965 silly tarball no local data for ee-first@https://registry.npmjs.org/ee-first/-/ee-first-1.1.1.tgz. Extracting by manifest.
1966 silly tarball no local data for dunder-proto@https://registry.npmjs.org/dunder-proto/-/dunder-proto-1.0.1.tgz. Extracting by manifest.
1967 silly tarball no local data for domhandler@https://registry.npmjs.org/domhandler/-/domhandler-5.0.3.tgz. Extracting by manifest.
1968 silly tarball no local data for dom-serializer@https://registry.npmjs.org/dom-serializer/-/dom-serializer-2.0.0.tgz. Extracting by manifest.
1969 silly tarball no local data for dns-packet@https://registry.npmjs.org/dns-packet/-/dns-packet-5.6.1.tgz. Extracting by manifest.
1970 silly tarball no local data for devlop@https://registry.npmjs.org/devlop/-/devlop-1.1.0.tgz. Extracting by manifest.
1971 silly tarball no local data for domelementtype@https://registry.npmjs.org/domelementtype/-/domelementtype-2.3.0.tgz. Extracting by manifest.
1972 silly tarball no local data for detect-node@https://registry.npmjs.org/detect-node/-/detect-node-2.1.0.tgz. Extracting by manifest.
1973 silly tarball no local data for depd@https://registry.npmjs.org/depd/-/depd-2.0.0.tgz. Extracting by manifest.
1974 silly tarball no local data for dom-converter@https://registry.npmjs.org/dom-converter/-/dom-converter-0.2.0.tgz. Extracting by manifest.
1975 silly tarball no local data for dir-glob@https://registry.npmjs.org/dir-glob/-/dir-glob-3.0.1.tgz. Extracting by manifest.
1976 silly tarball no local data for dequal@https://registry.npmjs.org/dequal/-/dequal-2.0.3.tgz. Extracting by manifest.
1977 silly tarball no local data for destroy@https://registry.npmjs.org/destroy/-/destroy-1.2.0.tgz. Extracting by manifest.
1978 silly tarball no local data for define-properties@https://registry.npmjs.org/define-properties/-/define-properties-1.2.1.tgz. Extracting by manifest.
1979 silly tarball no local data for define-lazy-prop@https://registry.npmjs.org/define-lazy-prop/-/define-lazy-prop-2.0.0.tgz. Extracting by manifest.
1980 silly tarball no local data for define-data-property@https://registry.npmjs.org/define-data-property/-/define-data-property-1.1.4.tgz. Extracting by manifest.
1981 silly tarball no local data for defer-to-connect@https://registry.npmjs.org/defer-to-connect/-/defer-to-connect-2.0.1.tgz. Extracting by manifest.
1982 silly tarball no local data for default-browser-id@https://registry.npmjs.org/default-browser-id/-/default-browser-id-5.0.1.tgz. Extracting by manifest.
1983 silly tarball no local data for deep-extend@https://registry.npmjs.org/deep-extend/-/deep-extend-0.6.0.tgz. Extracting by manifest.
1984 silly tarball no local data for decode-named-character-reference@https://registry.npmjs.org/decode-named-character-reference/-/decode-named-character-reference-1.3.0.tgz. Extracting by manifest.
1985 silly tarball no local data for deepmerge@https://registry.npmjs.org/deepmerge/-/deepmerge-4.3.1.tgz. Extracting by manifest.
1986 silly tarball no local data for debounce@https://registry.npmjs.org/debounce/-/debounce-1.2.1.tgz. Extracting by manifest.
1987 silly tarball no local data for default-browser@https://registry.npmjs.org/default-browser/-/default-browser-5.5.0.tgz. Extracting by manifest.
1988 silly tarball no local data for csstype@https://registry.npmjs.org/csstype/-/csstype-3.2.3.tgz. Extracting by manifest.
1989 silly tarball no local data for cssnano-utils@https://registry.npmjs.org/cssnano-utils/-/cssnano-utils-4.0.2.tgz. Extracting by manifest.
1990 silly tarball no local data for cssnano-preset-default@https://registry.npmjs.org/cssnano-preset-default/-/cssnano-preset-default-6.1.2.tgz. Extracting by manifest.
1991 silly tarball no local data for debug@https://registry.npmjs.org/debug/-/debug-4.4.3.tgz. Extracting by manifest.
1992 silly tarball no local data for decompress-response@https://registry.npmjs.org/decompress-response/-/decompress-response-6.0.0.tgz. Extracting by manifest.
1993 silly tarball no local data for cssnano@https://registry.npmjs.org/cssnano/-/cssnano-6.1.2.tgz. Extracting by manifest.
1994 silly tarball no local data for cssesc@https://registry.npmjs.org/cssesc/-/cssesc-3.0.0.tgz. Extracting by manifest.
1995 silly tarball no local data for css-prefers-color-scheme@https://registry.npmjs.org/css-prefers-color-scheme/-/css-prefers-color-scheme-10.0.0.tgz. Extracting by manifest.
1996 silly tarball no local data for cssnano-preset-advanced@https://registry.npmjs.org/cssnano-preset-advanced/-/cssnano-preset-advanced-6.1.2.tgz. Extracting by manifest.
1997 silly tarball no local data for css-what@https://registry.npmjs.org/css-what/-/css-what-6.2.2.tgz. Extracting by manifest.
1998 silly tarball no local data for css-minimizer-webpack-plugin@https://registry.npmjs.org/css-minimizer-webpack-plugin/-/css-minimizer-webpack-plugin-5.0.1.tgz. Extracting by manifest.
1999 silly tarball no local data for css-loader@https://registry.npmjs.org/css-loader/-/css-loader-6.11.0.tgz. Extracting by manifest.
2000 silly tarball no local data for cosmiconfig@https://registry.npmjs.org/cosmiconfig/-/cosmiconfig-8.3.6.tgz. Extracting by manifest.
2001 silly tarball no local data for cssdb@https://registry.npmjs.org/cssdb/-/cssdb-8.9.0.tgz. Extracting by manifest.
2002 silly tarball no local data for css-declaration-sorter@https://registry.npmjs.org/css-declaration-sorter/-/css-declaration-sorter-7.4.0.tgz. Extracting by manifest.
2003 silly tarball no local data for cross-spawn@https://registry.npmjs.org/cross-spawn/-/cross-spawn-7.0.6.tgz. Extracting by manifest.
2004 silly tarball no local data for core-util-is@https://registry.npmjs.org/core-util-is/-/core-util-is-1.0.3.tgz. Extracting by manifest.
2005 silly tarball no local data for copy-webpack-plugin@https://registry.npmjs.org/copy-webpack-plugin/-/copy-webpack-plugin-11.0.0.tgz. Extracting by manifest.
2006 silly tarball no local data for core-js-compat@https://registry.npmjs.org/core-js-compat/-/core-js-compat-3.50.0.tgz. Extracting by manifest.
2007 silly tarball no local data for cookie-signature@https://registry.npmjs.org/cookie-signature/-/cookie-signature-1.0.7.tgz. Extracting by manifest.
2008 silly tarball no local data for convert-source-map@https://registry.npmjs.org/convert-source-map/-/convert-source-map-2.0.0.tgz. Extracting by manifest.
2009 silly tarball no local data for content-type@https://registry.npmjs.org/content-type/-/content-type-1.0.5.tgz. Extracting by manifest.
2010 silly tarball no local data for content-disposition@https://registry.npmjs.org/content-disposition/-/content-disposition-0.5.2.tgz. Extracting by manifest.
2011 silly tarball no local data for copy-text-to-clipboard@https://registry.npmjs.org/copy-text-to-clipboard/-/copy-text-to-clipboard-3.2.2.tgz. Extracting by manifest.
2012 silly tarball no local data for cookie@https://registry.npmjs.org/cookie/-/cookie-0.7.2.tgz. Extracting by manifest.
2013 silly tarball no local data for consola@https://registry.npmjs.org/consola/-/consola-3.4.2.tgz. Extracting by manifest.
2014 silly tarball no local data for config-chain@https://registry.npmjs.org/config-chain/-/config-chain-1.1.13.tgz. Extracting by manifest.
2015 silly tarball no local data for concat-map@https://registry.npmjs.org/concat-map/-/concat-map-0.0.1.tgz. Extracting by manifest.
2016 silly tarball no local data for configstore@https://registry.npmjs.org/configstore/-/configstore-6.0.0.tgz. Extracting by manifest.
2017 silly tarball no local data for compressible@https://registry.npmjs.org/compressible/-/compressible-2.0.18.tgz. Extracting by manifest.
2018 silly tarball no local data for common-path-prefix@https://registry.npmjs.org/common-path-prefix/-/common-path-prefix-3.0.0.tgz. Extracting by manifest.
2019 silly tarball no local data for commander@https://registry.npmjs.org/commander/-/commander-5.1.0.tgz. Extracting by manifest.
2020 silly tarball no local data for connect-history-api-fallback@https://registry.npmjs.org/connect-history-api-fallback/-/connect-history-api-fallback-2.0.0.tgz. Extracting by manifest.
2021 silly tarball no local data for comma-separated-tokens@https://registry.npmjs.org/comma-separated-tokens/-/comma-separated-tokens-2.0.3.tgz. Extracting by manifest.
2022 silly tarball no local data for colorette@https://registry.npmjs.org/colorette/-/colorette-2.0.20.tgz. Extracting by manifest.
2023 silly tarball no local data for combine-promises@https://registry.npmjs.org/combine-promises/-/combine-promises-1.2.0.tgz. Extracting by manifest.
2024 silly tarball no local data for colord@https://registry.npmjs.org/colord/-/colord-2.9.3.tgz. Extracting by manifest.
2025 silly tarball no local data for color-name@https://registry.npmjs.org/color-name/-/color-name-1.1.4.tgz. Extracting by manifest.
2026 silly tarball no local data for collapse-white-space@https://registry.npmjs.org/collapse-white-space/-/collapse-white-space-2.1.0.tgz. Extracting by manifest.
2027 silly tarball no local data for cli-boxes@https://registry.npmjs.org/cli-boxes/-/cli-boxes-3.0.0.tgz. Extracting by manifest.
2028 silly tarball no local data for color-convert@https://registry.npmjs.org/color-convert/-/color-convert-2.0.1.tgz. Extracting by manifest.
2029 silly tarball no local data for clone-deep@https://registry.npmjs.org/clone-deep/-/clone-deep-4.0.1.tgz. Extracting by manifest.
2030 silly tarball no local data for clean-stack@https://registry.npmjs.org/clean-stack/-/clean-stack-2.2.0.tgz. Extracting by manifest.
2031 silly tarball no local data for ci-info@https://registry.npmjs.org/ci-info/-/ci-info-3.9.0.tgz. Extracting by manifest.
2032 silly tarball no local data for chrome-trace-event@https://registry.npmjs.org/chrome-trace-event/-/chrome-trace-event-1.0.4.tgz. Extracting by manifest.
2033 silly tarball no local data for cheerio-select@https://registry.npmjs.org/cheerio-select/-/cheerio-select-2.1.0.tgz. Extracting by manifest.
2034 silly tarball no local data for clsx@https://registry.npmjs.org/clsx/-/clsx-2.1.1.tgz. Extracting by manifest.
2035 silly tarball no local data for chokidar@https://registry.npmjs.org/chokidar/-/chokidar-3.6.0.tgz. Extracting by manifest.
2036 silly tarball no local data for character-reference-invalid@https://registry.npmjs.org/character-reference-invalid/-/character-reference-invalid-2.0.1.tgz. Extracting by manifest.
2037 silly tarball no local data for character-entities-legacy@https://registry.npmjs.org/character-entities-legacy/-/character-entities-legacy-3.0.0.tgz. Extracting by manifest.
2038 silly tarball no local data for character-entities@https://registry.npmjs.org/character-entities/-/character-entities-2.0.2.tgz. Extracting by manifest.
2039 silly tarball no local data for char-regex@https://registry.npmjs.org/char-regex/-/char-regex-1.0.2.tgz. Extracting by manifest.
2040 silly tarball no local data for character-entities-html4@https://registry.npmjs.org/character-entities-html4/-/character-entities-html4-2.1.0.tgz. Extracting by manifest.
2041 silly tarball no local data for ccount@https://registry.npmjs.org/ccount/-/ccount-2.0.1.tgz. Extracting by manifest.
2042 silly tarball no local data for caniuse-lite@https://registry.npmjs.org/caniuse-lite/-/caniuse-lite-1.0.30001806.tgz. Extracting by manifest.
2043 silly tarball no local data for camel-case@https://registry.npmjs.org/camel-case/-/camel-case-4.1.2.tgz. Extracting by manifest.
2044 silly tarball no local data for caniuse-api@https://registry.npmjs.org/caniuse-api/-/caniuse-api-3.0.0.tgz. Extracting by manifest.
2045 silly tarball no local data for camelcase@https://registry.npmjs.org/camelcase/-/camelcase-6.3.0.tgz. Extracting by manifest.
2046 silly tarball no local data for callsites@https://registry.npmjs.org/callsites/-/callsites-3.1.0.tgz. Extracting by manifest.
2047 silly tarball no local data for chalk@https://registry.npmjs.org/chalk/-/chalk-4.1.2.tgz. Extracting by manifest.
2048 silly tarball no local data for call-bound@https://registry.npmjs.org/call-bound/-/call-bound-1.0.4.tgz. Extracting by manifest.
2049 silly tarball no local data for cacheable-lookup@https://registry.npmjs.org/cacheable-lookup/-/cacheable-lookup-7.0.0.tgz. Extracting by manifest.
2050 silly tarball no local data for cacheable-request@https://registry.npmjs.org/cacheable-request/-/cacheable-request-10.2.14.tgz. Extracting by manifest.
2051 silly tarball no local data for bytes@https://registry.npmjs.org/bytes/-/bytes-3.0.0.tgz. Extracting by manifest.
2052 silly tarball no local data for bytestreamjs@https://registry.npmjs.org/bytestreamjs/-/bytestreamjs-2.0.1.tgz. Extracting by manifest.
2053 silly tarball no local data for bundle-name@https://registry.npmjs.org/bundle-name/-/bundle-name-4.1.0.tgz. Extracting by manifest.
2054 silly tarball no local data for call-bind-apply-helpers@https://registry.npmjs.org/call-bind-apply-helpers/-/call-bind-apply-helpers-1.0.2.tgz. Extracting by manifest.
2055 silly tarball no local data for browserslist@https://registry.npmjs.org/browserslist/-/browserslist-4.28.7.tgz. Extracting by manifest.
2056 silly tarball no local data for braces@https://registry.npmjs.org/braces/-/braces-3.0.3.tgz. Extracting by manifest.
2057 silly tarball no local data for buffer-from@https://registry.npmjs.org/buffer-from/-/buffer-from-1.1.2.tgz. Extracting by manifest.
2058 silly tarball no local data for call-bind@https://registry.npmjs.org/call-bind/-/call-bind-1.0.9.tgz. Extracting by manifest.
2059 silly tarball no local data for boxen@https://registry.npmjs.org/boxen/-/boxen-6.2.1.tgz. Extracting by manifest.
2060 silly tarball no local data for boolbase@https://registry.npmjs.org/boolbase/-/boolbase-1.0.0.tgz. Extracting by manifest.
2061 silly tarball no local data for brace-expansion@https://registry.npmjs.org/brace-expansion/-/brace-expansion-1.1.18.tgz. Extracting by manifest.
2062 silly tarball no local data for binary-extensions@https://registry.npmjs.org/binary-extensions/-/binary-extensions-2.3.0.tgz. Extracting by manifest.
2063 silly tarball no local data for baseline-browser-mapping@https://registry.npmjs.org/baseline-browser-mapping/-/baseline-browser-mapping-2.11.12.tgz. Extracting by manifest.
2064 silly tarball no local data for big.js@https://registry.npmjs.org/big.js/-/big.js-5.2.2.tgz. Extracting by manifest.
2065 silly tarball no local data for batch@https://registry.npmjs.org/batch/-/batch-0.6.1.tgz. Extracting by manifest.
2066 silly tarball no local data for bail@https://registry.npmjs.org/bail/-/bail-2.0.2.tgz. Extracting by manifest.
2067 silly tarball no local data for babel-plugin-polyfill-regenerator@https://registry.npmjs.org/babel-plugin-polyfill-regenerator/-/babel-plugin-polyfill-regenerator-0.6.8.tgz. Extracting by manifest.
2068 silly tarball no local data for balanced-match@https://registry.npmjs.org/balanced-match/-/balanced-match-1.0.2.tgz. Extracting by manifest.
2069 silly tarball no local data for babel-plugin-dynamic-import-node@https://registry.npmjs.org/babel-plugin-dynamic-import-node/-/babel-plugin-dynamic-import-node-2.3.3.tgz. Extracting by manifest.
2070 silly tarball no local data for babel-loader@https://registry.npmjs.org/babel-loader/-/babel-loader-9.2.1.tgz. Extracting by manifest.
2071 silly tarball no local data for autoprefixer@https://registry.npmjs.org/autoprefixer/-/autoprefixer-10.5.4.tgz. Extracting by manifest.
2072 silly tarball no local data for babel-plugin-polyfill-corejs3@https://registry.npmjs.org/babel-plugin-polyfill-corejs3/-/babel-plugin-polyfill-corejs3-0.13.0.tgz. Extracting by manifest.
2073 silly tarball no local data for astring@https://registry.npmjs.org/astring/-/astring-1.9.0.tgz. Extracting by manifest.
2074 silly tarball no local data for array-union@https://registry.npmjs.org/array-union/-/array-union-2.1.0.tgz. Extracting by manifest.
2075 silly tarball no local data for array-flatten@https://registry.npmjs.org/array-flatten/-/array-flatten-1.1.1.tgz. Extracting by manifest.
2076 silly tarball no local data for asn1js@https://registry.npmjs.org/asn1js/-/asn1js-3.0.10.tgz. Extracting by manifest.
2077 silly tarball no local data for ansi-styles@https://registry.npmjs.org/ansi-styles/-/ansi-styles-4.3.0.tgz. Extracting by manifest.
2078 silly tarball no local data for arg@https://registry.npmjs.org/arg/-/arg-5.0.2.tgz. Extracting by manifest.
2079 silly tarball no local data for anymatch@https://registry.npmjs.org/anymatch/-/anymatch-3.1.3.tgz. Extracting by manifest.
2080 silly tarball no local data for argparse@https://registry.npmjs.org/argparse/-/argparse-2.0.1.tgz. Extracting by manifest.
2081 silly tarball no local data for ansi-html-community@https://registry.npmjs.org/ansi-html-community/-/ansi-html-community-0.0.8.tgz. Extracting by manifest.
2082 silly tarball no local data for ansis@https://registry.npmjs.org/ansis/-/ansis-3.17.0.tgz. Extracting by manifest.
2083 silly tarball no local data for algoliasearch-helper@https://registry.npmjs.org/algoliasearch-helper/-/algoliasearch-helper-3.29.3.tgz. Extracting by manifest.
2084 silly tarball no local data for ansi-regex@https://registry.npmjs.org/ansi-regex/-/ansi-regex-5.0.1.tgz. Extracting by manifest.
2085 silly tarball no local data for ajv-formats@https://registry.npmjs.org/ajv-formats/-/ajv-formats-2.1.1.tgz. Extracting by manifest.
2086 silly tarball no local data for aggregate-error@https://registry.npmjs.org/aggregate-error/-/aggregate-error-3.1.0.tgz. Extracting by manifest.
2087 silly tarball no local data for acorn-jsx@https://registry.npmjs.org/acorn-jsx/-/acorn-jsx-5.3.2.tgz. Extracting by manifest.
2088 silly tarball no local data for acorn-walk@https://registry.npmjs.org/acorn-walk/-/acorn-walk-8.3.5.tgz. Extracting by manifest.
2089 silly tarball no local data for ajv-keywords@https://registry.npmjs.org/ajv-keywords/-/ajv-keywords-5.1.0.tgz. Extracting by manifest.
2090 silly tarball no local data for acorn-import-phases@https://registry.npmjs.org/acorn-import-phases/-/acorn-import-phases-1.0.4.tgz. Extracting by manifest.
2091 silly tarball no local data for address@https://registry.npmjs.org/address/-/address-2.0.3.tgz. Extracting by manifest.
2092 silly tarball no local data for @xtuc/long@https://registry.npmjs.org/@xtuc/long/-/long-4.2.2.tgz. Extracting by manifest.
2093 silly tarball no local data for @webassemblyjs/wast-printer@https://registry.npmjs.org/@webassemblyjs/wast-printer/-/wast-printer-1.14.1.tgz. Extracting by manifest.
2094 silly tarball no local data for @xtuc/ieee754@https://registry.npmjs.org/@xtuc/ieee754/-/ieee754-1.2.0.tgz. Extracting by manifest.
2095 silly tarball no local data for @webassemblyjs/wasm-opt@https://registry.npmjs.org/@webassemblyjs/wasm-opt/-/wasm-opt-1.14.1.tgz. Extracting by manifest.
2096 silly tarball no local data for acorn@https://registry.npmjs.org/acorn/-/acorn-8.17.0.tgz. Extracting by manifest.
2097 silly tarball no local data for @webassemblyjs/wasm-edit@https://registry.npmjs.org/@webassemblyjs/wasm-edit/-/wasm-edit-1.14.1.tgz. Extracting by manifest.
2098 silly tarball no local data for @webassemblyjs/leb128@https://registry.npmjs.org/@webassemblyjs/leb128/-/leb128-1.13.2.tgz. Extracting by manifest.
2099 silly tarball no local data for @webassemblyjs/helper-wasm-section@https://registry.npmjs.org/@webassemblyjs/helper-wasm-section/-/helper-wasm-section-1.14.1.tgz. Extracting by manifest.
2100 silly tarball no local data for @webassemblyjs/utf8@https://registry.npmjs.org/@webassemblyjs/utf8/-/utf8-1.13.2.tgz. Extracting by manifest.
2101 silly tarball no local data for @webassemblyjs/ieee754@https://registry.npmjs.org/@webassemblyjs/ieee754/-/ieee754-1.13.2.tgz. Extracting by manifest.
2102 silly tarball no local data for @webassemblyjs/helper-wasm-bytecode@https://registry.npmjs.org/@webassemblyjs/helper-wasm-bytecode/-/helper-wasm-bytecode-1.13.2.tgz. Extracting by manifest.
2103 silly tarball no local data for @webassemblyjs/helper-numbers@https://registry.npmjs.org/@webassemblyjs/helper-numbers/-/helper-numbers-1.13.2.tgz. Extracting by manifest.
2104 silly tarball no local data for @webassemblyjs/helper-buffer@https://registry.npmjs.org/@webassemblyjs/helper-buffer/-/helper-buffer-1.14.1.tgz. Extracting by manifest.
2105 silly tarball no local data for @types/yargs@https://registry.npmjs.org/@types/yargs/-/yargs-17.0.35.tgz. Extracting by manifest.
2106 silly tarball no local data for @webassemblyjs/floating-point-hex-parser@https://registry.npmjs.org/@webassemblyjs/floating-point-hex-parser/-/floating-point-hex-parser-1.13.2.tgz. Extracting by manifest.
2107 silly tarball no local data for @webassemblyjs/helper-api-error@https://registry.npmjs.org/@webassemblyjs/helper-api-error/-/helper-api-error-1.13.2.tgz. Extracting by manifest.
2108 silly tarball no local data for @types/sockjs@https://registry.npmjs.org/@types/sockjs/-/sockjs-0.3.36.tgz. Extracting by manifest.
2109 silly tarball no local data for @types/yargs-parser@https://registry.npmjs.org/@types/yargs-parser/-/yargs-parser-21.0.3.tgz. Extracting by manifest.
2110 silly tarball no local data for @types/ws@https://registry.npmjs.org/@types/ws/-/ws-8.18.1.tgz. Extracting by manifest.
2111 silly tarball no local data for @types/react-router-dom@https://registry.npmjs.org/@types/react-router-dom/-/react-router-dom-5.3.3.tgz. Extracting by manifest.
2112 silly tarball no local data for @types/send@https://registry.npmjs.org/@types/send/-/send-1.2.1.tgz. Extracting by manifest.
2113 silly tarball no local data for @types/react-router-config@https://registry.npmjs.org/@types/react-router-config/-/react-router-config-5.0.11.tgz. Extracting by manifest.
2114 silly tarball no local data for @types/unist@https://registry.npmjs.org/@types/unist/-/unist-3.0.3.tgz. Extracting by manifest.
2115 silly tarball no local data for @types/retry@https://registry.npmjs.org/@types/retry/-/retry-0.12.2.tgz. Extracting by manifest.
2116 silly tarball no local data for @types/sax@https://registry.npmjs.org/@types/sax/-/sax-1.2.7.tgz. Extracting by manifest.
2117 silly tarball no local data for @types/range-parser@https://registry.npmjs.org/@types/range-parser/-/range-parser-1.2.7.tgz. Extracting by manifest.
2118 silly tarball no local data for @types/serve-index@https://registry.npmjs.org/@types/serve-index/-/serve-index-1.9.4.tgz. Extracting by manifest.
2119 silly tarball no local data for @types/qs@https://registry.npmjs.org/@types/qs/-/qs-6.15.1.tgz. Extracting by manifest.
2120 silly tarball no local data for @types/react@https://registry.npmjs.org/@types/react/-/react-19.2.17.tgz. Extracting by manifest.
2121 silly tarball no local data for @types/prismjs@https://registry.npmjs.org/@types/prismjs/-/prismjs-1.26.6.tgz. Extracting by manifest.
2122 silly tarball no local data for @types/mdx@https://registry.npmjs.org/@types/mdx/-/mdx-2.0.14.tgz. Extracting by manifest.
2123 silly tarball no local data for @types/mime@https://registry.npmjs.org/@types/mime/-/mime-1.3.5.tgz. Extracting by manifest.
2124 silly tarball no local data for @types/ms@https://registry.npmjs.org/@types/ms/-/ms-2.1.0.tgz. Extracting by manifest.
2125 silly tarball no local data for @types/json-schema@https://registry.npmjs.org/@types/json-schema/-/json-schema-7.0.15.tgz. Extracting by manifest.
2126 silly tarball no local data for @types/mdast@https://registry.npmjs.org/@types/mdast/-/mdast-4.0.4.tgz. Extracting by manifest.
2127 silly tarball no local data for @types/istanbul-reports@https://registry.npmjs.org/@types/istanbul-reports/-/istanbul-reports-3.0.4.tgz. Extracting by manifest.
2128 silly tarball no local data for @types/istanbul-lib-report@https://registry.npmjs.org/@types/istanbul-lib-report/-/istanbul-lib-report-3.0.3.tgz. Extracting by manifest.
2129 silly tarball no local data for @types/istanbul-lib-coverage@https://registry.npmjs.org/@types/istanbul-lib-coverage/-/istanbul-lib-coverage-2.0.6.tgz. Extracting by manifest.
2130 silly tarball no local data for @types/http-proxy@https://registry.npmjs.org/@types/http-proxy/-/http-proxy-1.17.17.tgz. Extracting by manifest.
2131 silly tarball no local data for @types/http-errors@https://registry.npmjs.org/@types/http-errors/-/http-errors-2.0.5.tgz. Extracting by manifest.
2132 silly tarball no local data for @types/react-router@https://registry.npmjs.org/@types/react-router/-/react-router-5.1.20.tgz. Extracting by manifest.
2133 silly tarball no local data for @types/http-cache-semantics@https://registry.npmjs.org/@types/http-cache-semantics/-/http-cache-semantics-4.2.0.tgz. Extracting by manifest.
2134 silly tarball no local data for @types/history@https://registry.npmjs.org/@types/history/-/history-4.7.11.tgz. Extracting by manifest.
2135 silly tarball no local data for @types/hast@https://registry.npmjs.org/@types/hast/-/hast-3.0.5.tgz. Extracting by manifest.
2136 silly tarball no local data for @types/express-serve-static-core@https://registry.npmjs.org/@types/express-serve-static-core/-/express-serve-static-core-4.19.9.tgz. Extracting by manifest.
2137 silly tarball no local data for @types/express@https://registry.npmjs.org/@types/express/-/express-4.17.25.tgz. Extracting by manifest.
2138 silly tarball no local data for @types/estree-jsx@https://registry.npmjs.org/@types/estree-jsx/-/estree-jsx-1.0.5.tgz. Extracting by manifest.
2139 silly tarball no local data for @types/estree@https://registry.npmjs.org/@types/estree/-/estree-1.0.9.tgz. Extracting by manifest.
2140 silly tarball no local data for @types/debug@https://registry.npmjs.org/@types/debug/-/debug-4.1.13.tgz. Extracting by manifest.
2141 silly tarball no local data for @types/html-minifier-terser@https://registry.npmjs.org/@types/html-minifier-terser/-/html-minifier-terser-6.1.0.tgz. Extracting by manifest.
2142 silly tarball no local data for @types/bonjour@https://registry.npmjs.org/@types/bonjour/-/bonjour-3.5.13.tgz. Extracting by manifest.
2143 silly tarball no local data for @types/connect-history-api-fallback@https://registry.npmjs.org/@types/connect-history-api-fallback/-/connect-history-api-fallback-1.5.4.tgz. Extracting by manifest.
2144 silly tarball no local data for @types/connect@https://registry.npmjs.org/@types/connect/-/connect-3.4.38.tgz. Extracting by manifest.
2145 silly tarball no local data for @types/body-parser@https://registry.npmjs.org/@types/body-parser/-/body-parser-1.19.6.tgz. Extracting by manifest.
2146 silly tarball no local data for @svgr/plugin-jsx@https://registry.npmjs.org/@svgr/plugin-jsx/-/plugin-jsx-8.1.0.tgz. Extracting by manifest.
2147 silly tarball no local data for @svgr/webpack@https://registry.npmjs.org/@svgr/webpack/-/webpack-8.1.0.tgz. Extracting by manifest.
2148 silly tarball no local data for @svgr/core@https://registry.npmjs.org/@svgr/core/-/core-8.1.0.tgz. Extracting by manifest.
2149 silly tarball no local data for @svgr/hast-util-to-babel-ast@https://registry.npmjs.org/@svgr/hast-util-to-babel-ast/-/hast-util-to-babel-ast-8.0.0.tgz. Extracting by manifest.
2150 silly tarball no local data for @svgr/babel-plugin-transform-svg-component@https://registry.npmjs.org/@svgr/babel-plugin-transform-svg-component/-/babel-plugin-transform-svg-component-8.0.0.tgz. Extracting by manifest.
2151 silly tarball no local data for @svgr/babel-preset@https://registry.npmjs.org/@svgr/babel-preset/-/babel-preset-8.1.0.tgz. Extracting by manifest.
2152 silly tarball no local data for @svgr/babel-plugin-svg-dynamic-title@https://registry.npmjs.org/@svgr/babel-plugin-svg-dynamic-title/-/babel-plugin-svg-dynamic-title-8.0.0.tgz. Extracting by manifest.
2153 silly tarball no local data for @svgr/plugin-svgo@https://registry.npmjs.org/@svgr/plugin-svgo/-/plugin-svgo-8.1.0.tgz. Extracting by manifest.
2154 silly tarball no local data for @svgr/babel-plugin-transform-react-native-svg@https://registry.npmjs.org/@svgr/babel-plugin-transform-react-native-svg/-/babel-plugin-transform-react-native-svg-8.1.0.tgz. Extracting by manifest.
2155 silly tarball no local data for @svgr/babel-plugin-svg-em-dimensions@https://registry.npmjs.org/@svgr/babel-plugin-svg-em-dimensions/-/babel-plugin-svg-em-dimensions-8.0.0.tgz. Extracting by manifest.
2156 silly tarball no local data for @svgr/babel-plugin-replace-jsx-attribute-value@https://registry.npmjs.org/@svgr/babel-plugin-replace-jsx-attribute-value/-/babel-plugin-replace-jsx-attribute-value-8.0.0.tgz. Extracting by manifest.
2157 silly tarball no local data for @slorber/remark-comment@https://registry.npmjs.org/@slorber/remark-comment/-/remark-comment-1.0.0.tgz. Extracting by manifest.
2158 silly tarball no local data for @sindresorhus/is@https://registry.npmjs.org/@sindresorhus/is/-/is-4.6.0.tgz. Extracting by manifest.
2159 silly tarball no local data for @svgr/babel-plugin-add-jsx-attribute@https://registry.npmjs.org/@svgr/babel-plugin-add-jsx-attribute/-/babel-plugin-add-jsx-attribute-8.0.0.tgz. Extracting by manifest.
2160 silly tarball no local data for @sinclair/typebox@https://registry.npmjs.org/@sinclair/typebox/-/typebox-0.27.12.tgz. Extracting by manifest.
2161 silly tarball no local data for @svgr/babel-plugin-remove-jsx-empty-expression@https://registry.npmjs.org/@svgr/babel-plugin-remove-jsx-empty-expression/-/babel-plugin-remove-jsx-empty-expression-8.0.0.tgz. Extracting by manifest.
2162 silly tarball no local data for @sideway/address@https://registry.npmjs.org/@sideway/address/-/address-4.1.5.tgz. Extracting by manifest.
2163 silly tarball no local data for @svgr/babel-plugin-remove-jsx-attribute@https://registry.npmjs.org/@svgr/babel-plugin-remove-jsx-attribute/-/babel-plugin-remove-jsx-attribute-8.0.0.tgz. Extracting by manifest.
2164 silly tarball no local data for @sideway/pinpoint@https://registry.npmjs.org/@sideway/pinpoint/-/pinpoint-2.0.0.tgz. Extracting by manifest.
2165 silly tarball no local data for @noble/hashes@https://registry.npmjs.org/@noble/hashes/-/hashes-1.4.0.tgz. Extracting by manifest.
2166 silly tarball no local data for @mdx-js/react@https://registry.npmjs.org/@mdx-js/react/-/react-3.1.1.tgz. Extracting by manifest.
2167 silly tarball no local data for @pnpm/config.env-replace@https://registry.npmjs.org/@pnpm/config.env-replace/-/config.env-replace-1.1.0.tgz. Extracting by manifest.
2168 silly tarball no local data for @sideway/formula@https://registry.npmjs.org/@sideway/formula/-/formula-3.0.1.tgz. Extracting by manifest.
2169 silly tarball no local data for @pnpm/npm-conf@https://registry.npmjs.org/@pnpm/npm-conf/-/npm-conf-3.0.3.tgz. Extracting by manifest.
2170 silly tarball no local data for @leichtgewicht/ip-codec@https://registry.npmjs.org/@leichtgewicht/ip-codec/-/ip-codec-2.0.5.tgz. Extracting by manifest.
2171 silly tarball no local data for @peculiar/x509@https://registry.npmjs.org/@peculiar/x509/-/x509-1.14.3.tgz. Extracting by manifest.
2172 silly tarball no local data for @jsonjoy.com/fs-fsa@https://registry.npmjs.org/@jsonjoy.com/fs-fsa/-/fs-fsa-4.68.0.tgz. Extracting by manifest.
2173 silly tarball no local data for @polka/url@https://registry.npmjs.org/@polka/url/-/url-1.0.0-next.29.tgz. Extracting by manifest.
2174 silly tarball no local data for @jridgewell/trace-mapping@https://registry.npmjs.org/@jridgewell/trace-mapping/-/trace-mapping-0.3.31.tgz. Extracting by manifest.
2175 silly tarball no local data for @jsonjoy.com/fs-node-to-fsa@https://registry.npmjs.org/@jsonjoy.com/fs-node-to-fsa/-/fs-node-to-fsa-4.68.0.tgz. Extracting by manifest.
2176 silly tarball no local data for @jridgewell/sourcemap-codec@https://registry.npmjs.org/@jridgewell/sourcemap-codec/-/sourcemap-codec-1.5.5.tgz. Extracting by manifest.
2177 silly tarball no local data for @jridgewell/source-map@https://registry.npmjs.org/@jridgewell/source-map/-/source-map-0.3.11.tgz. Extracting by manifest.
2178 silly tarball no local data for @jridgewell/remapping@https://registry.npmjs.org/@jridgewell/remapping/-/remapping-2.3.5.tgz. Extracting by manifest.
2179 silly tarball no local data for @jest/schemas@https://registry.npmjs.org/@jest/schemas/-/schemas-29.6.3.tgz. Extracting by manifest.
2180 silly tarball no local data for @jest/types@https://registry.npmjs.org/@jest/types/-/types-29.6.3.tgz. Extracting by manifest.
2181 silly tarball no local data for @jsonjoy.com/fs-print@https://registry.npmjs.org/@jsonjoy.com/fs-print/-/fs-print-4.68.0.tgz. Extracting by manifest.
2182 silly tarball no local data for @docusaurus/utils-common@https://registry.npmjs.org/@docusaurus/utils-common/-/utils-common-3.10.2.tgz. Extracting by manifest.
2183 silly tarball no local data for @docusaurus/preset-classic@https://registry.npmjs.org/@docusaurus/preset-classic/-/preset-classic-3.10.2.tgz. Extracting by manifest.
2184 silly tarball no local data for @hapi/topo@https://registry.npmjs.org/@hapi/topo/-/topo-5.1.0.tgz. Extracting by manifest.
2185 silly tarball no local data for @docusaurus/types@https://registry.npmjs.org/@docusaurus/types/-/types-3.10.2.tgz. Extracting by manifest.
2186 silly tarball no local data for @hapi/hoek@https://registry.npmjs.org/@hapi/hoek/-/hoek-9.3.0.tgz. Extracting by manifest.
2187 silly tarball no local data for @docusaurus/plugin-google-tag-manager@https://registry.npmjs.org/@docusaurus/plugin-google-tag-manager/-/plugin-google-tag-manager-3.10.2.tgz. Extracting by manifest.
2188 silly tarball no local data for @docusaurus/plugin-sitemap@https://registry.npmjs.org/@docusaurus/plugin-sitemap/-/plugin-sitemap-3.10.2.tgz. Extracting by manifest.
2189 silly tarball no local data for @docusaurus/plugin-google-gtag@https://registry.npmjs.org/@docusaurus/plugin-google-gtag/-/plugin-google-gtag-3.10.2.tgz. Extracting by manifest.
2190 silly tarball no local data for @docusaurus/plugin-google-analytics@https://registry.npmjs.org/@docusaurus/plugin-google-analytics/-/plugin-google-analytics-3.10.2.tgz. Extracting by manifest.
2191 silly tarball no local data for @docusaurus/plugin-svgr@https://registry.npmjs.org/@docusaurus/plugin-svgr/-/plugin-svgr-3.10.2.tgz. Extracting by manifest.
2192 silly tarball no local data for @docusaurus/plugin-content-pages@https://registry.npmjs.org/@docusaurus/plugin-content-pages/-/plugin-content-pages-3.10.2.tgz. Extracting by manifest.
2193 silly tarball no local data for @docusaurus/plugin-css-cascade-layers@https://registry.npmjs.org/@docusaurus/plugin-css-cascade-layers/-/plugin-css-cascade-layers-3.10.2.tgz. Extracting by manifest.
2194 silly tarball no local data for @docusaurus/babel@https://registry.npmjs.org/@docusaurus/babel/-/babel-3.10.2.tgz. Extracting by manifest.
2195 silly tarball no local data for @docusaurus/module-type-aliases@https://registry.npmjs.org/@docusaurus/module-type-aliases/-/module-type-aliases-3.10.2.tgz. Extracting by manifest.
2196 silly tarball no local data for @docsearch/css@https://registry.npmjs.org/@docsearch/css/-/css-4.7.0.tgz. Extracting by manifest.
2197 silly tarball no local data for @docusaurus/utils-validation@https://registry.npmjs.org/@docusaurus/utils-validation/-/utils-validation-3.10.2.tgz. Extracting by manifest.
2198 silly tarball no local data for @discoveryjs/json-ext@https://registry.npmjs.org/@discoveryjs/json-ext/-/json-ext-0.5.7.tgz. Extracting by manifest.
2199 silly tarball no local data for @csstools/utilities@https://registry.npmjs.org/@csstools/utilities/-/utilities-2.0.0.tgz. Extracting by manifest.
2200 silly tarball no local data for @csstools/selector-specificity@https://registry.npmjs.org/@csstools/selector-specificity/-/selector-specificity-5.0.0.tgz. Extracting by manifest.
2201 silly tarball no local data for @csstools/postcss-unset-value@https://registry.npmjs.org/@csstools/postcss-unset-value/-/postcss-unset-value-4.0.0.tgz. Extracting by manifest.
2202 silly tarball no local data for @csstools/postcss-syntax-descriptor-syntax-production@https://registry.npmjs.org/@csstools/postcss-syntax-descriptor-syntax-production/-/postcss-syntax-descriptor-syntax-production-1.0.1.tgz. Extracting by manifest.
2203 silly tarball no local data for @csstools/postcss-stepped-value-functions@https://registry.npmjs.org/@csstools/postcss-stepped-value-functions/-/postcss-stepped-value-functions-4.0.9.tgz. Extracting by manifest.
2204 silly tarball no local data for @csstools/postcss-text-decoration-shorthand@https://registry.npmjs.org/@csstools/postcss-text-decoration-shorthand/-/postcss-text-decoration-shorthand-4.0.3.tgz. Extracting by manifest.
2205 silly tarball no local data for @csstools/postcss-trigonometric-functions@https://registry.npmjs.org/@csstools/postcss-trigonometric-functions/-/postcss-trigonometric-functions-4.0.9.tgz. Extracting by manifest.
2206 silly tarball no local data for @csstools/postcss-sign-functions@https://registry.npmjs.org/@csstools/postcss-sign-functions/-/postcss-sign-functions-1.1.4.tgz. Extracting by manifest.
2207 silly tarball no local data for @csstools/postcss-relative-color-syntax@https://registry.npmjs.org/@csstools/postcss-relative-color-syntax/-/postcss-relative-color-syntax-3.0.12.tgz. Extracting by manifest.
2208 silly tarball no local data for @csstools/postcss-random-function@https://registry.npmjs.org/@csstools/postcss-random-function/-/postcss-random-function-2.0.1.tgz. Extracting by manifest.
2209 silly tarball no local data for @csstools/postcss-property-rule-prelude-list@https://registry.npmjs.org/@csstools/postcss-property-rule-prelude-list/-/postcss-property-rule-prelude-list-1.0.0.tgz. Extracting by manifest.
2210 silly tarball no local data for @csstools/postcss-progressive-custom-properties@https://registry.npmjs.org/@csstools/postcss-progressive-custom-properties/-/postcss-progressive-custom-properties-4.2.1.tgz. Extracting by manifest.
2211 silly tarball no local data for @csstools/postcss-oklab-function@https://registry.npmjs.org/@csstools/postcss-oklab-function/-/postcss-oklab-function-4.0.12.tgz. Extracting by manifest.
2212 silly tarball no local data for @csstools/selector-resolve-nested@https://registry.npmjs.org/@csstools/selector-resolve-nested/-/selector-resolve-nested-3.1.0.tgz. Extracting by manifest.
2213 silly tarball no local data for @csstools/postcss-system-ui-font-family@https://registry.npmjs.org/@csstools/postcss-system-ui-font-family/-/postcss-system-ui-font-family-1.0.0.tgz. Extracting by manifest.
2214 silly tarball no local data for @csstools/postcss-position-area-property@https://registry.npmjs.org/@csstools/postcss-position-area-property/-/postcss-position-area-property-1.0.0.tgz. Extracting by manifest.
2215 silly tarball no local data for @csstools/postcss-normalize-display-values@https://registry.npmjs.org/@csstools/postcss-normalize-display-values/-/postcss-normalize-display-values-4.0.1.tgz. Extracting by manifest.
2216 silly tarball no local data for @csstools/postcss-media-queries-aspect-ratio-number-values@https://registry.npmjs.org/@csstools/postcss-media-queries-aspect-ratio-number-values/-/postcss-media-queries-aspect-ratio-number-values-3.0.5.tgz. Extracting by manifest.
2217 silly tarball no local data for @csstools/postcss-nested-calc@https://registry.npmjs.org/@csstools/postcss-nested-calc/-/postcss-nested-calc-4.0.0.tgz. Extracting by manifest.
2218 silly tarball no local data for @csstools/postcss-media-minmax@https://registry.npmjs.org/@csstools/postcss-media-minmax/-/postcss-media-minmax-2.0.9.tgz. Extracting by manifest.
2219 silly tarball no local data for @csstools/postcss-logical-viewport-units@https://registry.npmjs.org/@csstools/postcss-logical-viewport-units/-/postcss-logical-viewport-units-3.0.4.tgz. Extracting by manifest.
2220 silly tarball no local data for @csstools/postcss-logical-resize@https://registry.npmjs.org/@csstools/postcss-logical-resize/-/postcss-logical-resize-3.0.0.tgz. Extracting by manifest.
2221 silly tarball no local data for @csstools/postcss-logical-overflow@https://registry.npmjs.org/@csstools/postcss-logical-overflow/-/postcss-logical-overflow-2.0.0.tgz. Extracting by manifest.
2222 silly tarball no local data for @csstools/postcss-logical-overscroll-behavior@https://registry.npmjs.org/@csstools/postcss-logical-overscroll-behavior/-/postcss-logical-overscroll-behavior-2.0.0.tgz. Extracting by manifest.
2223 silly tarball no local data for @csstools/postcss-initial@https://registry.npmjs.org/@csstools/postcss-initial/-/postcss-initial-2.0.1.tgz. Extracting by manifest.
2224 silly tarball no local data for @csstools/postcss-logical-float-and-clear@https://registry.npmjs.org/@csstools/postcss-logical-float-and-clear/-/postcss-logical-float-and-clear-3.0.0.tgz. Extracting by manifest.
2225 silly tarball no local data for @csstools/postcss-light-dark-function@https://registry.npmjs.org/@csstools/postcss-light-dark-function/-/postcss-light-dark-function-2.0.11.tgz. Extracting by manifest.
2226 silly tarball no local data for @csstools/postcss-hwb-function@https://registry.npmjs.org/@csstools/postcss-hwb-function/-/postcss-hwb-function-4.0.12.tgz. Extracting by manifest.
2227 silly tarball no local data for @csstools/postcss-font-format-keywords@https://registry.npmjs.org/@csstools/postcss-font-format-keywords/-/postcss-font-format-keywords-4.0.0.tgz. Extracting by manifest.
2228 silly tarball no local data for @csstools/postcss-ic-unit@https://registry.npmjs.org/@csstools/postcss-ic-unit/-/postcss-ic-unit-4.0.4.tgz. Extracting by manifest.
2229 silly tarball no local data for @csstools/postcss-exponential-functions@https://registry.npmjs.org/@csstools/postcss-exponential-functions/-/postcss-exponential-functions-2.0.9.tgz. Extracting by manifest.
2230 silly tarball no local data for @csstools/postcss-gamut-mapping@https://registry.npmjs.org/@csstools/postcss-gamut-mapping/-/postcss-gamut-mapping-2.0.11.tgz. Extracting by manifest.
2231 silly tarball no local data for @csstools/postcss-color-mix-variadic-function-arguments@https://registry.npmjs.org/@csstools/postcss-color-mix-variadic-function-arguments/-/postcss-color-mix-variadic-function-arguments-1.0.2.tgz. Extracting by manifest.
2232 silly tarball no local data for @csstools/postcss-content-alt-text@https://registry.npmjs.org/@csstools/postcss-content-alt-text/-/postcss-content-alt-text-2.0.8.tgz. Extracting by manifest.
2233 silly tarball no local data for @csstools/postcss-color-mix-function@https://registry.npmjs.org/@csstools/postcss-color-mix-function/-/postcss-color-mix-function-3.0.12.tgz. Extracting by manifest.
2234 silly tarball no local data for @csstools/postcss-contrast-color-function@https://registry.npmjs.org/@csstools/postcss-contrast-color-function/-/postcss-contrast-color-function-2.0.12.tgz. Extracting by manifest.
2235 silly tarball no local data for @csstools/postcss-color-function-display-p3-linear@https://registry.npmjs.org/@csstools/postcss-color-function-display-p3-linear/-/postcss-color-function-display-p3-linear-1.0.1.tgz. Extracting by manifest.
2236 silly tarball no local data for @csstools/postcss-alpha-function@https://registry.npmjs.org/@csstools/postcss-alpha-function/-/postcss-alpha-function-1.0.1.tgz. Extracting by manifest.
2237 silly tarball no local data for @csstools/media-query-list-parser@https://registry.npmjs.org/@csstools/media-query-list-parser/-/media-query-list-parser-4.0.3.tgz. Extracting by manifest.
2238 silly tarball no local data for @csstools/css-tokenizer@https://registry.npmjs.org/@csstools/css-tokenizer/-/css-tokenizer-3.0.4.tgz. Extracting by manifest.
2239 silly tarball no local data for @csstools/postcss-gradients-interpolation-method@https://registry.npmjs.org/@csstools/postcss-gradients-interpolation-method/-/postcss-gradients-interpolation-method-5.0.12.tgz. Extracting by manifest.
2240 silly tarball no local data for @csstools/css-color-parser@https://registry.npmjs.org/@csstools/css-color-parser/-/css-color-parser-3.1.0.tgz. Extracting by manifest.
2241 silly tarball no local data for @csstools/css-calc@https://registry.npmjs.org/@csstools/css-calc/-/css-calc-2.1.4.tgz. Extracting by manifest.
2242 silly tarball no local data for @csstools/postcss-color-function@https://registry.npmjs.org/@csstools/postcss-color-function/-/postcss-color-function-4.0.12.tgz. Extracting by manifest.
2243 silly tarball no local data for @csstools/cascade-layer-name-parser@https://registry.npmjs.org/@csstools/cascade-layer-name-parser/-/cascade-layer-name-parser-2.0.5.tgz. Extracting by manifest.
2244 silly tarball no local data for @csstools/color-helpers@https://registry.npmjs.org/@csstools/color-helpers/-/color-helpers-5.1.0.tgz. Extracting by manifest.
2245 silly tarball no local data for @babel/template@https://registry.npmjs.org/@babel/template/-/template-7.29.7.tgz. Extracting by manifest.
2246 silly tarball no local data for @csstools/css-parser-algorithms@https://registry.npmjs.org/@csstools/css-parser-algorithms/-/css-parser-algorithms-3.0.5.tgz. Extracting by manifest.
2247 silly tarball no local data for @babel/preset-react@https://registry.npmjs.org/@babel/preset-react/-/preset-react-7.29.7.tgz. Extracting by manifest.
2248 silly tarball no local data for @babel/plugin-transform-unicode-sets-regex@https://registry.npmjs.org/@babel/plugin-transform-unicode-sets-regex/-/plugin-transform-unicode-sets-regex-7.29.7.tgz. Extracting by manifest.
2249 silly tarball no local data for @babel/preset-typescript@https://registry.npmjs.org/@babel/preset-typescript/-/preset-typescript-7.29.7.tgz. Extracting by manifest.
2250 silly tarball no local data for @babel/plugin-transform-unicode-escapes@https://registry.npmjs.org/@babel/plugin-transform-unicode-escapes/-/plugin-transform-unicode-escapes-7.29.7.tgz. Extracting by manifest.
2251 silly tarball no local data for @babel/plugin-transform-unicode-regex@https://registry.npmjs.org/@babel/plugin-transform-unicode-regex/-/plugin-transform-unicode-regex-7.29.7.tgz. Extracting by manifest.
2252 silly tarball no local data for @babel/plugin-transform-typescript@https://registry.npmjs.org/@babel/plugin-transform-typescript/-/plugin-transform-typescript-7.29.7.tgz. Extracting by manifest.
2253 silly tarball no local data for @babel/plugin-transform-unicode-property-regex@https://registry.npmjs.org/@babel/plugin-transform-unicode-property-regex/-/plugin-transform-unicode-property-regex-7.29.7.tgz. Extracting by manifest.
2254 silly tarball no local data for @babel/plugin-transform-sticky-regex@https://registry.npmjs.org/@babel/plugin-transform-sticky-regex/-/plugin-transform-sticky-regex-7.29.7.tgz. Extracting by manifest.
2255 silly tarball no local data for @babel/plugin-transform-spread@https://registry.npmjs.org/@babel/plugin-transform-spread/-/plugin-transform-spread-7.29.8.tgz. Extracting by manifest.
2256 silly tarball no local data for @babel/plugin-transform-shorthand-properties@https://registry.npmjs.org/@babel/plugin-transform-shorthand-properties/-/plugin-transform-shorthand-properties-7.29.7.tgz. Extracting by manifest.
2257 silly tarball no local data for @babel/plugin-transform-typeof-symbol@https://registry.npmjs.org/@babel/plugin-transform-typeof-symbol/-/plugin-transform-typeof-symbol-7.29.7.tgz. Extracting by manifest.
2258 silly tarball no local data for @babel/plugin-transform-react-pure-annotations@https://registry.npmjs.org/@babel/plugin-transform-react-pure-annotations/-/plugin-transform-react-pure-annotations-7.29.7.tgz. Extracting by manifest.
2259 silly tarball no local data for @babel/plugin-transform-react-jsx@https://registry.npmjs.org/@babel/plugin-transform-react-jsx/-/plugin-transform-react-jsx-7.29.7.tgz. Extracting by manifest.
2260 silly tarball no local data for @babel/plugin-transform-regexp-modifiers@https://registry.npmjs.org/@babel/plugin-transform-regexp-modifiers/-/plugin-transform-regexp-modifiers-7.29.7.tgz. Extracting by manifest.
2261 silly tarball no local data for @babel/plugin-transform-react-display-name@https://registry.npmjs.org/@babel/plugin-transform-react-display-name/-/plugin-transform-react-display-name-7.29.7.tgz. Extracting by manifest.
2262 silly tarball no local data for @babel/plugin-transform-react-constant-elements@https://registry.npmjs.org/@babel/plugin-transform-react-constant-elements/-/plugin-transform-react-constant-elements-7.29.7.tgz. Extracting by manifest.
2263 silly tarball no local data for @babel/plugin-transform-template-literals@https://registry.npmjs.org/@babel/plugin-transform-template-literals/-/plugin-transform-template-literals-7.29.7.tgz. Extracting by manifest.
2264 silly tarball no local data for @babel/plugin-transform-property-literals@https://registry.npmjs.org/@babel/plugin-transform-property-literals/-/plugin-transform-property-literals-7.29.7.tgz. Extracting by manifest.
2265 silly tarball no local data for @babel/plugin-transform-private-property-in-object@https://registry.npmjs.org/@babel/plugin-transform-private-property-in-object/-/plugin-transform-private-property-in-object-7.29.7.tgz. Extracting by manifest.
2266 silly tarball no local data for @babel/plugin-transform-react-jsx-development@https://registry.npmjs.org/@babel/plugin-transform-react-jsx-development/-/plugin-transform-react-jsx-development-7.29.7.tgz. Extracting by manifest.
2267 silly tarball no local data for @babel/plugin-transform-reserved-words@https://registry.npmjs.org/@babel/plugin-transform-reserved-words/-/plugin-transform-reserved-words-7.29.7.tgz. Extracting by manifest.
2268 silly tarball no local data for @babel/plugin-transform-parameters@https://registry.npmjs.org/@babel/plugin-transform-parameters/-/plugin-transform-parameters-7.29.7.tgz. Extracting by manifest.
2269 silly tarball no local data for @babel/plugin-transform-optional-chaining@https://registry.npmjs.org/@babel/plugin-transform-optional-chaining/-/plugin-transform-optional-chaining-7.29.7.tgz. Extracting by manifest.
2270 silly tarball no local data for @babel/plugin-transform-object-super@https://registry.npmjs.org/@babel/plugin-transform-object-super/-/plugin-transform-object-super-7.29.7.tgz. Extracting by manifest.
2271 silly tarball no local data for @babel/plugin-transform-private-methods@https://registry.npmjs.org/@babel/plugin-transform-private-methods/-/plugin-transform-private-methods-7.29.7.tgz. Extracting by manifest.
2272 silly tarball no local data for @babel/plugin-transform-optional-catch-binding@https://registry.npmjs.org/@babel/plugin-transform-optional-catch-binding/-/plugin-transform-optional-catch-binding-7.29.7.tgz. Extracting by manifest.
2273 silly tarball no local data for @babel/plugin-transform-numeric-separator@https://registry.npmjs.org/@babel/plugin-transform-numeric-separator/-/plugin-transform-numeric-separator-7.29.7.tgz. Extracting by manifest.
2274 silly tarball no local data for @babel/plugin-transform-object-rest-spread@https://registry.npmjs.org/@babel/plugin-transform-object-rest-spread/-/plugin-transform-object-rest-spread-7.29.7.tgz. Extracting by manifest.
2275 silly tarball no local data for @babel/plugin-transform-named-capturing-groups-regex@https://registry.npmjs.org/@babel/plugin-transform-named-capturing-groups-regex/-/plugin-transform-named-capturing-groups-regex-7.29.7.tgz. Extracting by manifest.
2276 silly tarball no local data for @babel/plugin-transform-nullish-coalescing-operator@https://registry.npmjs.org/@babel/plugin-transform-nullish-coalescing-operator/-/plugin-transform-nullish-coalescing-operator-7.29.7.tgz. Extracting by manifest.
2277 silly tarball no local data for @babel/plugin-transform-modules-systemjs@https://registry.npmjs.org/@babel/plugin-transform-modules-systemjs/-/plugin-transform-modules-systemjs-7.29.8.tgz. Extracting by manifest.
2278 silly tarball no local data for @babel/plugin-transform-modules-commonjs@https://registry.npmjs.org/@babel/plugin-transform-modules-commonjs/-/plugin-transform-modules-commonjs-7.29.7.tgz. Extracting by manifest.
2279 silly tarball no local data for @babel/plugin-transform-modules-amd@https://registry.npmjs.org/@babel/plugin-transform-modules-amd/-/plugin-transform-modules-amd-7.29.7.tgz. Extracting by manifest.
2280 silly tarball no local data for @babel/plugin-transform-new-target@https://registry.npmjs.org/@babel/plugin-transform-new-target/-/plugin-transform-new-target-7.29.7.tgz. Extracting by manifest.
2281 silly tarball no local data for @babel/plugin-transform-literals@https://registry.npmjs.org/@babel/plugin-transform-literals/-/plugin-transform-literals-7.29.7.tgz. Extracting by manifest.
2282 silly tarball no local data for @babel/plugin-transform-modules-umd@https://registry.npmjs.org/@babel/plugin-transform-modules-umd/-/plugin-transform-modules-umd-7.29.7.tgz. Extracting by manifest.
2283 silly tarball no local data for @babel/plugin-transform-member-expression-literals@https://registry.npmjs.org/@babel/plugin-transform-member-expression-literals/-/plugin-transform-member-expression-literals-7.29.7.tgz. Extracting by manifest.
2284 silly tarball no local data for @babel/plugin-transform-json-strings@https://registry.npmjs.org/@babel/plugin-transform-json-strings/-/plugin-transform-json-strings-7.29.7.tgz. Extracting by manifest.
2285 silly tarball no local data for @babel/plugin-transform-logical-assignment-operators@https://registry.npmjs.org/@babel/plugin-transform-logical-assignment-operators/-/plugin-transform-logical-assignment-operators-7.29.7.tgz. Extracting by manifest.
2286 silly tarball no local data for @babel/plugin-transform-export-namespace-from@https://registry.npmjs.org/@babel/plugin-transform-export-namespace-from/-/plugin-transform-export-namespace-from-7.29.7.tgz. Extracting by manifest.
2287 silly tarball no local data for @babel/plugin-transform-dynamic-import@https://registry.npmjs.org/@babel/plugin-transform-dynamic-import/-/plugin-transform-dynamic-import-7.29.7.tgz. Extracting by manifest.
2288 silly tarball no local data for @babel/plugin-transform-for-of@https://registry.npmjs.org/@babel/plugin-transform-for-of/-/plugin-transform-for-of-7.29.7.tgz. Extracting by manifest.
2289 silly tarball no local data for @babel/plugin-transform-function-name@https://registry.npmjs.org/@babel/plugin-transform-function-name/-/plugin-transform-function-name-7.29.7.tgz. Extracting by manifest.
2290 silly tarball no local data for @babel/plugin-transform-explicit-resource-management@https://registry.npmjs.org/@babel/plugin-transform-explicit-resource-management/-/plugin-transform-explicit-resource-management-7.29.7.tgz. Extracting by manifest.
2291 silly tarball no local data for @babel/plugin-transform-duplicate-named-capturing-groups-regex@https://registry.npmjs.org/@babel/plugin-transform-duplicate-named-capturing-groups-regex/-/plugin-transform-duplicate-named-capturing-groups-regex-7.29.7.tgz. Extracting by manifest.
2292 silly tarball no local data for @babel/plugin-transform-computed-properties@https://registry.npmjs.org/@babel/plugin-transform-computed-properties/-/plugin-transform-computed-properties-7.29.7.tgz. Extracting by manifest.
2293 silly tarball no local data for @babel/plugin-transform-class-static-block@https://registry.npmjs.org/@babel/plugin-transform-class-static-block/-/plugin-transform-class-static-block-7.29.7.tgz. Extracting by manifest.
2294 silly tarball no local data for @babel/plugin-transform-exponentiation-operator@https://registry.npmjs.org/@babel/plugin-transform-exponentiation-operator/-/plugin-transform-exponentiation-operator-7.29.7.tgz. Extracting by manifest.
2295 silly tarball no local data for @babel/plugin-transform-classes@https://registry.npmjs.org/@babel/plugin-transform-classes/-/plugin-transform-classes-7.29.7.tgz. Extracting by manifest.
2296 silly tarball no local data for @babel/plugin-transform-duplicate-keys@https://registry.npmjs.org/@babel/plugin-transform-duplicate-keys/-/plugin-transform-duplicate-keys-7.29.7.tgz. Extracting by manifest.
2297 silly tarball no local data for @babel/plugin-transform-destructuring@https://registry.npmjs.org/@babel/plugin-transform-destructuring/-/plugin-transform-destructuring-7.29.7.tgz. Extracting by manifest.
2298 silly tarball no local data for @babel/plugin-transform-block-scoping@https://registry.npmjs.org/@babel/plugin-transform-block-scoping/-/plugin-transform-block-scoping-7.29.7.tgz. Extracting by manifest.
2299 silly tarball no local data for @babel/plugin-syntax-unicode-sets-regex@https://registry.npmjs.org/@babel/plugin-syntax-unicode-sets-regex/-/plugin-syntax-unicode-sets-regex-7.18.6.tgz. Extracting by manifest.
2300 silly tarball no local data for @babel/plugin-transform-dotall-regex@https://registry.npmjs.org/@babel/plugin-transform-dotall-regex/-/plugin-transform-dotall-regex-7.29.7.tgz. Extracting by manifest.
2301 silly tarball no local data for @babel/plugin-syntax-typescript@https://registry.npmjs.org/@babel/plugin-syntax-typescript/-/plugin-syntax-typescript-7.29.7.tgz. Extracting by manifest.
2302 silly tarball no local data for @babel/plugin-transform-async-generator-functions@https://registry.npmjs.org/@babel/plugin-transform-async-generator-functions/-/plugin-transform-async-generator-functions-7.29.7.tgz. Extracting by manifest.
2303 silly tarball no local data for @babel/plugin-transform-arrow-functions@https://registry.npmjs.org/@babel/plugin-transform-arrow-functions/-/plugin-transform-arrow-functions-7.29.7.tgz. Extracting by manifest.
2304 silly tarball no local data for @babel/plugin-syntax-jsx@https://registry.npmjs.org/@babel/plugin-syntax-jsx/-/plugin-syntax-jsx-7.29.7.tgz. Extracting by manifest.
2305 silly tarball no local data for @babel/plugin-syntax-import-attributes@https://registry.npmjs.org/@babel/plugin-syntax-import-attributes/-/plugin-syntax-import-attributes-7.29.7.tgz. Extracting by manifest.
2306 silly tarball no local data for @babel/plugin-transform-async-to-generator@https://registry.npmjs.org/@babel/plugin-transform-async-to-generator/-/plugin-transform-async-to-generator-7.29.7.tgz. Extracting by manifest.
2307 silly tarball no local data for @babel/plugin-transform-block-scoped-functions@https://registry.npmjs.org/@babel/plugin-transform-block-scoped-functions/-/plugin-transform-block-scoped-functions-7.29.7.tgz. Extracting by manifest.
2308 silly tarball no local data for @babel/plugin-proposal-private-property-in-object@https://registry.npmjs.org/@babel/plugin-proposal-private-property-in-object/-/plugin-proposal-private-property-in-object-7.21.0-placeholder-for-preset-env.2.tgz. Extracting by manifest.
2309 silly tarball no local data for @babel/plugin-syntax-import-assertions@https://registry.npmjs.org/@babel/plugin-syntax-import-assertions/-/plugin-syntax-import-assertions-7.29.7.tgz. Extracting by manifest.
2310 silly tarball no local data for @babel/plugin-bugfix-v8-static-class-fields-redefine-readonly@https://registry.npmjs.org/@babel/plugin-bugfix-v8-static-class-fields-redefine-readonly/-/plugin-bugfix-v8-static-class-fields-redefine-readonly-7.29.7.tgz. Extracting by manifest.
2311 silly tarball no local data for @babel/plugin-bugfix-v8-spread-parameters-in-optional-chaining@https://registry.npmjs.org/@babel/plugin-bugfix-v8-spread-parameters-in-optional-chaining/-/plugin-bugfix-v8-spread-parameters-in-optional-chaining-7.29.7.tgz. Extracting by manifest.
2312 silly tarball no local data for @babel/plugin-transform-class-properties@https://registry.npmjs.org/@babel/plugin-transform-class-properties/-/plugin-transform-class-properties-7.29.7.tgz. Extracting by manifest.
2313 silly tarball no local data for @babel/plugin-syntax-dynamic-import@https://registry.npmjs.org/@babel/plugin-syntax-dynamic-import/-/plugin-syntax-dynamic-import-7.8.3.tgz. Extracting by manifest.
2314 silly tarball no local data for @babel/plugin-bugfix-safari-class-field-initializer-scope@https://registry.npmjs.org/@babel/plugin-bugfix-safari-class-field-initializer-scope/-/plugin-bugfix-safari-class-field-initializer-scope-7.29.7.tgz. Extracting by manifest.
2315 silly tarball no local data for @babel/parser@https://registry.npmjs.org/@babel/parser/-/parser-7.29.8.tgz. Extracting by manifest.
2316 silly tarball no local data for @babel/plugin-bugfix-firefox-class-in-computed-class-key@https://registry.npmjs.org/@babel/plugin-bugfix-firefox-class-in-computed-class-key/-/plugin-bugfix-firefox-class-in-computed-class-key-7.29.7.tgz. Extracting by manifest.
2317 silly tarball no local data for @babel/helper-validator-identifier@https://registry.npmjs.org/@babel/helper-validator-identifier/-/helper-validator-identifier-7.29.7.tgz. Extracting by manifest.
2318 silly tarball no local data for @babel/plugin-bugfix-safari-rest-destructuring-rhs-array@https://registry.npmjs.org/@babel/plugin-bugfix-safari-rest-destructuring-rhs-array/-/plugin-bugfix-safari-rest-destructuring-rhs-array-7.29.7.tgz. Extracting by manifest.
2319 silly tarball no local data for @babel/plugin-bugfix-safari-id-destructuring-collision-in-function-expression@https://registry.npmjs.org/@babel/plugin-bugfix-safari-id-destructuring-collision-in-function-expression/-/plugin-bugfix-safari-id-destructuring-collision-in-function-expression-7.29.7.tgz. Extracting by manifest.
2320 silly tarball no local data for @babel/helper-validator-option@https://registry.npmjs.org/@babel/helper-validator-option/-/helper-validator-option-7.29.7.tgz. Extracting by manifest.
2321 silly tarball no local data for @babel/helper-string-parser@https://registry.npmjs.org/@babel/helper-string-parser/-/helper-string-parser-7.29.7.tgz. Extracting by manifest.
2322 silly tarball no local data for @babel/helper-wrap-function@https://registry.npmjs.org/@babel/helper-wrap-function/-/helper-wrap-function-7.29.7.tgz. Extracting by manifest.
2323 silly tarball no local data for @babel/helper-plugin-utils@https://registry.npmjs.org/@babel/helper-plugin-utils/-/helper-plugin-utils-7.29.7.tgz. Extracting by manifest.
2324 silly tarball no local data for @babel/helper-skip-transparent-expression-wrappers@https://registry.npmjs.org/@babel/helper-skip-transparent-expression-wrappers/-/helper-skip-transparent-expression-wrappers-7.29.7.tgz. Extracting by manifest.
2325 silly tarball no local data for @babel/helper-remap-async-to-generator@https://registry.npmjs.org/@babel/helper-remap-async-to-generator/-/helper-remap-async-to-generator-7.29.7.tgz. Extracting by manifest.
2326 silly tarball no local data for @babel/helper-module-imports@https://registry.npmjs.org/@babel/helper-module-imports/-/helper-module-imports-7.29.7.tgz. Extracting by manifest.
2327 silly tarball no local data for @babel/helper-replace-supers@https://registry.npmjs.org/@babel/helper-replace-supers/-/helper-replace-supers-7.29.7.tgz. Extracting by manifest.
2328 silly tarball no local data for @babel/helper-module-transforms@https://registry.npmjs.org/@babel/helper-module-transforms/-/helper-module-transforms-7.29.7.tgz. Extracting by manifest.
2329 silly tarball no local data for @babel/helper-optimise-call-expression@https://registry.npmjs.org/@babel/helper-optimise-call-expression/-/helper-optimise-call-expression-7.29.7.tgz. Extracting by manifest.
2330 silly tarball no local data for @babel/compat-data@https://registry.npmjs.org/@babel/compat-data/-/compat-data-7.29.7.tgz. Extracting by manifest.
2331 silly tarball no local data for @babel/code-frame@https://registry.npmjs.org/@babel/code-frame/-/code-frame-7.29.7.tgz. Extracting by manifest.
2332 silly tarball no local data for @babel/helper-globals@https://registry.npmjs.org/@babel/helper-globals/-/helper-globals-7.29.7.tgz. Extracting by manifest.
2333 silly tarball no local data for @algolia/requester-node-http@https://registry.npmjs.org/@algolia/requester-node-http/-/requester-node-http-5.56.0.tgz. Extracting by manifest.
2334 silly tarball no local data for @algolia/requester-fetch@https://registry.npmjs.org/@algolia/requester-fetch/-/requester-fetch-5.56.0.tgz. Extracting by manifest.
2335 silly tarball no local data for @babel/helper-member-expression-to-functions@https://registry.npmjs.org/@babel/helper-member-expression-to-functions/-/helper-member-expression-to-functions-7.29.7.tgz. Extracting by manifest.
2336 silly tarball no local data for @algolia/requester-browser-xhr@https://registry.npmjs.org/@algolia/requester-browser-xhr/-/requester-browser-xhr-5.56.0.tgz. Extracting by manifest.
2337 silly tarball no local data for @babel/helper-annotate-as-pure@https://registry.npmjs.org/@babel/helper-annotate-as-pure/-/helper-annotate-as-pure-7.29.7.tgz. Extracting by manifest.
2338 silly tarball no local data for @algolia/client-common@https://registry.npmjs.org/@algolia/client-common/-/client-common-5.56.0.tgz. Extracting by manifest.
2339 silly tarball no local data for @algolia/events@https://registry.npmjs.org/@algolia/events/-/events-4.0.1.tgz. Extracting by manifest.
2340 silly tarball no local data for @webassemblyjs/wasm-gen@https://registry.npmjs.org/@webassemblyjs/wasm-gen/-/wasm-gen-1.14.1.tgz. Extracting by manifest.
2341 silly tarball no local data for @webassemblyjs/ast@https://registry.npmjs.org/@webassemblyjs/ast/-/ast-1.14.1.tgz. Extracting by manifest.
2342 silly tarball no local data for @ungap/structured-clone@https://registry.npmjs.org/@ungap/structured-clone/-/structured-clone-1.3.3.tgz. Extracting by manifest.
2343 silly tarball no local data for @jsonjoy.com/fs-snapshot@https://registry.npmjs.org/@jsonjoy.com/fs-snapshot/-/fs-snapshot-4.68.0.tgz. Extracting by manifest.
2344 silly tarball no local data for @types/serve-static@https://registry.npmjs.org/@types/serve-static/-/serve-static-1.15.10.tgz. Extracting by manifest.
2345 silly tarball no local data for @11ty/gray-matter@https://registry.npmjs.org/@11ty/gray-matter/-/gray-matter-1.0.0.tgz. Extracting by manifest.
2346 silly tarball no local data for @types/node@https://registry.npmjs.org/@types/node/-/node-26.1.1.tgz. Extracting by manifest.
2347 silly tarball no local data for @szmarczak/http-timer@https://registry.npmjs.org/@szmarczak/http-timer/-/http-timer-5.0.1.tgz. Extracting by manifest.
2348 silly tarball no local data for @webassemblyjs/wasm-parser@https://registry.npmjs.org/@webassemblyjs/wasm-parser/-/wasm-parser-1.14.1.tgz. Extracting by manifest.
2349 silly tarball no local data for @pnpm/network.ca-file@https://registry.npmjs.org/@pnpm/network.ca-file/-/network.ca-file-1.0.2.tgz. Extracting by manifest.
2350 silly tarball no local data for @peculiar/asn1-schema@https://registry.npmjs.org/@peculiar/asn1-schema/-/asn1-schema-2.8.0.tgz. Extracting by manifest.
2351 silly tarball no local data for @docusaurus/theme-translations@https://registry.npmjs.org/@docusaurus/theme-translations/-/theme-translations-3.10.2.tgz. Extracting by manifest.
2352 silly tarball no local data for @peculiar/utils@https://registry.npmjs.org/@peculiar/utils/-/utils-2.0.3.tgz. Extracting by manifest.
2353 silly tarball no local data for @peculiar/asn1-rsa@https://registry.npmjs.org/@peculiar/asn1-rsa/-/asn1-rsa-2.8.0.tgz. Extracting by manifest.
2354 silly tarball no local data for @peculiar/asn1-x509@https://registry.npmjs.org/@peculiar/asn1-x509/-/asn1-x509-2.8.0.tgz. Extracting by manifest.
2355 silly tarball no local data for @peculiar/asn1-pkcs9@https://registry.npmjs.org/@peculiar/asn1-pkcs9/-/asn1-pkcs9-2.8.0.tgz. Extracting by manifest.
2356 silly tarball no local data for @peculiar/asn1-pfx@https://registry.npmjs.org/@peculiar/asn1-pfx/-/asn1-pfx-2.8.0.tgz. Extracting by manifest.
2357 silly tarball no local data for @peculiar/asn1-csr@https://registry.npmjs.org/@peculiar/asn1-csr/-/asn1-csr-2.8.0.tgz. Extracting by manifest.
2358 silly tarball no local data for @nodelib/fs.walk@https://registry.npmjs.org/@nodelib/fs.walk/-/fs.walk-1.2.8.tgz. Extracting by manifest.
2359 silly tarball no local data for @peculiar/asn1-x509-attr@https://registry.npmjs.org/@peculiar/asn1-x509-attr/-/asn1-x509-attr-2.8.0.tgz. Extracting by manifest.
2360 silly tarball no local data for @peculiar/asn1-cms@https://registry.npmjs.org/@peculiar/asn1-cms/-/asn1-cms-2.8.0.tgz. Extracting by manifest.
2361 silly tarball no local data for @peculiar/asn1-ecc@https://registry.npmjs.org/@peculiar/asn1-ecc/-/asn1-ecc-2.8.0.tgz. Extracting by manifest.
2362 silly tarball no local data for @nodelib/fs.stat@https://registry.npmjs.org/@nodelib/fs.stat/-/fs.stat-2.0.5.tgz. Extracting by manifest.
2363 silly tarball no local data for @nodelib/fs.scandir@https://registry.npmjs.org/@nodelib/fs.scandir/-/fs.scandir-2.1.5.tgz. Extracting by manifest.
2364 silly tarball no local data for @peculiar/asn1-pkcs8@https://registry.npmjs.org/@peculiar/asn1-pkcs8/-/asn1-pkcs8-2.8.0.tgz. Extracting by manifest.
2365 silly tarball no local data for @jsonjoy.com/util@https://registry.npmjs.org/@jsonjoy.com/util/-/util-1.9.0.tgz. Extracting by manifest.
2366 silly tarball no local data for @jsonjoy.com/json-pack@https://registry.npmjs.org/@jsonjoy.com/json-pack/-/json-pack-1.21.0.tgz. Extracting by manifest.
2367 silly tarball no local data for @jsonjoy.com/json-pointer@https://registry.npmjs.org/@jsonjoy.com/json-pointer/-/json-pointer-1.0.2.tgz. Extracting by manifest.
2368 silly tarball no local data for @jsonjoy.com/fs-node@https://registry.npmjs.org/@jsonjoy.com/fs-node/-/fs-node-4.68.0.tgz. Extracting by manifest.
2369 silly tarball no local data for @jsonjoy.com/fs-core@https://registry.npmjs.org/@jsonjoy.com/fs-core/-/fs-core-4.68.0.tgz. Extracting by manifest.
2370 silly tarball no local data for @jsonjoy.com/fs-node-utils@https://registry.npmjs.org/@jsonjoy.com/fs-node-utils/-/fs-node-utils-4.68.0.tgz. Extracting by manifest.
2371 silly tarball no local data for @jsonjoy.com/buffers@https://registry.npmjs.org/@jsonjoy.com/buffers/-/buffers-17.67.0.tgz. Extracting by manifest.
2372 silly tarball no local data for @jridgewell/gen-mapping@https://registry.npmjs.org/@jridgewell/gen-mapping/-/gen-mapping-0.3.13.tgz. Extracting by manifest.
2373 silly tarball no local data for @jsonjoy.com/fs-node-builtins@https://registry.npmjs.org/@jsonjoy.com/fs-node-builtins/-/fs-node-builtins-4.68.0.tgz. Extracting by manifest.
2374 silly tarball no local data for @jsonjoy.com/base64@https://registry.npmjs.org/@jsonjoy.com/base64/-/base64-1.1.2.tgz. Extracting by manifest.
2375 silly tarball no local data for @mdx-js/mdx@https://registry.npmjs.org/@mdx-js/mdx/-/mdx-3.1.1.tgz. Extracting by manifest.
2376 silly tarball no local data for @docusaurus/utils@https://registry.npmjs.org/@docusaurus/utils/-/utils-3.10.2.tgz. Extracting by manifest.
2377 silly tarball no local data for @jsonjoy.com/codegen@https://registry.npmjs.org/@jsonjoy.com/codegen/-/codegen-1.0.0.tgz. Extracting by manifest.
2378 silly tarball no local data for @babel/helper-create-class-features-plugin@https://registry.npmjs.org/@babel/helper-create-class-features-plugin/-/helper-create-class-features-plugin-7.29.7.tgz. Extracting by manifest.
2379 silly tarball no local data for @docusaurus/theme-search-algolia@https://registry.npmjs.org/@docusaurus/theme-search-algolia/-/theme-search-algolia-3.10.2.tgz. Extracting by manifest.
2380 silly tarball no local data for @babel/helper-create-regexp-features-plugin@https://registry.npmjs.org/@babel/helper-create-regexp-features-plugin/-/helper-create-regexp-features-plugin-7.29.7.tgz. Extracting by manifest.
2381 silly tarball no local data for @jridgewell/resolve-uri@https://registry.npmjs.org/@jridgewell/resolve-uri/-/resolve-uri-3.1.2.tgz. Extracting by manifest.
2382 silly tarball no local data for @docusaurus/theme-common@https://registry.npmjs.org/@docusaurus/theme-common/-/theme-common-3.10.2.tgz. Extracting by manifest.
2383 silly tarball no local data for @docusaurus/plugin-content-blog@https://registry.npmjs.org/@docusaurus/plugin-content-blog/-/plugin-content-blog-3.10.2.tgz. Extracting by manifest.
2384 silly tarball no local data for @docusaurus/theme-classic@https://registry.npmjs.org/@docusaurus/theme-classic/-/theme-classic-3.10.2.tgz. Extracting by manifest.
2385 silly tarball no local data for @docusaurus/plugin-debug@https://registry.npmjs.org/@docusaurus/plugin-debug/-/plugin-debug-3.10.2.tgz. Extracting by manifest.
2386 silly tarball no local data for @docusaurus/mdx-loader@https://registry.npmjs.org/@docusaurus/mdx-loader/-/mdx-loader-3.10.2.tgz. Extracting by manifest.
2387 silly tarball no local data for @docusaurus/plugin-content-docs@https://registry.npmjs.org/@docusaurus/plugin-content-docs/-/plugin-content-docs-3.10.2.tgz. Extracting by manifest.
2388 silly tarball no local data for @docusaurus/bundler@https://registry.npmjs.org/@docusaurus/bundler/-/bundler-3.10.2.tgz. Extracting by manifest.
2389 silly tarball no local data for @babel/helper-compilation-targets@https://registry.npmjs.org/@babel/helper-compilation-targets/-/helper-compilation-targets-7.29.7.tgz. Extracting by manifest.
2390 silly tarball no local data for @docsearch/react@https://registry.npmjs.org/@docsearch/react/-/react-4.7.0.tgz. Extracting by manifest.
2391 silly tarball no local data for @docusaurus/logger@https://registry.npmjs.org/@docusaurus/logger/-/logger-3.10.2.tgz. Extracting by manifest.
2392 silly tarball no local data for @docsearch/core@https://registry.npmjs.org/@docsearch/core/-/core-4.7.0.tgz. Extracting by manifest.
2393 silly tarball no local data for @docusaurus/cssnano-preset@https://registry.npmjs.org/@docusaurus/cssnano-preset/-/cssnano-preset-3.10.2.tgz. Extracting by manifest.
2394 silly tarball no local data for @csstools/postcss-scope-pseudo-class@https://registry.npmjs.org/@csstools/postcss-scope-pseudo-class/-/postcss-scope-pseudo-class-4.0.1.tgz. Extracting by manifest.
2395 silly tarball no local data for @csstools/postcss-is-pseudo-class@https://registry.npmjs.org/@csstools/postcss-is-pseudo-class/-/postcss-is-pseudo-class-5.0.3.tgz. Extracting by manifest.
2396 silly tarball no local data for @docusaurus/core@https://registry.npmjs.org/@docusaurus/core/-/core-3.10.2.tgz. Extracting by manifest.
2397 silly tarball no local data for @csstools/postcss-cascade-layers@https://registry.npmjs.org/@csstools/postcss-cascade-layers/-/postcss-cascade-layers-5.0.2.tgz. Extracting by manifest.
2398 silly tarball no local data for @babel/types@https://registry.npmjs.org/@babel/types/-/types-7.29.8.tgz. Extracting by manifest.
2399 silly tarball no local data for @colors/colors@https://registry.npmjs.org/@colors/colors/-/colors-1.5.0.tgz. Extracting by manifest.
2400 silly tarball no local data for @babel/preset-env@https://registry.npmjs.org/@babel/preset-env/-/preset-env-7.29.7.tgz. Extracting by manifest.
2401 silly tarball no local data for @babel/traverse@https://registry.npmjs.org/@babel/traverse/-/traverse-7.29.8.tgz. Extracting by manifest.
2402 silly tarball no local data for @babel/plugin-transform-runtime@https://registry.npmjs.org/@babel/plugin-transform-runtime/-/plugin-transform-runtime-7.29.7.tgz. Extracting by manifest.
2403 silly tarball no local data for @babel/plugin-transform-regenerator@https://registry.npmjs.org/@babel/plugin-transform-regenerator/-/plugin-transform-regenerator-7.29.8.tgz. Extracting by manifest.
2404 silly tarball no local data for @babel/helper-define-polyfill-provider@https://registry.npmjs.org/@babel/helper-define-polyfill-provider/-/helper-define-polyfill-provider-0.6.8.tgz. Extracting by manifest.
2405 silly tarball no local data for @babel/preset-modules@https://registry.npmjs.org/@babel/preset-modules/-/preset-modules-0.1.6-no-external-plugins.tgz. Extracting by manifest.
2406 silly tarball no local data for wrap-ansi@https://registry.npmjs.org/wrap-ansi/-/wrap-ansi-8.1.0.tgz. Extracting by manifest.
2407 silly tarball no local data for @babel/helpers@https://registry.npmjs.org/@babel/helpers/-/helpers-7.29.7.tgz. Extracting by manifest.
2408 silly tarball no local data for webpack-dev-server@https://registry.npmjs.org/webpack-dev-server/-/webpack-dev-server-5.2.6.tgz. Extracting by manifest.
2409 silly tarball no local data for @babel/runtime@https://registry.npmjs.org/@babel/runtime/-/runtime-7.29.7.tgz. Extracting by manifest.
2410 silly tarball no local data for @babel/core@https://registry.npmjs.org/@babel/core/-/core-7.29.7.tgz. Extracting by manifest.
2411 silly tarball no local data for @babel/generator@https://registry.npmjs.org/@babel/generator/-/generator-7.29.8.tgz. Extracting by manifest.
2412 silly tarball no local data for @algolia/monitoring@https://registry.npmjs.org/@algolia/monitoring/-/monitoring-1.56.0.tgz. Extracting by manifest.
2413 silly tarball no local data for @algolia/recommend@https://registry.npmjs.org/@algolia/recommend/-/recommend-5.56.0.tgz. Extracting by manifest.
2414 silly tarball no local data for @algolia/ingestion@https://registry.npmjs.org/@algolia/ingestion/-/ingestion-1.56.0.tgz. Extracting by manifest.
2415 silly tarball no local data for @algolia/client-query-suggestions@https://registry.npmjs.org/@algolia/client-query-suggestions/-/client-query-suggestions-5.56.0.tgz. Extracting by manifest.
2416 silly tarball no local data for @algolia/client-insights@https://registry.npmjs.org/@algolia/client-insights/-/client-insights-5.56.0.tgz. Extracting by manifest.
2417 silly tarball no local data for @algolia/autocomplete-shared@https://registry.npmjs.org/@algolia/autocomplete-shared/-/autocomplete-shared-1.19.9.tgz. Extracting by manifest.
2418 silly tarball no local data for @algolia/client-personalization@https://registry.npmjs.org/@algolia/client-personalization/-/client-personalization-5.56.0.tgz. Extracting by manifest.
2419 silly tarball no local data for @algolia/abtesting@https://registry.npmjs.org/@algolia/abtesting/-/abtesting-1.22.0.tgz. Extracting by manifest.
2420 silly tarball no local data for @algolia/autocomplete-core@https://registry.npmjs.org/@algolia/autocomplete-core/-/autocomplete-core-1.19.9.tgz. Extracting by manifest.
2421 silly tarball no local data for @algolia/autocomplete-plugin-algolia-insights@https://registry.npmjs.org/@algolia/autocomplete-plugin-algolia-insights/-/autocomplete-plugin-algolia-insights-1.19.9.tgz. Extracting by manifest.
2422 silly tarball no local data for wildcard@https://registry.npmjs.org/wildcard/-/wildcard-2.0.1.tgz. Extracting by manifest.
2423 silly tarball no local data for @algolia/client-search@https://registry.npmjs.org/@algolia/client-search/-/client-search-5.56.0.tgz. Extracting by manifest.
2424 silly tarball no local data for websocket-extensions@https://registry.npmjs.org/websocket-extensions/-/websocket-extensions-0.1.4.tgz. Extracting by manifest.
2425 silly tarball no local data for websocket-driver@https://registry.npmjs.org/websocket-driver/-/websocket-driver-0.7.5.tgz. Extracting by manifest.
2426 silly tarball no local data for @algolia/client-analytics@https://registry.npmjs.org/@algolia/client-analytics/-/client-analytics-5.56.0.tgz. Extracting by manifest.
2427 silly tarball no local data for webpackbar@https://registry.npmjs.org/webpackbar/-/webpackbar-7.0.0.tgz. Extracting by manifest.
2428 silly tarball no local data for wsl-utils@https://registry.npmjs.org/wsl-utils/-/wsl-utils-0.1.0.tgz. Extracting by manifest.
2429 silly tarball no local data for webpack@https://registry.npmjs.org/webpack/-/webpack-5.108.4.tgz. Extracting by manifest.
2430 silly tarball no local data for webpack-sources@https://registry.npmjs.org/webpack-sources/-/webpack-sources-3.5.1.tgz. Extracting by manifest.
2431 silly tarball no local data for webpack-dev-middleware@https://registry.npmjs.org/webpack-dev-middleware/-/webpack-dev-middleware-7.4.5.tgz. Extracting by manifest.
2432 silly tarball no local data for terser@https://registry.npmjs.org/terser/-/terser-5.49.0.tgz. Extracting by manifest.
2433 silly tarball no local data for svgo@https://registry.npmjs.org/svgo/-/svgo-3.3.4.tgz. Extracting by manifest.
2434 silly tarball no local data for uuid@https://registry.npmjs.org/uuid/-/uuid-8.3.2.tgz. Extracting by manifest.
2435 silly tarball no local data for webpack-bundle-analyzer@https://registry.npmjs.org/webpack-bundle-analyzer/-/webpack-bundle-analyzer-4.10.2.tgz. Extracting by manifest.
2436 silly tarball no local data for uri-js@https://registry.npmjs.org/uri-js/-/uri-js-4.4.1.tgz. Extracting by manifest.
2437 silly tarball no local data for @algolia/client-abtesting@https://registry.npmjs.org/@algolia/client-abtesting/-/client-abtesting-5.56.0.tgz. Extracting by manifest.
2438 silly tarball no local data for url-loader@https://registry.npmjs.org/url-loader/-/url-loader-4.1.1.tgz. Extracting by manifest.
2439 silly tarball no local data for type-is@https://registry.npmjs.org/type-is/-/type-is-1.6.18.tgz. Extracting by manifest.
2440 silly tarball no local data for sitemap@https://registry.npmjs.org/sitemap/-/sitemap-7.1.3.tgz. Extracting by manifest.
2441 silly tarball no local data for tiny-invariant@https://registry.npmjs.org/tiny-invariant/-/tiny-invariant-1.3.3.tgz. Extracting by manifest.
2442 silly tarball no local data for tsyringe@https://registry.npmjs.org/tsyringe/-/tsyringe-4.10.0.tgz. Extracting by manifest.
2443 silly tarball no local data for tinypool@https://registry.npmjs.org/tinypool/-/tinypool-1.1.1.tgz. Extracting by manifest.
2444 silly tarball no local data for update-notifier@https://registry.npmjs.org/update-notifier/-/update-notifier-6.0.2.tgz. Extracting by manifest.
2445 silly tarball no local data for terser-webpack-plugin@https://registry.npmjs.org/terser-webpack-plugin/-/terser-webpack-plugin-5.6.1.tgz. Extracting by manifest.
2446 silly tarball no local data for string-width@https://registry.npmjs.org/string-width/-/string-width-5.1.2.tgz. Extracting by manifest.
2447 silly tarball no local data for watchpack@https://registry.npmjs.org/watchpack/-/watchpack-2.5.2.tgz. Extracting by manifest.
2448 silly tarball no local data for rc@https://registry.npmjs.org/rc/-/rc-1.2.8.tgz. Extracting by manifest.
2449 silly tarball no local data for stylehacks@https://registry.npmjs.org/stylehacks/-/stylehacks-6.1.1.tgz. Extracting by manifest.
2450 silly tarball no local data for stringify-entities@https://registry.npmjs.org/stringify-entities/-/stringify-entities-4.0.4.tgz. Extracting by manifest.
2451 silly tarball no local data for source-map-support@https://registry.npmjs.org/source-map-support/-/source-map-support-0.5.21.tgz. Extracting by manifest.
2452 silly tarball no local data for spdy@https://registry.npmjs.org/spdy/-/spdy-4.0.2.tgz. Extracting by manifest.
2453 silly tarball no local data for selfsigned@https://registry.npmjs.org/selfsigned/-/selfsigned-5.5.0.tgz. Extracting by manifest.
2454 silly tarball no local data for send@https://registry.npmjs.org/send/-/send-0.19.2.tgz. Extracting by manifest.
2455 silly tarball no local data for serve-handler@https://registry.npmjs.org/serve-handler/-/serve-handler-6.1.7.tgz. Extracting by manifest.
2456 silly tarball no local data for schema-utils@https://registry.npmjs.org/schema-utils/-/schema-utils-4.3.3.tgz. Extracting by manifest.
2457 silly tarball no local data for serve-index@https://registry.npmjs.org/serve-index/-/serve-index-1.9.2.tgz. Extracting by manifest.
2458 silly tarball no local data for require-like@https://registry.npmjs.org/require-like/-/require-like-0.1.2.tgz. Extracting by manifest.
2459 silly tarball no local data for resolve@https://registry.npmjs.org/resolve/-/resolve-1.22.12.tgz. Extracting by manifest.
2460 silly tarball no local data for renderkid@https://registry.npmjs.org/renderkid/-/renderkid-3.0.0.tgz. Extracting by manifest.
2461 silly tarball no local data for reusify@https://registry.npmjs.org/reusify/-/reusify-1.1.0.tgz. Extracting by manifest.
2462 silly tarball no local data for readable-stream@https://registry.npmjs.org/readable-stream/-/readable-stream-3.6.2.tgz. Extracting by manifest.
2463 silly tarball no local data for react-router-dom@https://registry.npmjs.org/react-router-dom/-/react-router-dom-5.3.4.tgz. Extracting by manifest.
2464 silly tarball no local data for react-loadable-ssr-addon-v5-slorber@https://registry.npmjs.org/react-loadable-ssr-addon-v5-slorber/-/react-loadable-ssr-addon-v5-slorber-1.0.3.tgz. Extracting by manifest.
2465 silly tarball no local data for spdy-transport@https://registry.npmjs.org/spdy-transport/-/spdy-transport-3.0.0.tgz. Extracting by manifest.
2466 silly tarball no local data for prismjs@https://registry.npmjs.org/prismjs/-/prismjs-1.30.0.tgz. Extracting by manifest.
2467 silly tarball no local data for relateurl@https://registry.npmjs.org/relateurl/-/relateurl-0.2.7.tgz. Extracting by manifest.
2468 silly tarball no local data for proxy-addr@https://registry.npmjs.org/proxy-addr/-/proxy-addr-2.0.7.tgz. Extracting by manifest.
2469 silly tarball no local data for raw-body@https://registry.npmjs.org/raw-body/-/raw-body-2.5.3.tgz. Extracting by manifest.
2470 silly tarball no local data for property-information@https://registry.npmjs.org/property-information/-/property-information-7.2.0.tgz. Extracting by manifest.
2471 silly tarball no local data for postcss-selector-not@https://registry.npmjs.org/postcss-selector-not/-/postcss-selector-not-8.0.1.tgz. Extracting by manifest.
2472 silly tarball no local data for pretty-error@https://registry.npmjs.org/pretty-error/-/pretty-error-4.0.0.tgz. Extracting by manifest.
2473 silly tarball no local data for prompts@https://registry.npmjs.org/prompts/-/prompts-2.4.2.tgz. Extracting by manifest.
2474 silly tarball no local data for postcss-zindex@https://registry.npmjs.org/postcss-zindex/-/postcss-zindex-6.0.2.tgz. Extracting by manifest.
2475 silly tarball no local data for postcss-pseudo-class-any-link@https://registry.npmjs.org/postcss-pseudo-class-any-link/-/postcss-pseudo-class-any-link-10.0.1.tgz. Extracting by manifest.
2476 silly tarball no local data for postcss-modules-local-by-default@https://registry.npmjs.org/postcss-modules-local-by-default/-/postcss-modules-local-by-default-4.2.0.tgz. Extracting by manifest.
2477 silly tarball no local data for postcss-svgo@https://registry.npmjs.org/postcss-svgo/-/postcss-svgo-6.0.3.tgz. Extracting by manifest.
2478 silly tarball no local data for react-json-view-lite@https://registry.npmjs.org/react-json-view-lite/-/react-json-view-lite-2.5.0.tgz. Extracting by manifest.
2479 silly tarball no local data for postcss-selector-parser@https://registry.npmjs.org/postcss-selector-parser/-/postcss-selector-parser-6.1.4.tgz. Extracting by manifest.
2480 silly tarball no local data for parse-entities@https://registry.npmjs.org/parse-entities/-/parse-entities-4.0.2.tgz. Extracting by manifest.
2481 silly tarball no local data for postcss-reduce-initial@https://registry.npmjs.org/postcss-reduce-initial/-/postcss-reduce-initial-6.1.0.tgz. Extracting by manifest.
2482 silly tarball no local data for postcss-ordered-values@https://registry.npmjs.org/postcss-ordered-values/-/postcss-ordered-values-6.0.2.tgz. Extracting by manifest.
2483 silly tarball no local data for postcss-normalize-repeat-style@https://registry.npmjs.org/postcss-normalize-repeat-style/-/postcss-normalize-repeat-style-6.0.2.tgz. Extracting by manifest.
2484 silly tarball no local data for postcss-modules-scope@https://registry.npmjs.org/postcss-modules-scope/-/postcss-modules-scope-3.2.1.tgz. Extracting by manifest.
2485 silly tarball no local data for postcss-reduce-idents@https://registry.npmjs.org/postcss-reduce-idents/-/postcss-reduce-idents-6.0.3.tgz. Extracting by manifest.
2486 silly tarball no local data for postcss-normalize-display-values@https://registry.npmjs.org/postcss-normalize-display-values/-/postcss-normalize-display-values-6.0.2.tgz. Extracting by manifest.
2487 silly tarball no local data for postcss-nesting@https://registry.npmjs.org/postcss-nesting/-/postcss-nesting-13.0.2.tgz. Extracting by manifest.
2488 silly tarball no local data for postcss-minify-font-values@https://registry.npmjs.org/postcss-minify-font-values/-/postcss-minify-font-values-6.1.0.tgz. Extracting by manifest.
2489 silly tarball no local data for postcss-merge-rules@https://registry.npmjs.org/postcss-merge-rules/-/postcss-merge-rules-6.1.1.tgz. Extracting by manifest.
2490 silly tarball no local data for postcss-minify-selectors@https://registry.npmjs.org/postcss-minify-selectors/-/postcss-minify-selectors-6.0.4.tgz. Extracting by manifest.
2491 silly tarball no local data for postcss-merge-longhand@https://registry.npmjs.org/postcss-merge-longhand/-/postcss-merge-longhand-6.0.5.tgz. Extracting by manifest.
2492 silly tarball no local data for postcss-focus-visible@https://registry.npmjs.org/postcss-focus-visible/-/postcss-focus-visible-10.0.1.tgz. Extracting by manifest.
2493 silly tarball no local data for postcss-custom-selectors@https://registry.npmjs.org/postcss-custom-selectors/-/postcss-custom-selectors-8.0.5.tgz. Extracting by manifest.
2494 silly tarball no local data for postcss-convert-values@https://registry.npmjs.org/postcss-convert-values/-/postcss-convert-values-6.1.0.tgz. Extracting by manifest.
2495 silly tarball no local data for postcss-dir-pseudo-class@https://registry.npmjs.org/postcss-dir-pseudo-class/-/postcss-dir-pseudo-class-9.0.1.tgz. Extracting by manifest.
2496 silly tarball no local data for postcss-discard-comments@https://registry.npmjs.org/postcss-discard-comments/-/postcss-discard-comments-6.0.2.tgz. Extracting by manifest.
2497 silly tarball no local data for parse5-htmlparser2-tree-adapter@https://registry.npmjs.org/parse5-htmlparser2-tree-adapter/-/parse5-htmlparser2-tree-adapter-7.1.0.tgz. Extracting by manifest.
2498 silly tarball no local data for postcss-calc@https://registry.npmjs.org/postcss-calc/-/postcss-calc-9.0.1.tgz. Extracting by manifest.
2499 silly tarball no local data for postcss-focus-within@https://registry.npmjs.org/postcss-focus-within/-/postcss-focus-within-9.0.1.tgz. Extracting by manifest.
2500 silly tarball no local data for object-inspect@https://registry.npmjs.org/object-inspect/-/object-inspect-1.13.4.tgz. Extracting by manifest.
2501 silly tarball no local data for postcss-attribute-case-insensitive@https://registry.npmjs.org/postcss-attribute-case-insensitive/-/postcss-attribute-case-insensitive-7.0.1.tgz. Extracting by manifest.
2502 silly tarball no local data for nth-check@https://registry.npmjs.org/nth-check/-/nth-check-2.1.1.tgz. Extracting by manifest.
2503 silly tarball no local data for null-loader@https://registry.npmjs.org/null-loader/-/null-loader-4.0.1.tgz. Extracting by manifest.
2504 silly tarball no local data for parse5@https://registry.npmjs.org/parse5/-/parse5-7.3.0.tgz. Extracting by manifest.
2505 silly tarball no local data for micromark-util-subtokenize@https://registry.npmjs.org/micromark-util-subtokenize/-/micromark-util-subtokenize-2.1.0.tgz. Extracting by manifest.
2506 silly tarball no local data for minimizer-webpack-plugin@https://registry.npmjs.org/minimizer-webpack-plugin/-/minimizer-webpack-plugin-5.6.1.tgz. Extracting by manifest.
2507 silly tarball no local data for node-releases@https://registry.npmjs.org/node-releases/-/node-releases-2.0.51.tgz. Extracting by manifest.
2508 silly tarball no local data for micromark-util-sanitize-uri@https://registry.npmjs.org/micromark-util-sanitize-uri/-/micromark-util-sanitize-uri-2.0.1.tgz. Extracting by manifest.
2509 silly tarball no local data for micromark-util-events-to-acorn@https://registry.npmjs.org/micromark-util-events-to-acorn/-/micromark-util-events-to-acorn-2.0.3.tgz. Extracting by manifest.
2510 silly tarball no local data for micromark-util-normalize-identifier@https://registry.npmjs.org/micromark-util-normalize-identifier/-/micromark-util-normalize-identifier-2.0.1.tgz. Extracting by manifest.
2511 silly tarball no local data for mini-css-extract-plugin@https://registry.npmjs.org/mini-css-extract-plugin/-/mini-css-extract-plugin-2.10.2.tgz. Extracting by manifest.
2512 silly tarball no local data for micromark-factory-space@https://registry.npmjs.org/micromark-factory-space/-/micromark-factory-space-1.1.0.tgz. Extracting by manifest.
2513 silly tarball no local data for micromark-util-chunked@https://registry.npmjs.org/micromark-util-chunked/-/micromark-util-chunked-2.0.1.tgz. Extracting by manifest.
2514 silly tarball no local data for micromark-util-decode-string@https://registry.npmjs.org/micromark-util-decode-string/-/micromark-util-decode-string-2.0.1.tgz. Extracting by manifest.
2515 silly tarball no local data for micromark-util-character@https://registry.npmjs.org/micromark-util-character/-/micromark-util-character-1.2.0.tgz. Extracting by manifest.
2516 silly tarball no local data for micromark-util-classify-character@https://registry.npmjs.org/micromark-util-classify-character/-/micromark-util-classify-character-2.0.1.tgz. Extracting by manifest.
2517 silly tarball no local data for micromark-util-decode-numeric-character-reference@https://registry.npmjs.org/micromark-util-decode-numeric-character-reference/-/micromark-util-decode-numeric-character-reference-2.0.2.tgz. Extracting by manifest.
2518 silly tarball no local data for micromark-factory-title@https://registry.npmjs.org/micromark-factory-title/-/micromark-factory-title-2.0.1.tgz. Extracting by manifest.
2519 silly tarball no local data for micromark-factory-label@https://registry.npmjs.org/micromark-factory-label/-/micromark-factory-label-2.0.1.tgz. Extracting by manifest.
2520 silly tarball no local data for micromark-factory-destination@https://registry.npmjs.org/micromark-factory-destination/-/micromark-factory-destination-2.0.1.tgz. Extracting by manifest.
2521 silly tarball no local data for micromark-extension-mdxjs-esm@https://registry.npmjs.org/micromark-extension-mdxjs-esm/-/micromark-extension-mdxjs-esm-3.0.0.tgz. Extracting by manifest.
2522 silly tarball no local data for micromark-factory-whitespace@https://registry.npmjs.org/micromark-factory-whitespace/-/micromark-factory-whitespace-2.0.1.tgz. Extracting by manifest.
2523 silly tarball no local data for micromark-factory-mdx-expression@https://registry.npmjs.org/micromark-factory-mdx-expression/-/micromark-factory-mdx-expression-2.0.3.tgz. Extracting by manifest.
2524 silly tarball no local data for micromark-extension-gfm-autolink-literal@https://registry.npmjs.org/micromark-extension-gfm-autolink-literal/-/micromark-extension-gfm-autolink-literal-2.1.0.tgz. Extracting by manifest.
2525 silly tarball no local data for micromark-extension-frontmatter@https://registry.npmjs.org/micromark-extension-frontmatter/-/micromark-extension-frontmatter-2.0.0.tgz. Extracting by manifest.
2526 silly tarball no local data for micromark-extension-mdx-jsx@https://registry.npmjs.org/micromark-extension-mdx-jsx/-/micromark-extension-mdx-jsx-3.0.2.tgz. Extracting by manifest.
2527 silly tarball no local data for micromark-extension-directive@https://registry.npmjs.org/micromark-extension-directive/-/micromark-extension-directive-3.0.2.tgz. Extracting by manifest.
2528 silly tarball no local data for micromark-extension-gfm-strikethrough@https://registry.npmjs.org/micromark-extension-gfm-strikethrough/-/micromark-extension-gfm-strikethrough-2.1.0.tgz. Extracting by manifest.
2529 silly tarball no local data for micromark-extension-mdx-expression@https://registry.npmjs.org/micromark-extension-mdx-expression/-/micromark-extension-mdx-expression-3.0.1.tgz. Extracting by manifest.
2530 silly tarball no local data for micromark-extension-gfm-table@https://registry.npmjs.org/micromark-extension-gfm-table/-/micromark-extension-gfm-table-2.1.1.tgz. Extracting by manifest.
2531 silly tarball no local data for micromark-extension-gfm-task-list-item@https://registry.npmjs.org/micromark-extension-gfm-task-list-item/-/micromark-extension-gfm-task-list-item-2.1.0.tgz. Extracting by manifest.
2532 silly tarball no local data for micromark-extension-gfm-footnote@https://registry.npmjs.org/micromark-extension-gfm-footnote/-/micromark-extension-gfm-footnote-2.1.0.tgz. Extracting by manifest.
2533 silly tarball no local data for mdast-util-gfm-autolink-literal@https://registry.npmjs.org/mdast-util-gfm-autolink-literal/-/mdast-util-gfm-autolink-literal-2.0.1.tgz. Extracting by manifest.
2534 silly tarball no local data for micromark@https://registry.npmjs.org/micromark/-/micromark-4.0.2.tgz. Extracting by manifest.
2535 silly tarball no local data for micromark-core-commonmark@https://registry.npmjs.org/micromark-core-commonmark/-/micromark-core-commonmark-2.0.3.tgz. Extracting by manifest.
2536 silly tarball no local data for memfs@https://registry.npmjs.org/memfs/-/memfs-4.68.0.tgz. Extracting by manifest.
2537 silly tarball no local data for mdast-util-frontmatter@https://registry.npmjs.org/mdast-util-frontmatter/-/mdast-util-frontmatter-2.0.1.tgz. Extracting by manifest.
2538 silly tarball no local data for mdast-util-to-markdown@https://registry.npmjs.org/mdast-util-to-markdown/-/mdast-util-to-markdown-2.1.2.tgz. Extracting by manifest.
2539 silly tarball no local data for mdast-util-to-hast@https://registry.npmjs.org/mdast-util-to-hast/-/mdast-util-to-hast-13.2.1.tgz. Extracting by manifest.
2540 silly tarball no local data for mdast-util-find-and-replace@https://registry.npmjs.org/mdast-util-find-and-replace/-/mdast-util-find-and-replace-3.0.2.tgz. Extracting by manifest.
2541 silly tarball no local data for joi@https://registry.npmjs.org/joi/-/joi-17.13.4.tgz. Extracting by manifest.
2542 silly tarball no local data for mdast-util-from-markdown@https://registry.npmjs.org/mdast-util-from-markdown/-/mdast-util-from-markdown-2.0.3.tgz. Extracting by manifest.
2543 silly tarball no local data for loader-utils@https://registry.npmjs.org/loader-utils/-/loader-utils-2.0.4.tgz. Extracting by manifest.
2544 silly tarball no local data for js-yaml@https://registry.npmjs.org/js-yaml/-/js-yaml-4.3.1.tgz. Extracting by manifest.
2545 silly tarball no local data for is-inside-container@https://registry.npmjs.org/is-inside-container/-/is-inside-container-1.0.0.tgz. Extracting by manifest.
2546 silly tarball no local data for jest-worker@https://registry.npmjs.org/jest-worker/-/jest-worker-29.7.0.tgz. Extracting by manifest.
2547 silly tarball no local data for jiti@https://registry.npmjs.org/jiti/-/jiti-1.21.7.tgz. Extracting by manifest.
2548 silly tarball no local data for http-proxy-middleware@https://registry.npmjs.org/http-proxy-middleware/-/http-proxy-middleware-2.0.10.tgz. Extracting by manifest.
2549 silly tarball no local data for json-schema-traverse@https://registry.npmjs.org/json-schema-traverse/-/json-schema-traverse-1.0.0.tgz. Extracting by manifest.
2550 silly tarball no local data for infima@https://registry.npmjs.org/infima/-/infima-0.2.0-alpha.45.tgz. Extracting by manifest.
2551 silly tarball no local data for image-size@https://registry.npmjs.org/image-size/-/image-size-2.0.2.tgz. Extracting by manifest.
2552 silly tarball no local data for hyperdyperid@https://registry.npmjs.org/hyperdyperid/-/hyperdyperid-1.2.0.tgz. Extracting by manifest.
2553 silly tarball no local data for human-signals@https://registry.npmjs.org/human-signals/-/human-signals-2.1.0.tgz. Extracting by manifest.
2554 silly tarball no local data for http2-wrapper@https://registry.npmjs.org/http2-wrapper/-/http2-wrapper-2.2.1.tgz. Extracting by manifest.
2555 silly tarball no local data for iconv-lite@https://registry.npmjs.org/iconv-lite/-/iconv-lite-0.4.24.tgz. Extracting by manifest.
2556 silly tarball no local data for http-proxy@https://registry.npmjs.org/http-proxy/-/http-proxy-1.18.1.tgz. Extracting by manifest.
2557 silly tarball no local data for htmlparser2@https://registry.npmjs.org/htmlparser2/-/htmlparser2-8.0.2.tgz. Extracting by manifest.
2558 silly tarball no local data for hast-util-to-estree@https://registry.npmjs.org/hast-util-to-estree/-/hast-util-to-estree-3.1.3.tgz. Extracting by manifest.
2559 silly tarball no local data for html-minifier-terser@https://registry.npmjs.org/html-minifier-terser/-/html-minifier-terser-7.2.0.tgz. Extracting by manifest.
2560 silly tarball no local data for has-symbols@https://registry.npmjs.org/has-symbols/-/has-symbols-1.1.0.tgz. Extracting by manifest.
2561 silly tarball no local data for html-webpack-plugin@https://registry.npmjs.org/html-webpack-plugin/-/html-webpack-plugin-5.6.7.tgz. Extracting by manifest.
2562 silly tarball no local data for fs-extra@https://registry.npmjs.org/fs-extra/-/fs-extra-11.3.6.tgz. Extracting by manifest.
2563 silly tarball no local data for form-data-encoder@https://registry.npmjs.org/form-data-encoder/-/form-data-encoder-2.1.4.tgz. Extracting by manifest.
2564 silly tarball no local data for css-tree@https://registry.npmjs.org/css-tree/-/css-tree-2.3.1.tgz. Extracting by manifest.
2565 silly tarball no local data for feed@https://registry.npmjs.org/feed/-/feed-4.2.2.tgz. Extracting by manifest.
2566 silly tarball no local data for got@https://registry.npmjs.org/got/-/got-12.6.1.tgz. Extracting by manifest.
2567 silly tarball no local data for detect-port@https://registry.npmjs.org/detect-port/-/detect-port-2.1.0.tgz. Extracting by manifest.
2568 silly tarball no local data for file-loader@https://registry.npmjs.org/file-loader/-/file-loader-6.2.0.tgz. Extracting by manifest.
2569 silly tarball no local data for finalhandler@https://registry.npmjs.org/finalhandler/-/finalhandler-1.3.2.tgz. Extracting by manifest.
2570 silly tarball no local data for hpack.js@https://registry.npmjs.org/hpack.js/-/hpack.js-2.1.6.tgz. Extracting by manifest.
2571 silly tarball no local data for faye-websocket@https://registry.npmjs.org/faye-websocket/-/faye-websocket-0.11.4.tgz. Extracting by manifest.
2572 silly tarball no local data for express@https://registry.npmjs.org/express/-/express-4.22.2.tgz. Extracting by manifest.
2573 silly tarball no local data for css-select@https://registry.npmjs.org/css-select/-/css-select-5.2.2.tgz. Extracting by manifest.
2574 silly tarball no local data for css-blank-pseudo@https://registry.npmjs.org/css-blank-pseudo/-/css-blank-pseudo-7.0.1.tgz. Extracting by manifest.
2575 silly tarball no local data for fast-glob@https://registry.npmjs.org/fast-glob/-/fast-glob-3.3.3.tgz. Extracting by manifest.
2576 silly tarball no local data for entities@https://registry.npmjs.org/entities/-/entities-4.5.0.tgz. Extracting by manifest.
2577 silly tarball no local data for csso@https://registry.npmjs.org/csso/-/csso-5.0.5.tgz. Extracting by manifest.
2578 silly tarball no local data for css-has-pseudo@https://registry.npmjs.org/css-has-pseudo/-/css-has-pseudo-7.0.3.tgz. Extracting by manifest.
2579 silly tarball no local data for cli-table3@https://registry.npmjs.org/cli-table3/-/cli-table3-0.6.5.tgz. Extracting by manifest.
2580 silly tarball no local data for bonjour-service@https://registry.npmjs.org/bonjour-service/-/bonjour-service-1.4.4.tgz. Extracting by manifest.
2581 silly tarball no local data for crypto-random-string@https://registry.npmjs.org/crypto-random-string/-/crypto-random-string-4.0.0.tgz. Extracting by manifest.
2582 silly tarball no local data for compression@https://registry.npmjs.org/compression/-/compression-1.8.1.tgz. Extracting by manifest.
2583 silly tarball no local data for core-js@https://registry.npmjs.org/core-js/-/core-js-3.49.0.tgz. Extracting by manifest.
2584 silly tarball no local data for clean-css@https://registry.npmjs.org/clean-css/-/clean-css-5.3.3.tgz. Extracting by manifest.
2585 silly tarball no local data for algoliasearch@https://registry.npmjs.org/algoliasearch/-/algoliasearch-5.56.0.tgz. Extracting by manifest.
2586 silly tarball no local data for body-parser@https://registry.npmjs.org/body-parser/-/body-parser-1.20.6.tgz. Extracting by manifest.
2587 silly tarball no local data for ansi-align@https://registry.npmjs.org/ansi-align/-/ansi-align-3.0.1.tgz. Extracting by manifest.
2588 silly tarball no local data for babel-plugin-polyfill-corejs2@https://registry.npmjs.org/babel-plugin-polyfill-corejs2/-/babel-plugin-polyfill-corejs2-0.4.17.tgz. Extracting by manifest.
2589 silly tarball no local data for ajv@https://registry.npmjs.org/ajv/-/ajv-8.20.0.tgz. Extracting by manifest.
2590 silly tarball no local data for accepts@https://registry.npmjs.org/accepts/-/accepts-1.3.8.tgz. Extracting by manifest.
2591 silly tarball no local data for mimic-response@https://registry.npmjs.org/mimic-response/-/mimic-response-3.1.0.tgz. Extracting by manifest.
2592 silly tarball no local data for is-obj@https://registry.npmjs.org/is-obj/-/is-obj-2.0.0.tgz. Extracting by manifest.
2593 silly tarball no local data for slash@https://registry.npmjs.org/slash/-/slash-4.0.0.tgz. Extracting by manifest.
2594 silly tarball no local data for cheerio@https://registry.npmjs.org/cheerio/-/cheerio-1.0.0-rc.12.tgz. Extracting by manifest.
2595 silly tarball no local data for glob-parent@https://registry.npmjs.org/glob-parent/-/glob-parent-6.0.2.tgz. Extracting by manifest.
2596 silly tarball no local data for globby@https://registry.npmjs.org/globby/-/globby-13.2.2.tgz. Extracting by manifest.
2597 silly tarball no local data for ini@https://registry.npmjs.org/ini/-/ini-1.3.8.tgz. Extracting by manifest.
2598 silly tarball no local data for graceful-fs@https://registry.npmjs.org/graceful-fs/-/graceful-fs-4.2.10.tgz. Extracting by manifest.
2599 silly tarball no local data for estraverse@https://registry.npmjs.org/estraverse/-/estraverse-5.3.0.tgz. Extracting by manifest.
2600 silly tarball no local data for semver@https://registry.npmjs.org/semver/-/semver-6.3.1.tgz. Extracting by manifest.
2601 silly tarball no local data for mime-db@https://registry.npmjs.org/mime-db/-/mime-db-1.54.0.tgz. Extracting by manifest.
2602 silly tarball no local data for semver@https://registry.npmjs.org/semver/-/semver-6.3.1.tgz. Extracting by manifest.
2603 silly tarball no local data for semver@https://registry.npmjs.org/semver/-/semver-6.3.1.tgz. Extracting by manifest.
2604 silly tarball no local data for webpack-merge@https://registry.npmjs.org/webpack-merge/-/webpack-merge-6.0.1.tgz. Extracting by manifest.
2605 silly tarball no local data for semver@https://registry.npmjs.org/semver/-/semver-6.3.1.tgz. Extracting by manifest.
2606 silly tarball no local data for semver@https://registry.npmjs.org/semver/-/semver-6.3.1.tgz. Extracting by manifest.
2607 silly tarball no local data for strip-ansi@https://registry.npmjs.org/strip-ansi/-/strip-ansi-7.2.0.tgz. Extracting by manifest.
2608 silly tarball no local data for babel-plugin-polyfill-corejs3@https://registry.npmjs.org/babel-plugin-polyfill-corejs3/-/babel-plugin-polyfill-corejs3-0.14.2.tgz. Extracting by manifest.
2609 silly tarball no local data for postcss-selector-parser@https://registry.npmjs.org/postcss-selector-parser/-/postcss-selector-parser-7.1.5.tgz. Extracting by manifest.
2610 silly tarball no local data for ansi-styles@https://registry.npmjs.org/ansi-styles/-/ansi-styles-6.2.3.tgz. Extracting by manifest.
2611 silly tarball no local data for ansi-regex@https://registry.npmjs.org/ansi-regex/-/ansi-regex-6.2.2.tgz. Extracting by manifest.
2612 silly tarball no local data for postcss-selector-parser@https://registry.npmjs.org/postcss-selector-parser/-/postcss-selector-parser-7.1.5.tgz. Extracting by manifest.
2613 silly tarball no local data for postcss-selector-parser@https://registry.npmjs.org/postcss-selector-parser/-/postcss-selector-parser-7.1.5.tgz. Extracting by manifest.
2614 silly tarball no local data for open@https://registry.npmjs.org/open/-/open-10.2.0.tgz. Extracting by manifest.
2615 silly tarball no local data for semver@https://registry.npmjs.org/semver/-/semver-6.3.1.tgz. Extracting by manifest.
2616 silly tarball no local data for define-lazy-prop@https://registry.npmjs.org/define-lazy-prop/-/define-lazy-prop-3.0.0.tgz. Extracting by manifest.
2617 silly tarball no local data for is-wsl@https://registry.npmjs.org/is-wsl/-/is-wsl-3.1.1.tgz. Extracting by manifest.
2618 silly tarball no local data for range-parser@https://registry.npmjs.org/range-parser/-/range-parser-1.3.0.tgz. Extracting by manifest.
2619 silly tarball no local data for mime-types@https://registry.npmjs.org/mime-types/-/mime-types-3.0.2.tgz. Extracting by manifest.
2620 silly tarball no local data for ws@https://registry.npmjs.org/ws/-/ws-8.21.3.tgz. Extracting by manifest.
2621 silly tarball no local data for mime-db@https://registry.npmjs.org/mime-db/-/mime-db-1.54.0.tgz. Extracting by manifest.
2622 silly tarball no local data for commander@https://registry.npmjs.org/commander/-/commander-2.20.3.tgz. Extracting by manifest.
2623 silly tarball no local data for commander@https://registry.npmjs.org/commander/-/commander-7.2.0.tgz. Extracting by manifest.
2624 silly tarball no local data for commander@https://registry.npmjs.org/commander/-/commander-7.2.0.tgz. Extracting by manifest.
2625 silly tarball no local data for schema-utils@https://registry.npmjs.org/schema-utils/-/schema-utils-3.3.0.tgz. Extracting by manifest.
2626 silly tarball no local data for mime-types@https://registry.npmjs.org/mime-types/-/mime-types-2.1.35.tgz. Extracting by manifest.
2627 silly tarball no local data for mime-db@https://registry.npmjs.org/mime-db/-/mime-db-1.54.0.tgz. Extracting by manifest.
2628 silly tarball no local data for json-schema-traverse@https://registry.npmjs.org/json-schema-traverse/-/json-schema-traverse-0.4.1.tgz. Extracting by manifest.
2629 silly tarball no local data for ajv-keywords@https://registry.npmjs.org/ajv-keywords/-/ajv-keywords-3.5.2.tgz. Extracting by manifest.
2630 silly tarball no local data for ajv@https://registry.npmjs.org/ajv/-/ajv-6.15.0.tgz. Extracting by manifest.
2631 silly tarball no local data for mime-db@https://registry.npmjs.org/mime-db/-/mime-db-1.52.0.tgz. Extracting by manifest.
2632 silly tarball no local data for mime-types@https://registry.npmjs.org/mime-types/-/mime-types-2.1.35.tgz. Extracting by manifest.
2633 silly tarball no local data for mime-db@https://registry.npmjs.org/mime-db/-/mime-db-1.52.0.tgz. Extracting by manifest.
2634 silly tarball no local data for supports-color@https://registry.npmjs.org/supports-color/-/supports-color-8.1.1.tgz. Extracting by manifest.
2635 silly tarball no local data for boxen@https://registry.npmjs.org/boxen/-/boxen-7.1.1.tgz. Extracting by manifest.
2636 silly tarball no local data for chalk@https://registry.npmjs.org/chalk/-/chalk-5.6.2.tgz. Extracting by manifest.
2637 silly tarball no local data for strip-ansi@https://registry.npmjs.org/strip-ansi/-/strip-ansi-7.2.0.tgz. Extracting by manifest.
2638 silly tarball no local data for jest-worker@https://registry.npmjs.org/jest-worker/-/jest-worker-27.5.1.tgz. Extracting by manifest.
2639 silly tarball no local data for ini@https://registry.npmjs.org/ini/-/ini-1.3.8.tgz. Extracting by manifest.
2640 silly tarball no local data for strip-json-comments@https://registry.npmjs.org/strip-json-comments/-/strip-json-comments-2.0.1.tgz. Extracting by manifest.
2641 silly tarball no local data for source-map@https://registry.npmjs.org/source-map/-/source-map-0.6.1.tgz. Extracting by manifest.
2642 silly tarball no local data for camelcase@https://registry.npmjs.org/camelcase/-/camelcase-7.0.1.tgz. Extracting by manifest.
2643 silly tarball no local data for ansi-regex@https://registry.npmjs.org/ansi-regex/-/ansi-regex-6.2.2.tgz. Extracting by manifest.
2644 silly tarball no local data for tslib@https://registry.npmjs.org/tslib/-/tslib-1.14.1.tgz. Extracting by manifest.
2645 silly tarball no local data for statuses@https://registry.npmjs.org/statuses/-/statuses-1.5.0.tgz. Extracting by manifest.
2646 silly tarball no local data for mime-types@https://registry.npmjs.org/mime-types/-/mime-types-2.1.35.tgz. Extracting by manifest.
2647 silly tarball no local data for depd@https://registry.npmjs.org/depd/-/depd-1.1.2.tgz. Extracting by manifest.
2648 silly tarball no local data for path-to-regexp@https://registry.npmjs.org/path-to-regexp/-/path-to-regexp-3.3.0.tgz. Extracting by manifest.
2649 silly tarball no local data for ms@https://registry.npmjs.org/ms/-/ms-2.0.0.tgz. Extracting by manifest.
2650 silly tarball no local data for mime-db@https://registry.npmjs.org/mime-db/-/mime-db-1.52.0.tgz. Extracting by manifest.
2651 silly tarball no local data for debug@https://registry.npmjs.org/debug/-/debug-2.6.9.tgz. Extracting by manifest.
2652 silly tarball no local data for debug@https://registry.npmjs.org/debug/-/debug-2.6.9.tgz. Extracting by manifest.
2653 silly tarball no local data for domutils@https://registry.npmjs.org/domutils/-/domutils-2.8.0.tgz. Extracting by manifest.
2654 silly tarball no local data for entities@https://registry.npmjs.org/entities/-/entities-2.2.0.tgz. Extracting by manifest.
2655 silly tarball no local data for http-errors@https://registry.npmjs.org/http-errors/-/http-errors-1.8.1.tgz. Extracting by manifest.
2656 silly tarball no local data for htmlparser2@https://registry.npmjs.org/htmlparser2/-/htmlparser2-6.1.0.tgz. Extracting by manifest.
2657 silly tarball no local data for range-parser@https://registry.npmjs.org/range-parser/-/range-parser-1.2.1.tgz. Extracting by manifest.
2658 silly tarball no local data for domhandler@https://registry.npmjs.org/domhandler/-/domhandler-4.3.1.tgz. Extracting by manifest.
2659 silly tarball no local data for css-select@https://registry.npmjs.org/css-select/-/css-select-4.3.0.tgz. Extracting by manifest.
2660 silly tarball no local data for ipaddr.js@https://registry.npmjs.org/ipaddr.js/-/ipaddr.js-1.9.1.tgz. Extracting by manifest.
2661 silly tarball no local data for bytes@https://registry.npmjs.org/bytes/-/bytes-3.1.2.tgz. Extracting by manifest.
2662 silly tarball no local data for dom-serializer@https://registry.npmjs.org/dom-serializer/-/dom-serializer-1.4.1.tgz. Extracting by manifest.
2663 silly tarball no local data for postcss-selector-parser@https://registry.npmjs.org/postcss-selector-parser/-/postcss-selector-parser-7.1.5.tgz. Extracting by manifest.
2664 silly tarball no local data for postcss-selector-parser@https://registry.npmjs.org/postcss-selector-parser/-/postcss-selector-parser-7.1.5.tgz. Extracting by manifest.
2665 silly tarball no local data for postcss-selector-parser@https://registry.npmjs.org/postcss-selector-parser/-/postcss-selector-parser-7.1.5.tgz. Extracting by manifest.
2666 silly tarball no local data for postcss-selector-parser@https://registry.npmjs.org/postcss-selector-parser/-/postcss-selector-parser-7.1.5.tgz. Extracting by manifest.
2667 silly tarball no local data for postcss-selector-parser@https://registry.npmjs.org/postcss-selector-parser/-/postcss-selector-parser-7.1.5.tgz. Extracting by manifest.
2668 silly tarball no local data for postcss-selector-parser@https://registry.npmjs.org/postcss-selector-parser/-/postcss-selector-parser-7.1.5.tgz. Extracting by manifest.
2669 silly tarball no local data for micromark-util-symbol@https://registry.npmjs.org/micromark-util-symbol/-/micromark-util-symbol-2.0.1.tgz. Extracting by manifest.
2670 silly tarball no local data for postcss-selector-parser@https://registry.npmjs.org/postcss-selector-parser/-/postcss-selector-parser-7.1.5.tgz. Extracting by manifest.
2671 silly tarball no local data for postcss-selector-parser@https://registry.npmjs.org/postcss-selector-parser/-/postcss-selector-parser-7.1.5.tgz. Extracting by manifest.
2672 silly tarball no local data for postcss-selector-parser@https://registry.npmjs.org/postcss-selector-parser/-/postcss-selector-parser-7.1.5.tgz. Extracting by manifest.
2673 silly tarball no local data for ajv-keywords@https://registry.npmjs.org/ajv-keywords/-/ajv-keywords-3.5.2.tgz. Extracting by manifest.
2674 silly tarball no local data for ajv@https://registry.npmjs.org/ajv/-/ajv-6.15.0.tgz. Extracting by manifest.
2675 silly tarball no local data for entities@https://registry.npmjs.org/entities/-/entities-6.0.1.tgz. Extracting by manifest.
2676 silly tarball no local data for json-schema-traverse@https://registry.npmjs.org/json-schema-traverse/-/json-schema-traverse-0.4.1.tgz. Extracting by manifest.
2677 silly tarball no local data for micromark-util-symbol@https://registry.npmjs.org/micromark-util-symbol/-/micromark-util-symbol-2.0.1.tgz. Extracting by manifest.
2678 silly tarball no local data for schema-utils@https://registry.npmjs.org/schema-utils/-/schema-utils-3.3.0.tgz. Extracting by manifest.
2679 silly tarball no local data for postcss-selector-parser@https://registry.npmjs.org/postcss-selector-parser/-/postcss-selector-parser-7.1.5.tgz. Extracting by manifest.
2680 silly tarball no local data for jest-worker@https://registry.npmjs.org/jest-worker/-/jest-worker-27.5.1.tgz. Extracting by manifest.
2681 silly tarball no local data for supports-color@https://registry.npmjs.org/supports-color/-/supports-color-8.1.1.tgz. Extracting by manifest.
2682 silly tarball no local data for micromark-util-symbol@https://registry.npmjs.org/micromark-util-symbol/-/micromark-util-symbol-2.0.1.tgz. Extracting by manifest.
2683 silly tarball no local data for micromark-util-types@https://registry.npmjs.org/micromark-util-types/-/micromark-util-types-1.1.0.tgz. Extracting by manifest.
2684 silly tarball no local data for micromark-util-character@https://registry.npmjs.org/micromark-util-character/-/micromark-util-character-2.1.1.tgz. Extracting by manifest.
2685 silly tarball no local data for micromark-util-symbol@https://registry.npmjs.org/micromark-util-symbol/-/micromark-util-symbol-2.0.1.tgz. Extracting by manifest.
2686 silly tarball no local data for micromark-util-character@https://registry.npmjs.org/micromark-util-character/-/micromark-util-character-2.1.1.tgz. Extracting by manifest.
2687 silly tarball no local data for micromark-util-symbol@https://registry.npmjs.org/micromark-util-symbol/-/micromark-util-symbol-2.0.1.tgz. Extracting by manifest.
2688 silly tarball no local data for micromark-util-symbol@https://registry.npmjs.org/micromark-util-symbol/-/micromark-util-symbol-2.0.1.tgz. Extracting by manifest.
2689 silly tarball no local data for micromark-util-types@https://registry.npmjs.org/micromark-util-types/-/micromark-util-types-1.1.0.tgz. Extracting by manifest.
2690 silly tarball no local data for micromark-util-symbol@https://registry.npmjs.org/micromark-util-symbol/-/micromark-util-symbol-2.0.1.tgz. Extracting by manifest.
2691 silly tarball no local data for micromark-util-character@https://registry.npmjs.org/micromark-util-character/-/micromark-util-character-2.1.1.tgz. Extracting by manifest.
2692 silly tarball no local data for micromark-factory-space@https://registry.npmjs.org/micromark-factory-space/-/micromark-factory-space-2.0.1.tgz. Extracting by manifest.
2693 silly tarball no local data for micromark-util-character@https://registry.npmjs.org/micromark-util-character/-/micromark-util-character-2.1.1.tgz. Extracting by manifest.
2694 silly tarball no local data for micromark-util-symbol@https://registry.npmjs.org/micromark-util-symbol/-/micromark-util-symbol-2.0.1.tgz. Extracting by manifest.
2695 silly tarball no local data for micromark-util-character@https://registry.npmjs.org/micromark-util-character/-/micromark-util-character-2.1.1.tgz. Extracting by manifest.
2696 silly tarball no local data for micromark-factory-space@https://registry.npmjs.org/micromark-factory-space/-/micromark-factory-space-2.0.1.tgz. Extracting by manifest.
2697 silly tarball no local data for micromark-util-character@https://registry.npmjs.org/micromark-util-character/-/micromark-util-character-2.1.1.tgz. Extracting by manifest.
2698 silly tarball no local data for micromark-util-character@https://registry.npmjs.org/micromark-util-character/-/micromark-util-character-2.1.1.tgz. Extracting by manifest.
2699 silly tarball no local data for micromark-util-symbol@https://registry.npmjs.org/micromark-util-symbol/-/micromark-util-symbol-2.0.1.tgz. Extracting by manifest.
2700 silly tarball no local data for micromark-util-character@https://registry.npmjs.org/micromark-util-character/-/micromark-util-character-2.1.1.tgz. Extracting by manifest.
2701 silly tarball no local data for micromark-util-symbol@https://registry.npmjs.org/micromark-util-symbol/-/micromark-util-symbol-2.0.1.tgz. Extracting by manifest.
2702 silly tarball no local data for micromark-util-symbol@https://registry.npmjs.org/micromark-util-symbol/-/micromark-util-symbol-2.0.1.tgz. Extracting by manifest.
2703 silly tarball no local data for micromark-factory-space@https://registry.npmjs.org/micromark-factory-space/-/micromark-factory-space-2.0.1.tgz. Extracting by manifest.
2704 silly tarball no local data for micromark-util-symbol@https://registry.npmjs.org/micromark-util-symbol/-/micromark-util-symbol-2.0.1.tgz. Extracting by manifest.
2705 silly tarball no local data for micromark-util-symbol@https://registry.npmjs.org/micromark-util-symbol/-/micromark-util-symbol-2.0.1.tgz. Extracting by manifest.
2706 silly tarball no local data for micromark-util-character@https://registry.npmjs.org/micromark-util-character/-/micromark-util-character-2.1.1.tgz. Extracting by manifest.
2707 silly tarball no local data for micromark-util-symbol@https://registry.npmjs.org/micromark-util-symbol/-/micromark-util-symbol-2.0.1.tgz. Extracting by manifest.
2708 silly tarball no local data for micromark-util-symbol@https://registry.npmjs.org/micromark-util-symbol/-/micromark-util-symbol-2.0.1.tgz. Extracting by manifest.
2709 silly tarball no local data for micromark-util-symbol@https://registry.npmjs.org/micromark-util-symbol/-/micromark-util-symbol-2.0.1.tgz. Extracting by manifest.
2710 silly tarball no local data for micromark-util-character@https://registry.npmjs.org/micromark-util-character/-/micromark-util-character-2.1.1.tgz. Extracting by manifest.
2711 silly tarball no local data for micromark-factory-space@https://registry.npmjs.org/micromark-factory-space/-/micromark-factory-space-2.0.1.tgz. Extracting by manifest.
2712 silly tarball no local data for micromark-util-symbol@https://registry.npmjs.org/micromark-util-symbol/-/micromark-util-symbol-2.0.1.tgz. Extracting by manifest.
2713 silly tarball no local data for micromark-util-character@https://registry.npmjs.org/micromark-util-character/-/micromark-util-character-2.1.1.tgz. Extracting by manifest.
2714 silly tarball no local data for micromark-util-symbol@https://registry.npmjs.org/micromark-util-symbol/-/micromark-util-symbol-2.0.1.tgz. Extracting by manifest.
2715 silly tarball no local data for micromark-factory-space@https://registry.npmjs.org/micromark-factory-space/-/micromark-factory-space-2.0.1.tgz. Extracting by manifest.
2716 silly tarball no local data for micromark-util-symbol@https://registry.npmjs.org/micromark-util-symbol/-/micromark-util-symbol-2.0.1.tgz. Extracting by manifest.
2717 silly tarball no local data for micromark-factory-space@https://registry.npmjs.org/micromark-factory-space/-/micromark-factory-space-2.0.1.tgz. Extracting by manifest.
2718 silly tarball no local data for micromark-util-character@https://registry.npmjs.org/micromark-util-character/-/micromark-util-character-2.1.1.tgz. Extracting by manifest.
2719 silly tarball no local data for micromark-util-symbol@https://registry.npmjs.org/micromark-util-symbol/-/micromark-util-symbol-2.0.1.tgz. Extracting by manifest.
2720 silly tarball no local data for micromark-util-symbol@https://registry.npmjs.org/micromark-util-symbol/-/micromark-util-symbol-2.0.1.tgz. Extracting by manifest.
2721 silly tarball no local data for micromark-factory-space@https://registry.npmjs.org/micromark-factory-space/-/micromark-factory-space-2.0.1.tgz. Extracting by manifest.
2722 silly tarball no local data for micromark-util-character@https://registry.npmjs.org/micromark-util-character/-/micromark-util-character-2.1.1.tgz. Extracting by manifest.
2723 silly tarball no local data for micromark-util-character@https://registry.npmjs.org/micromark-util-character/-/micromark-util-character-2.1.1.tgz. Extracting by manifest.
2724 silly tarball no local data for micromark-util-symbol@https://registry.npmjs.org/micromark-util-symbol/-/micromark-util-symbol-2.0.1.tgz. Extracting by manifest.
2725 silly tarball no local data for micromark-factory-space@https://registry.npmjs.org/micromark-factory-space/-/micromark-factory-space-2.0.1.tgz. Extracting by manifest.
2726 silly tarball no local data for micromark-util-symbol@https://registry.npmjs.org/micromark-util-symbol/-/micromark-util-symbol-2.0.1.tgz. Extracting by manifest.
2727 silly tarball no local data for micromark-util-character@https://registry.npmjs.org/micromark-util-character/-/micromark-util-character-2.1.1.tgz. Extracting by manifest.
2728 silly tarball no local data for micromark-util-character@https://registry.npmjs.org/micromark-util-character/-/micromark-util-character-2.1.1.tgz. Extracting by manifest.
2729 silly tarball no local data for micromark-util-symbol@https://registry.npmjs.org/micromark-util-symbol/-/micromark-util-symbol-2.0.1.tgz. Extracting by manifest.
2730 silly tarball no local data for micromark-factory-space@https://registry.npmjs.org/micromark-factory-space/-/micromark-factory-space-2.0.1.tgz. Extracting by manifest.
2731 silly tarball no local data for micromark-factory-space@https://registry.npmjs.org/micromark-factory-space/-/micromark-factory-space-2.0.1.tgz. Extracting by manifest.
2732 silly tarball no local data for micromark-util-character@https://registry.npmjs.org/micromark-util-character/-/micromark-util-character-2.1.1.tgz. Extracting by manifest.
2733 silly tarball no local data for micromark-util-character@https://registry.npmjs.org/micromark-util-character/-/micromark-util-character-2.1.1.tgz. Extracting by manifest.
2734 silly tarball no local data for micromark-util-symbol@https://registry.npmjs.org/micromark-util-symbol/-/micromark-util-symbol-2.0.1.tgz. Extracting by manifest.
2735 silly tarball no local data for micromark-util-character@https://registry.npmjs.org/micromark-util-character/-/micromark-util-character-2.1.1.tgz. Extracting by manifest.
2736 silly tarball no local data for micromark-util-character@https://registry.npmjs.org/micromark-util-character/-/micromark-util-character-2.1.1.tgz. Extracting by manifest.
2737 silly tarball no local data for micromark-util-symbol@https://registry.npmjs.org/micromark-util-symbol/-/micromark-util-symbol-2.0.1.tgz. Extracting by manifest.
2738 silly tarball no local data for escape-string-regexp@https://registry.npmjs.org/escape-string-regexp/-/escape-string-regexp-5.0.0.tgz. Extracting by manifest.
2739 silly tarball no local data for micromark-util-symbol@https://registry.npmjs.org/micromark-util-symbol/-/micromark-util-symbol-2.0.1.tgz. Extracting by manifest.
2740 silly tarball no local data for escape-string-regexp@https://registry.npmjs.org/escape-string-regexp/-/escape-string-regexp-5.0.0.tgz. Extracting by manifest.
2741 silly tarball no local data for commander@https://registry.npmjs.org/commander/-/commander-10.0.1.tgz. Extracting by manifest.
2742 silly tarball no local data for is-docker@https://registry.npmjs.org/is-docker/-/is-docker-3.0.0.tgz. Extracting by manifest.
2743 silly tarball no local data for is-plain-obj@https://registry.npmjs.org/is-plain-obj/-/is-plain-obj-3.0.0.tgz. Extracting by manifest.
2744 silly tarball no local data for supports-color@https://registry.npmjs.org/supports-color/-/supports-color-8.1.1.tgz. Extracting by manifest.
2745 silly tarball no local data for commander@https://registry.npmjs.org/commander/-/commander-8.3.0.tgz. Extracting by manifest.
2746 silly tarball no local data for html-minifier-terser@https://registry.npmjs.org/html-minifier-terser/-/html-minifier-terser-6.1.0.tgz. Extracting by manifest.
2747 silly tarball no local data for micromark-factory-space@https://registry.npmjs.org/micromark-factory-space/-/micromark-factory-space-2.0.1.tgz. Extracting by manifest.
2748 silly tarball no local data for readable-stream@https://registry.npmjs.org/readable-stream/-/readable-stream-2.3.8.tgz. Extracting by manifest.
2749 silly tarball no local data for safe-buffer@https://registry.npmjs.org/safe-buffer/-/safe-buffer-5.1.2.tgz. Extracting by manifest.
2750 silly tarball no local data for isarray@https://registry.npmjs.org/isarray/-/isarray-1.0.0.tgz. Extracting by manifest.
2751 silly tarball no local data for ms@https://registry.npmjs.org/ms/-/ms-2.0.0.tgz. Extracting by manifest.
2752 silly tarball no local data for debug@https://registry.npmjs.org/debug/-/debug-2.6.9.tgz. Extracting by manifest.
2753 silly tarball no local data for string_decoder@https://registry.npmjs.org/string_decoder/-/string_decoder-1.1.1.tgz. Extracting by manifest.
2754 silly tarball no local data for ajv-keywords@https://registry.npmjs.org/ajv-keywords/-/ajv-keywords-3.5.2.tgz. Extracting by manifest.
2755 silly tarball no local data for range-parser@https://registry.npmjs.org/range-parser/-/range-parser-1.2.1.tgz. Extracting by manifest.
2756 silly tarball no local data for ms@https://registry.npmjs.org/ms/-/ms-2.0.0.tgz. Extracting by manifest.
2757 silly tarball no local data for json-schema-traverse@https://registry.npmjs.org/json-schema-traverse/-/json-schema-traverse-0.4.1.tgz. Extracting by manifest.
2758 silly tarball no local data for ajv@https://registry.npmjs.org/ajv/-/ajv-6.15.0.tgz. Extracting by manifest.
2759 silly tarball no local data for path-to-regexp@https://registry.npmjs.org/path-to-regexp/-/path-to-regexp-0.1.13.tgz. Extracting by manifest.
2760 silly tarball no local data for postcss-selector-parser@https://registry.npmjs.org/postcss-selector-parser/-/postcss-selector-parser-7.1.5.tgz. Extracting by manifest.
2761 silly tarball no local data for mdn-data@https://registry.npmjs.org/mdn-data/-/mdn-data-2.0.28.tgz. Extracting by manifest.
2762 silly tarball no local data for debug@https://registry.npmjs.org/debug/-/debug-2.6.9.tgz. Extracting by manifest.
2763 silly tarball no local data for schema-utils@https://registry.npmjs.org/schema-utils/-/schema-utils-3.3.0.tgz. Extracting by manifest.
2764 silly tarball no local data for content-disposition@https://registry.npmjs.org/content-disposition/-/content-disposition-0.5.4.tgz. Extracting by manifest.
2765 silly tarball no local data for string-width@https://registry.npmjs.org/string-width/-/string-width-4.2.3.tgz. Extracting by manifest.
2766 silly tarball no local data for css-tree@https://registry.npmjs.org/css-tree/-/css-tree-2.2.1.tgz. Extracting by manifest.
2767 silly tarball no local data for emoji-regex@https://registry.npmjs.org/emoji-regex/-/emoji-regex-8.0.0.tgz. Extracting by manifest.
2768 silly tarball no local data for postcss-selector-parser@https://registry.npmjs.org/postcss-selector-parser/-/postcss-selector-parser-7.1.5.tgz. Extracting by manifest.
2769 silly tarball no local data for semver@https://registry.npmjs.org/semver/-/semver-6.3.1.tgz. Extracting by manifest.
2770 silly tarball no local data for bytes@https://registry.npmjs.org/bytes/-/bytes-3.1.2.tgz. Extracting by manifest.
2771 silly tarball no local data for ms@https://registry.npmjs.org/ms/-/ms-2.0.0.tgz. Extracting by manifest.
2772 silly tarball no local data for ms@https://registry.npmjs.org/ms/-/ms-2.0.0.tgz. Extracting by manifest.
2773 silly tarball no local data for source-map@https://registry.npmjs.org/source-map/-/source-map-0.6.1.tgz. Extracting by manifest.
2774 silly tarball no local data for debug@https://registry.npmjs.org/debug/-/debug-2.6.9.tgz. Extracting by manifest.
2775 silly tarball no local data for debug@https://registry.npmjs.org/debug/-/debug-2.6.9.tgz. Extracting by manifest.
2776 silly tarball no local data for type-fest@https://registry.npmjs.org/type-fest/-/type-fest-1.4.0.tgz. Extracting by manifest.
2777 silly tarball no local data for string-width@https://registry.npmjs.org/string-width/-/string-width-4.2.3.tgz. Extracting by manifest.
2778 silly tarball no local data for bytes@https://registry.npmjs.org/bytes/-/bytes-3.1.2.tgz. Extracting by manifest.
2779 silly tarball no local data for emoji-regex@https://registry.npmjs.org/emoji-regex/-/emoji-regex-8.0.0.tgz. Extracting by manifest.
2780 silly tarball no local data for mime-types@https://registry.npmjs.org/mime-types/-/mime-types-2.1.35.tgz. Extracting by manifest.
2781 silly tarball no local data for negotiator@https://registry.npmjs.org/negotiator/-/negotiator-0.6.3.tgz. Extracting by manifest.
2782 silly tarball no local data for mime-db@https://registry.npmjs.org/mime-db/-/mime-db-1.52.0.tgz. Extracting by manifest.
2783 http fetch POST 200 https://registry.npmjs.org/-/npm/v1/security/advisories/bulk 602ms
2784 silly audit report {
2784 silly audit report   'serialize-javascript': [
2784 silly audit report     {
2784 silly audit report       id: 1119440,
2784 silly audit report       url: 'https://github.com/advisories/GHSA-qj8w-gfj5-8c6v',
2784 silly audit report       title: 'Serialize JavaScript has CPU Exhaustion Denial of Service via crafted array-like objects',
2784 silly audit report       severity: 'moderate',
2784 silly audit report       vulnerable_versions: '>=5.0.0 <7.0.5',
2784 silly audit report       cwe: [Array],
2784 silly audit report       cvss: [Object]
2784 silly audit report     },
2784 silly audit report     {
2784 silly audit report       id: 1113686,
2784 silly audit report       url: 'https://github.com/advisories/GHSA-5c6j-r48x-rmvq',
2784 silly audit report       title: 'Serialize JavaScript is Vulnerable to RCE via RegExp.flags and Date.prototype.toISOString()',
2784 silly audit report       severity: 'high',
2784 silly audit report       vulnerable_versions: '<=7.0.2',
2784 silly audit report       cwe: [Array],
2784 silly audit report       cvss: [Object]
2784 silly audit report     }
2784 silly audit report   ],
2784 silly audit report   uuid: [
2784 silly audit report     {
2784 silly audit report       id: 1119441,
2784 silly audit report       url: 'https://github.com/advisories/GHSA-w5hq-g745-h8pq',
2784 silly audit report       title: 'uuid: Missing buffer bounds check in v3/v5/v6 when buf is provided',
2784 silly audit report       severity: 'moderate',
2784 silly audit report       vulnerable_versions: '<11.1.1',
2784 silly audit report       cwe: [Array],
2784 silly audit report       cvss: [Object]
2784 silly audit report     }
2784 silly audit report   ]
2784 silly audit report }
2785 silly packumentCache corgi:https://registry.npmjs.org/serialize-javascript cache-miss
2786 silly packumentCache corgi:https://registry.npmjs.org/uuid cache-miss
2787 http fetch GET 200 https://registry.npmjs.org/vfile-location/-/vfile-location-5.0.3.tgz 397ms (cache miss)
2788 http fetch GET 200 https://registry.npmjs.org/yallist/-/yallist-3.1.1.tgz 402ms (cache miss)
2789 http fetch GET 200 https://registry.npmjs.org/write-file-atomic/-/write-file-atomic-3.0.3.tgz 401ms (cache miss)
2790 http fetch GET 200 https://registry.npmjs.org/which/-/which-2.0.2.tgz 396ms (cache miss)
2791 http fetch GET 200 https://registry.npmjs.org/vfile-message/-/vfile-message-4.0.3.tgz 397ms (cache miss)
2792 http fetch GET 200 https://registry.npmjs.org/zwitch/-/zwitch-2.0.4.tgz 403ms (cache miss)
2793 http fetch GET 200 https://registry.npmjs.org/web-namespaces/-/web-namespaces-2.0.1.tgz 398ms (cache miss)
2794 http fetch GET 200 https://registry.npmjs.org/xdg-basedir/-/xdg-basedir-5.1.0.tgz 402ms (cache miss)
2795 http fetch GET 200 https://registry.npmjs.org/value-equal/-/value-equal-1.0.1.tgz 398ms (cache miss)
2796 http fetch GET 200 https://registry.npmjs.org/widest-line/-/widest-line-4.0.1.tgz 398ms (cache miss)
2797 http fetch GET 200 https://registry.npmjs.org/yocto-queue/-/yocto-queue-1.2.2.tgz 404ms (cache miss)
2798 http fetch GET 200 https://registry.npmjs.org/webpack-merge/-/webpack-merge-5.10.0.tgz 408ms (cache miss)
2799 http fetch GET 200 https://registry.npmjs.org/ws/-/ws-7.5.12.tgz 404ms (cache miss)
2800 http fetch GET 200 https://registry.npmjs.org/utils-merge/-/utils-merge-1.0.1.tgz 403ms (cache miss)
2801 http fetch GET 200 https://registry.npmjs.org/xml-js/-/xml-js-1.6.11.tgz 411ms (cache miss)
2802 http fetch GET 200 https://registry.npmjs.org/utila/-/utila-0.4.0.tgz 408ms (cache miss)
2803 http fetch GET 200 https://registry.npmjs.org/utility-types/-/utility-types-3.11.0.tgz 412ms (cache miss)
2804 http fetch GET 200 https://registry.npmjs.org/wbuf/-/wbuf-1.7.3.tgz 412ms (cache miss)
2805 http fetch GET 200 https://registry.npmjs.org/update-browserslist-db/-/update-browserslist-db-1.2.3.tgz 415ms (cache miss)
2806 http fetch GET 200 https://registry.npmjs.org/unpipe/-/unpipe-1.0.0.tgz 418ms (cache miss)
2807 http fetch GET 200 https://registry.npmjs.org/util-deprecate/-/util-deprecate-1.0.2.tgz 418ms (cache miss)
2808 http fetch GET 200 https://registry.npmjs.org/vfile/-/vfile-6.0.3.tgz 424ms (cache miss)
2809 http fetch GET 200 https://registry.npmjs.org/vary/-/vary-1.1.2.tgz 424ms (cache miss)
2810 http fetch GET 200 https://registry.npmjs.org/unist-util-visit-parents/-/unist-util-visit-parents-6.0.2.tgz 427ms (cache miss)
2811 http fetch GET 200 https://registry.npmjs.org/unist-util-stringify-position/-/unist-util-stringify-position-4.0.0.tgz 427ms (cache miss)
2812 http fetch GET 200 https://registry.npmjs.org/unist-util-position/-/unist-util-position-5.0.0.tgz 427ms (cache miss)
2813 http fetch GET 200 https://registry.npmjs.org/unist-util-position-from-estree/-/unist-util-position-from-estree-2.0.0.tgz 429ms (cache miss)
2814 http fetch GET 200 https://registry.npmjs.org/universalify/-/universalify-2.0.1.tgz 439ms (cache miss)
2815 http fetch GET 200 https://registry.npmjs.org/unist-util-is/-/unist-util-is-6.0.1.tgz 441ms (cache miss)
2816 http fetch GET 200 https://registry.npmjs.org/unified/-/unified-11.0.5.tgz 441ms (cache miss)
2817 http fetch GET 200 https://registry.npmjs.org/unist-util-visit/-/unist-util-visit-5.1.0.tgz 445ms (cache miss)
2818 http fetch GET 200 https://registry.npmjs.org/unique-string/-/unique-string-3.0.0.tgz 449ms (cache miss)
2819 http fetch GET 200 https://registry.npmjs.org/unicode-property-aliases-ecmascript/-/unicode-property-aliases-ecmascript-2.2.0.tgz 452ms (cache miss)
2820 http fetch GET 200 https://registry.npmjs.org/typedarray-to-buffer/-/typedarray-to-buffer-3.1.5.tgz 454ms (cache miss)
2821 http fetch GET 200 https://registry.npmjs.org/unicode-match-property-value-ecmascript/-/unicode-match-property-value-ecmascript-2.2.1.tgz 460ms (cache miss)
2822 http fetch GET 200 https://registry.npmjs.org/unicode-match-property-ecmascript/-/unicode-match-property-ecmascript-2.0.0.tgz 462ms (cache miss)
2823 http fetch GET 200 https://registry.npmjs.org/unicode-canonical-property-names-ecmascript/-/unicode-canonical-property-names-ecmascript-2.0.1.tgz 462ms (cache miss)
2824 http fetch GET 200 https://registry.npmjs.org/unicode-emoji-modifier-base/-/unicode-emoji-modifier-base-1.0.0.tgz 463ms (cache miss)
2825 http fetch GET 200 https://registry.npmjs.org/undici-types/-/undici-types-8.3.0.tgz 464ms (cache miss)
2826 http fetch GET 200 https://registry.npmjs.org/tslib/-/tslib-2.8.1.tgz 469ms (cache miss)
2827 http fetch GET 200 https://registry.npmjs.org/trough/-/trough-2.2.0.tgz 472ms (cache miss)
2828 http fetch GET 200 https://registry.npmjs.org/to-regex-range/-/to-regex-range-5.0.1.tgz 483ms (cache miss)
2829 http fetch GET 200 https://registry.npmjs.org/trim-lines/-/trim-lines-3.0.1.tgz 484ms (cache miss)
2830 http fetch GET 200 https://registry.npmjs.org/tiny-warning/-/tiny-warning-1.0.3.tgz 490ms (cache miss)
2831 http fetch GET 200 https://registry.npmjs.org/type-fest/-/type-fest-2.19.0.tgz 490ms (cache miss)
2832 http fetch GET 200 https://registry.npmjs.org/strip-final-newline/-/strip-final-newline-2.0.0.tgz 494ms (cache miss)
2833 http fetch GET 200 https://registry.npmjs.org/totalist/-/totalist-3.0.1.tgz 495ms (cache miss)
2834 http fetch GET 200 https://registry.npmjs.org/style-to-object/-/style-to-object-1.0.14.tgz 498ms (cache miss)
2835 http fetch GET 200 https://registry.npmjs.org/thingies/-/thingies-2.6.1.tgz 499ms (cache miss)
2836 http fetch GET 200 https://registry.npmjs.org/toidentifier/-/toidentifier-1.0.1.tgz 499ms (cache miss)
2837 http fetch GET 200 https://registry.npmjs.org/tree-dump/-/tree-dump-1.1.0.tgz 499ms (cache miss)
2838 http fetch GET 200 https://registry.npmjs.org/svg-parser/-/svg-parser-2.0.4.tgz 500ms (cache miss)
2839 http fetch GET 200 https://registry.npmjs.org/thunky/-/thunky-1.1.0.tgz 505ms (cache miss)
2840 http fetch GET 200 https://registry.npmjs.org/tapable/-/tapable-2.3.3.tgz 508ms (cache miss)
2841 http fetch GET 200 https://registry.npmjs.org/supports-color/-/supports-color-7.2.0.tgz 509ms (cache miss)
2842 http fetch GET 200 https://registry.npmjs.org/style-to-js/-/style-to-js-1.1.21.tgz 521ms (cache miss)
2843 http fetch GET 200 https://registry.npmjs.org/string_decoder/-/string_decoder-1.3.0.tgz 528ms (cache miss)
2844 http fetch GET 200 https://registry.npmjs.org/strip-bom-string/-/strip-bom-string-1.0.0.tgz 529ms (cache miss)
2845 http fetch GET 200 https://registry.npmjs.org/supports-preserve-symlinks-flag/-/supports-preserve-symlinks-flag-1.0.0.tgz 529ms (cache miss)
2846 http fetch GET 200 https://registry.npmjs.org/stringify-object/-/stringify-object-3.3.0.tgz 533ms (cache miss)
2847 http fetch GET 200 https://registry.npmjs.org/strip-ansi/-/strip-ansi-6.0.1.tgz 534ms (cache miss)
2848 http fetch GET 200 https://registry.npmjs.org/strip-json-comments/-/strip-json-comments-3.1.1.tgz 534ms (cache miss)
2849 http fetch GET 200 https://registry.npmjs.org/statuses/-/statuses-2.0.2.tgz 536ms (cache miss)
2850 http fetch GET 200 https://registry.npmjs.org/sort-css-media-queries/-/sort-css-media-queries-2.2.0.tgz 537ms (cache miss)
2851 http fetch GET 200 https://registry.npmjs.org/srcset/-/srcset-4.0.0.tgz 538ms (cache miss)
2852 http fetch GET 200 https://registry.npmjs.org/source-map-js/-/source-map-js-1.2.1.tgz 541ms (cache miss)
2853 http fetch GET 200 https://registry.npmjs.org/std-env/-/std-env-3.10.0.tgz 545ms (cache miss)
2854 http fetch GET 200 https://registry.npmjs.org/source-map/-/source-map-0.7.6.tgz 545ms (cache miss)
2855 http fetch GET 200 https://registry.npmjs.org/space-separated-tokens/-/space-separated-tokens-2.0.2.tgz 546ms (cache miss)
2856 http fetch GET 200 https://registry.npmjs.org/sockjs/-/sockjs-0.3.24.tgz 546ms (cache miss)
2857 http fetch GET 200 https://registry.npmjs.org/slash/-/slash-3.0.0.tgz 555ms (cache miss)
2858 http fetch GET 200 https://registry.npmjs.org/skin-tone/-/skin-tone-2.0.0.tgz 564ms (cache miss)
2859 http fetch GET 200 https://registry.npmjs.org/sirv/-/sirv-2.0.4.tgz 564ms (cache miss)
2860 http fetch GET 200 https://registry.npmjs.org/side-channel-weakmap/-/side-channel-weakmap-1.0.2.tgz 568ms (cache miss)
2861 http fetch GET 200 https://registry.npmjs.org/signal-exit/-/signal-exit-3.0.7.tgz 569ms (cache miss)
2862 http fetch GET 200 https://registry.npmjs.org/sisteransi/-/sisteransi-1.0.5.tgz 570ms (cache miss)
2863 http fetch GET 200 https://registry.npmjs.org/side-channel/-/side-channel-1.1.1.tgz 574ms (cache miss)
2864 http fetch GET 200 https://registry.npmjs.org/snake-case/-/snake-case-3.0.4.tgz 575ms (cache miss)
2865 http fetch GET 200 https://registry.npmjs.org/side-channel-map/-/side-channel-map-1.0.1.tgz 577ms (cache miss)
2866 http fetch GET 200 https://registry.npmjs.org/shebang-command/-/shebang-command-2.0.0.tgz 582ms (cache miss)
2867 http fetch GET 200 https://registry.npmjs.org/side-channel-list/-/side-channel-list-1.0.1.tgz 582ms (cache miss)
2868 http fetch GET 200 https://registry.npmjs.org/shebang-regex/-/shebang-regex-3.0.0.tgz 583ms (cache miss)
2869 http fetch GET 200 https://registry.npmjs.org/shallow-clone/-/shallow-clone-3.0.1.tgz 588ms (cache miss)
2870 http fetch GET 200 https://registry.npmjs.org/shell-quote/-/shell-quote-1.10.0.tgz 590ms (cache miss)
2871 http fetch GET 200 https://registry.npmjs.org/setprototypeof/-/setprototypeof-1.2.0.tgz 590ms (cache miss)
2872 http fetch GET 200 https://registry.npmjs.org/shallowequal/-/shallowequal-1.1.0.tgz 591ms (cache miss)
2873 http fetch GET 200 https://registry.npmjs.org/serve-static/-/serve-static-1.16.3.tgz 600ms (cache miss)
2874 http fetch GET 200 https://registry.npmjs.org/select-hose/-/select-hose-2.0.0.tgz 605ms (cache miss)
2875 http fetch GET 200 https://registry.npmjs.org/serialize-javascript/-/serialize-javascript-6.0.2.tgz 605ms (cache miss)
2876 http fetch GET 200 https://registry.npmjs.org/semver/-/semver-7.8.5.tgz 611ms (cache miss)
2877 http fetch GET 200 https://registry.npmjs.org/semver-diff/-/semver-diff-4.0.0.tgz 611ms (cache miss)
2878 http fetch GET 200 https://registry.npmjs.org/section-matter/-/section-matter-1.0.0.tgz 614ms (cache miss)
2879 http fetch GET 200 https://registry.npmjs.org/sax/-/sax-1.6.1.tgz 615ms (cache miss)
2880 http fetch GET 200 https://registry.npmjs.org/safer-buffer/-/safer-buffer-2.1.2.tgz 614ms (cache miss)
2881 http fetch GET 200 https://registry.npmjs.org/rtlcss/-/rtlcss-4.3.0.tgz 625ms (cache miss)
2882 http fetch GET 200 https://registry.npmjs.org/run-applescript/-/run-applescript-7.1.0.tgz 625ms (cache miss)
2883 http fetch GET 200 https://registry.npmjs.org/scheduler/-/scheduler-0.27.0.tgz 626ms (cache miss)
2884 http fetch GET 200 https://registry.npmjs.org/run-parallel/-/run-parallel-1.2.0.tgz 635ms (cache miss)
2885 http fetch GET 200 https://registry.npmjs.org/resolve-pathname/-/resolve-pathname-3.0.0.tgz 635ms (cache miss)
2886 http fetch GET 200 https://registry.npmjs.org/retry/-/retry-0.13.1.tgz 636ms (cache miss)
2887 http fetch GET 200 https://registry.npmjs.org/resolve-alpn/-/resolve-alpn-1.2.1.tgz 639ms (cache miss)
2888 http fetch GET 200 https://registry.npmjs.org/safe-buffer/-/safe-buffer-5.2.1.tgz 644ms (cache miss)
2889 http fetch GET 200 https://registry.npmjs.org/remark-parse/-/remark-parse-11.0.0.tgz 648ms (cache miss)
2890 http fetch GET 200 https://registry.npmjs.org/responselike/-/responselike-3.0.0.tgz 648ms (cache miss)
2891 http fetch GET 200 https://registry.npmjs.org/resolve-from/-/resolve-from-4.0.0.tgz 648ms (cache miss)
2892 http fetch GET 200 https://registry.npmjs.org/set-function-length/-/set-function-length-1.2.2.tgz 648ms (cache miss)
2893 http fetch GET 200 https://registry.npmjs.org/remark-rehype/-/remark-rehype-11.1.2.tgz 650ms (cache miss)
2894 http fetch GET 200 https://registry.npmjs.org/schema-dts/-/schema-dts-1.1.5.tgz 653ms (cache miss)
2895 http fetch GET 200 https://registry.npmjs.org/remark-stringify/-/remark-stringify-11.0.0.tgz 653ms (cache miss)
2896 http fetch GET 200 https://registry.npmjs.org/require-from-string/-/require-from-string-2.0.2.tgz 657ms (cache miss)
2897 http fetch GET 200 https://registry.npmjs.org/remark-mdx/-/remark-mdx-3.1.1.tgz 657ms (cache miss)
2898 http fetch GET 200 https://registry.npmjs.org/remark-emoji/-/remark-emoji-4.0.1.tgz 665ms (cache miss)
2899 http fetch GET 200 https://registry.npmjs.org/remark-frontmatter/-/remark-frontmatter-5.0.0.tgz 670ms (cache miss)
2900 http fetch GET 200 https://registry.npmjs.org/rehype-recma/-/rehype-recma-1.0.0.tgz 672ms (cache miss)
2901 http fetch GET 200 https://registry.npmjs.org/remark-gfm/-/remark-gfm-4.0.1.tgz 678ms (cache miss)
2902 http fetch GET 200 https://registry.npmjs.org/registry-url/-/registry-url-6.0.1.tgz 684ms (cache miss)
2903 http fetch GET 200 https://registry.npmjs.org/requires-port/-/requires-port-1.0.0.tgz 685ms (cache miss)
2904 http fetch GET 200 https://registry.npmjs.org/remark-directive/-/remark-directive-3.0.1.tgz 686ms (cache miss)
2905 http fetch GET 200 https://registry.npmjs.org/regjsgen/-/regjsgen-0.8.0.tgz 686ms (cache miss)
2906 http fetch GET 200 https://registry.npmjs.org/regexpu-core/-/regexpu-core-6.4.0.tgz 686ms (cache miss)
2907 http fetch GET 200 https://registry.npmjs.org/regjsparser/-/regjsparser-0.13.2.tgz 688ms (cache miss)
2908 http fetch GET 200 https://registry.npmjs.org/registry-auth-token/-/registry-auth-token-5.1.1.tgz 692ms (cache miss)
2909 http fetch GET 200 https://registry.npmjs.org/regenerate/-/regenerate-1.4.2.tgz 692ms (cache miss)
2910 http fetch GET 200 https://registry.npmjs.org/recma-stringify/-/recma-stringify-1.0.0.tgz 692ms (cache miss)
2911 http fetch GET 200 https://registry.npmjs.org/rehype-raw/-/rehype-raw-7.0.0.tgz 696ms (cache miss)
2912 http fetch GET 200 https://registry.npmjs.org/reflect-metadata/-/reflect-metadata-0.2.2.tgz 704ms (cache miss)
2913 http fetch GET 200 https://registry.npmjs.org/recma-jsx/-/recma-jsx-1.0.1.tgz 709ms (cache miss)
2914 http fetch GET 200 https://registry.npmjs.org/recma-build-jsx/-/recma-build-jsx-1.0.0.tgz 715ms (cache miss)
2915 http fetch GET 200 https://registry.npmjs.org/recma-parse/-/recma-parse-1.0.0.tgz 715ms (cache miss)
2916 http fetch GET 200 https://registry.npmjs.org/readdirp/-/readdirp-3.6.0.tgz 724ms (cache miss)
2917 http fetch GET 200 https://registry.npmjs.org/react-fast-compare/-/react-fast-compare-3.2.2.tgz 724ms (cache miss)
2918 http fetch GET 200 https://registry.npmjs.org/react-is/-/react-is-16.13.1.tgz 724ms (cache miss)
2919 http fetch GET 200 https://registry.npmjs.org/range-parser/-/range-parser-1.2.0.tgz 728ms (cache miss)
2920 http fetch GET 200 https://registry.npmjs.org/react-router-config/-/react-router-config-5.1.1.tgz 732ms (cache miss)
2921 http fetch GET 200 https://registry.npmjs.org/react/-/react-19.2.7.tgz 734ms (cache miss)
2922 http fetch GET 200 https://registry.npmjs.org/randombytes/-/randombytes-2.1.0.tgz 734ms (cache miss)
2923 http fetch GET 200 https://registry.npmjs.org/queue-microtask/-/queue-microtask-1.2.3.tgz 742ms (cache miss)
2924 http fetch GET 200 https://registry.npmjs.org/react-router/-/react-router-5.3.4.tgz 743ms (cache miss)
2925 http fetch GET 200 https://registry.npmjs.org/quick-lru/-/quick-lru-5.1.1.tgz 746ms (cache miss)
2926 http fetch GET 200 https://registry.npmjs.org/pvutils/-/pvutils-1.2.0.tgz 760ms (cache miss)
2927 http fetch GET 200 https://registry.npmjs.org/punycode/-/punycode-2.3.1.tgz 760ms (cache miss)
2928 http fetch GET 200 https://registry.npmjs.org/pretty-time/-/pretty-time-1.1.0.tgz 760ms (cache miss)
2929 http fetch GET 200 https://registry.npmjs.org/regenerate-unicode-properties/-/regenerate-unicode-properties-10.2.2.tgz 763ms (cache miss)
2930 http fetch GET 200 https://registry.npmjs.org/pvtsutils/-/pvtsutils-1.3.6.tgz 761ms (cache miss)
2931 http fetch GET 200 https://registry.npmjs.org/proto-list/-/proto-list-1.2.4.tgz 764ms (cache miss)
2932 http fetch GET 200 https://registry.npmjs.org/prop-types/-/prop-types-15.8.1.tgz 764ms (cache miss)
2933 http fetch GET 200 https://registry.npmjs.org/qs/-/qs-6.15.3.tgz 767ms (cache miss)
2934 http fetch GET 200 https://registry.npmjs.org/process-nextick-args/-/process-nextick-args-2.0.1.tgz 770ms (cache miss)
2935 http fetch GET 200 https://registry.npmjs.org/postcss-value-parser/-/postcss-value-parser-4.2.0.tgz 778ms (cache miss)
2936 http fetch GET 200 https://registry.npmjs.org/postcss-sort-media-queries/-/postcss-sort-media-queries-5.2.0.tgz 779ms (cache miss)
2937 http fetch GET 200 https://registry.npmjs.org/pupa/-/pupa-3.3.0.tgz 787ms (cache miss)
2938 http fetch GET 200 https://registry.npmjs.org/prism-react-renderer/-/prism-react-renderer-2.4.1.tgz 787ms (cache miss)
2939 http fetch GET 200 https://registry.npmjs.org/postcss-preset-env/-/postcss-preset-env-10.6.1.tgz 796ms (cache miss)
2940 http fetch GET 200 https://registry.npmjs.org/postcss-page-break/-/postcss-page-break-3.0.4.tgz 796ms (cache miss)
2941 http fetch GET 200 https://registry.npmjs.org/postcss-unique-selectors/-/postcss-unique-selectors-6.0.4.tgz 932ms (cache miss)
2942 http fetch GET 200 https://registry.npmjs.org/postcss-place/-/postcss-place-10.0.0.tgz 935ms (cache miss)
2943 http fetch GET 200 https://registry.npmjs.org/postcss-normalize-timing-functions/-/postcss-normalize-timing-functions-6.0.2.tgz 934ms (cache miss)
2944 http fetch GET 200 https://registry.npmjs.org/postcss-normalize-whitespace/-/postcss-normalize-whitespace-6.0.2.tgz 934ms (cache miss)
2945 http fetch GET 200 https://registry.npmjs.org/postcss-opacity-percentage/-/postcss-opacity-percentage-3.0.0.tgz 935ms (cache miss)
2946 http fetch GET 200 https://registry.npmjs.org/postcss-overflow-shorthand/-/postcss-overflow-shorthand-6.0.0.tgz 936ms (cache miss)
2947 http fetch GET 200 https://registry.npmjs.org/postcss-normalize-unicode/-/postcss-normalize-unicode-6.1.0.tgz 935ms (cache miss)
2948 http fetch GET 200 https://registry.npmjs.org/postcss-replace-overflow-wrap/-/postcss-replace-overflow-wrap-4.0.0.tgz 936ms (cache miss)
2949 http fetch GET 200 https://registry.npmjs.org/postcss-normalize-charset/-/postcss-normalize-charset-6.0.2.tgz 935ms (cache miss)
2950 http fetch GET 200 https://registry.npmjs.org/postcss-reduce-transforms/-/postcss-reduce-transforms-6.0.2.tgz 936ms (cache miss)
2951 http fetch GET 200 https://registry.npmjs.org/postcss-modules-values/-/postcss-modules-values-4.0.0.tgz 935ms (cache miss)
2952 http fetch GET 200 https://registry.npmjs.org/postcss-normalize-url/-/postcss-normalize-url-6.0.2.tgz 936ms (cache miss)
2953 http fetch GET 200 https://registry.npmjs.org/@docusaurus/react-loadable/-/react-loadable-6.0.0.tgz 939ms (cache miss)
2954 http fetch GET 200 https://registry.npmjs.org/@slorber/react-helmet-async/-/react-helmet-async-1.3.0.tgz 948ms (cache miss)
2955 http fetch GET 200 https://registry.npmjs.org/react-dom/-/react-dom-19.2.7.tgz 950ms (cache miss)
2956 http fetch GET 200 https://registry.npmjs.org/postcss-normalize-positions/-/postcss-normalize-positions-6.0.2.tgz 960ms (cache miss)
2957 http fetch GET 200 https://registry.npmjs.org/postcss-gap-properties/-/postcss-gap-properties-6.0.0.tgz 998ms (cache miss)
2958 http fetch GET 200 https://registry.npmjs.org/postcss-lab-function/-/postcss-lab-function-7.0.12.tgz 998ms (cache miss)
2959 http fetch GET 200 https://registry.npmjs.org/postcss-image-set-function/-/postcss-image-set-function-7.0.0.tgz 999ms (cache miss)
2960 http fetch GET 200 https://registry.npmjs.org/postcss-modules-extract-imports/-/postcss-modules-extract-imports-3.1.0.tgz 999ms (cache miss)
2961 http fetch GET 200 https://registry.npmjs.org/postcss-minify-gradients/-/postcss-minify-gradients-6.0.3.tgz 1000ms (cache miss)
2962 http fetch GET 200 https://registry.npmjs.org/postcss-discard-empty/-/postcss-discard-empty-6.0.3.tgz 1004ms (cache miss)
2963 http fetch GET 200 https://registry.npmjs.org/postcss-normalize-string/-/postcss-normalize-string-6.0.2.tgz 1007ms (cache miss)
2964 http fetch GET 200 https://registry.npmjs.org/postcss-minify-params/-/postcss-minify-params-6.1.0.tgz 1008ms (cache miss)
2965 http fetch GET 200 https://registry.npmjs.org/postcss-discard-overridden/-/postcss-discard-overridden-6.0.2.tgz 1006ms (cache miss)
2966 http fetch GET 200 https://registry.npmjs.org/postcss-merge-idents/-/postcss-merge-idents-6.0.3.tgz 1007ms (cache miss)
2967 http fetch GET 200 https://registry.npmjs.org/postcss-discard-unused/-/postcss-discard-unused-6.0.5.tgz 1008ms (cache miss)
2968 http fetch GET 200 https://registry.npmjs.org/postcss-font-variant/-/postcss-font-variant-5.0.0.tgz 1009ms (cache miss)
2969 http fetch GET 200 https://registry.npmjs.org/postcss-discard-duplicates/-/postcss-discard-duplicates-6.0.3.tgz 1009ms (cache miss)
2970 http fetch GET 200 https://registry.npmjs.org/postcss-logical/-/postcss-logical-8.1.0.tgz 1009ms (cache miss)
2971 http fetch GET 200 https://registry.npmjs.org/postcss-double-position-gradients/-/postcss-double-position-gradients-6.0.4.tgz 1010ms (cache miss)
2972 http fetch GET 200 https://registry.npmjs.org/postcss-custom-media/-/postcss-custom-media-11.0.6.tgz 1011ms (cache miss)
2973 http fetch GET 200 https://registry.npmjs.org/postcss-colormin/-/postcss-colormin-6.1.0.tgz 1011ms (cache miss)
2974 http fetch GET 200 https://registry.npmjs.org/pkg-dir/-/pkg-dir-7.0.0.tgz 1011ms (cache miss)
2975 http fetch GET 200 https://registry.npmjs.org/postcss-clamp/-/postcss-clamp-4.1.0.tgz 1011ms (cache miss)
2976 http fetch GET 200 https://registry.npmjs.org/postcss-color-functional-notation/-/postcss-color-functional-notation-7.0.12.tgz 1011ms (cache miss)
2977 http fetch GET 200 https://registry.npmjs.org/postcss-custom-properties/-/postcss-custom-properties-14.0.6.tgz 1012ms (cache miss)
2978 http fetch GET 200 https://registry.npmjs.org/postcss-loader/-/postcss-loader-7.3.4.tgz 1013ms (cache miss)
2979 http fetch GET 200 https://registry.npmjs.org/picomatch/-/picomatch-2.3.2.tgz 1011ms (cache miss)
2980 http fetch GET 200 https://registry.npmjs.org/postcss-color-rebeccapurple/-/postcss-color-rebeccapurple-10.0.0.tgz 1015ms (cache miss)
2981 http fetch GET 200 https://registry.npmjs.org/postcss/-/postcss-8.5.26.tgz 1018ms (cache miss)
2982 http fetch GET 200 https://registry.npmjs.org/path-parse/-/path-parse-1.0.7.tgz 1022ms (cache miss)
2983 http fetch GET 200 https://registry.npmjs.org/picocolors/-/picocolors-1.1.1.tgz 1023ms (cache miss)
2984 http fetch GET 200 https://registry.npmjs.org/path-to-regexp/-/path-to-regexp-1.9.0.tgz 1026ms (cache miss)
2985 http fetch GET 200 https://registry.npmjs.org/postcss-color-hex-alpha/-/postcss-color-hex-alpha-10.0.0.tgz 1033ms (cache miss)
2986 http fetch GET 200 https://registry.npmjs.org/path-is-inside/-/path-is-inside-1.0.2.tgz 1033ms (cache miss)
2987 http fetch GET 200 https://registry.npmjs.org/pkijs/-/pkijs-3.4.0.tgz 1039ms (cache miss)
2988 http fetch GET 200 https://registry.npmjs.org/pascal-case/-/pascal-case-3.1.2.tgz 1038ms (cache miss)
2989 http fetch GET 200 https://registry.npmjs.org/path-key/-/path-key-3.1.1.tgz 1039ms (cache miss)
2990 http fetch GET 200 https://registry.npmjs.org/parent-module/-/parent-module-1.0.1.tgz 1040ms (cache miss)
2991 http fetch GET 200 https://registry.npmjs.org/path-exists/-/path-exists-5.0.0.tgz 1042ms (cache miss)
2992 http fetch GET 200 https://registry.npmjs.org/path-type/-/path-type-4.0.0.tgz 1043ms (cache miss)
2993 http fetch GET 200 https://registry.npmjs.org/parse-numeric-range/-/parse-numeric-range-1.3.0.tgz 1046ms (cache miss)
2994 http fetch GET 200 https://registry.npmjs.org/p-retry/-/p-retry-6.2.1.tgz 1048ms (cache miss)
2995 http fetch GET 200 https://registry.npmjs.org/package-json/-/package-json-8.1.1.tgz 1056ms (cache miss)
2996 http fetch GET 200 https://registry.npmjs.org/p-queue/-/p-queue-6.6.2.tgz 1061ms (cache miss)
2997 http fetch GET 200 https://registry.npmjs.org/param-case/-/param-case-3.0.4.tgz 1063ms (cache miss)
2998 http fetch GET 200 https://registry.npmjs.org/p-limit/-/p-limit-4.0.0.tgz 1064ms (cache miss)
2999 http fetch GET 200 https://registry.npmjs.org/p-map/-/p-map-4.0.0.tgz 1073ms (cache miss)
3000 http fetch GET 200 https://registry.npmjs.org/parseurl/-/parseurl-1.3.3.tgz 1072ms (cache miss)
3001 http fetch GET 200 https://registry.npmjs.org/open/-/open-8.4.2.tgz 1078ms (cache miss)
3002 http fetch GET 200 https://registry.npmjs.org/p-locate/-/p-locate-6.0.0.tgz 1078ms (cache miss)
3003 http fetch GET 200 https://registry.npmjs.org/onetime/-/onetime-5.1.2.tgz 1078ms (cache miss)
3004 http fetch GET 200 https://registry.npmjs.org/parse-json/-/parse-json-5.2.0.tgz 1078ms (cache miss)
3005 http fetch GET 200 https://registry.npmjs.org/p-finally/-/p-finally-1.0.0.tgz 1078ms (cache miss)
3006 http fetch GET 200 https://registry.npmjs.org/p-cancelable/-/p-cancelable-3.0.0.tgz 1078ms (cache miss)
3007 http fetch GET 200 https://registry.npmjs.org/obuf/-/obuf-1.1.2.tgz 1084ms (cache miss)
3008 http fetch GET 200 https://registry.npmjs.org/on-headers/-/on-headers-1.1.0.tgz 1089ms (cache miss)
3009 http fetch GET 200 https://registry.npmjs.org/on-finished/-/on-finished-2.4.1.tgz 1096ms (cache miss)
3010 http fetch GET 200 https://registry.npmjs.org/object.assign/-/object.assign-4.1.7.tgz 1096ms (cache miss)
3011 http fetch GET 200 https://registry.npmjs.org/object-assign/-/object-assign-4.1.1.tgz 1102ms (cache miss)
3012 http fetch GET 200 https://registry.npmjs.org/p-timeout/-/p-timeout-3.2.0.tgz 1104ms (cache miss)
3013 http fetch GET 200 https://registry.npmjs.org/opener/-/opener-1.5.2.tgz 1105ms (cache miss)
3014 http fetch GET 200 https://registry.npmjs.org/normalize-url/-/normalize-url-8.1.1.tgz 1118ms (cache miss)
3015 http fetch GET 200 https://registry.npmjs.org/object-keys/-/object-keys-1.1.1.tgz 1119ms (cache miss)
3016 http fetch GET 200 https://registry.npmjs.org/npm-run-path/-/npm-run-path-4.0.1.tgz 1119ms (cache miss)
3017 http fetch GET 200 https://registry.npmjs.org/nprogress/-/nprogress-0.2.0.tgz 1120ms (cache miss)
3018 http fetch GET 200 https://registry.npmjs.org/multicast-dns/-/multicast-dns-7.2.5.tgz 1119ms (cache miss)
3019 http fetch GET 200 https://registry.npmjs.org/node-emoji/-/node-emoji-2.2.0.tgz 1120ms (cache miss)
3020 http fetch GET 200 https://registry.npmjs.org/normalize-path/-/normalize-path-3.0.0.tgz 1123ms (cache miss)
3021 http fetch GET 200 https://registry.npmjs.org/minimalistic-assert/-/minimalistic-assert-1.0.1.tgz 1122ms (cache miss)
3022 http fetch GET 200 https://registry.npmjs.org/ms/-/ms-2.1.3.tgz 1122ms (cache miss)
3023 http fetch GET 200 https://registry.npmjs.org/mrmime/-/mrmime-2.0.1.tgz 1123ms (cache miss)
3024 http fetch GET 200 https://registry.npmjs.org/neo-async/-/neo-async-2.6.2.tgz 1139ms (cache miss)
3025 http fetch GET 200 https://registry.npmjs.org/negotiator/-/negotiator-0.6.4.tgz 1142ms (cache miss)
3026 http fetch GET 200 https://registry.npmjs.org/no-case/-/no-case-3.0.4.tgz 1142ms (cache miss)
3027 http fetch GET 200 https://registry.npmjs.org/mimic-response/-/mimic-response-4.0.0.tgz 1145ms (cache miss)
3028 http fetch GET 200 https://registry.npmjs.org/mime-types/-/mime-types-2.1.18.tgz 1147ms (cache miss)
3029 http fetch GET 200 https://registry.npmjs.org/mimic-fn/-/mimic-fn-2.1.0.tgz 1147ms (cache miss)
3030 http fetch GET 200 https://registry.npmjs.org/mime-db/-/mime-db-1.33.0.tgz 1153ms (cache miss)
3031 http fetch GET 200 https://registry.npmjs.org/nanoid/-/nanoid-3.3.18.tgz 1154ms (cache miss)
3032 http fetch GET 200 https://registry.npmjs.org/minimist/-/minimist-1.2.8.tgz 1157ms (cache miss)
3033 http fetch GET 200 https://registry.npmjs.org/mime/-/mime-1.6.0.tgz 1159ms (cache miss)
3034 http fetch GET 200 https://registry.npmjs.org/micromark-extension-mdxjs/-/micromark-extension-mdxjs-3.0.0.tgz 1161ms (cache miss)
3035 http fetch GET 200 https://registry.npmjs.org/micromatch/-/micromatch-4.0.8.tgz 1162ms (cache miss)
3036 http fetch GET 200 https://registry.npmjs.org/micromark-util-symbol/-/micromark-util-symbol-1.1.0.tgz 1162ms (cache miss)
3037 http fetch GET 200 https://registry.npmjs.org/micromark-util-encode/-/micromark-util-encode-2.0.1.tgz 1163ms (cache miss)
3038 http fetch GET 200 https://registry.npmjs.org/micromark-util-html-tag-name/-/micromark-util-html-tag-name-2.0.1.tgz 1165ms (cache miss)
3039 http fetch GET 200 https://registry.npmjs.org/micromark-util-resolve-all/-/micromark-util-resolve-all-2.0.1.tgz 1177ms (cache miss)
3040 http fetch GET 200 https://registry.npmjs.org/minimatch/-/minimatch-3.1.5.tgz 1179ms (cache miss)
3041 http fetch GET 200 https://registry.npmjs.org/micromark-extension-gfm-tagfilter/-/micromark-extension-gfm-tagfilter-2.0.0.tgz 1187ms (cache miss)
3042 http fetch GET 200 https://registry.npmjs.org/methods/-/methods-1.1.2.tgz 1188ms (cache miss)
3043 http fetch GET 200 https://registry.npmjs.org/micromark-util-combine-extensions/-/micromark-util-combine-extensions-2.0.1.tgz 1188ms (cache miss)
3044 http fetch GET 200 https://registry.npmjs.org/micromark-extension-mdx-md/-/micromark-extension-mdx-md-2.0.0.tgz 1188ms (cache miss)
3045 http fetch GET 200 https://registry.npmjs.org/micromark-extension-gfm/-/micromark-extension-gfm-3.0.0.tgz 1189ms (cache miss)
3046 http fetch GET 200 https://registry.npmjs.org/merge-stream/-/merge-stream-2.0.0.tgz 1189ms (cache miss)
3047 http fetch GET 200 https://registry.npmjs.org/micromark-util-types/-/micromark-util-types-2.0.2.tgz 1195ms (cache miss)
3048 http fetch GET 200 https://registry.npmjs.org/merge2/-/merge2-1.4.1.tgz 1196ms (cache miss)
3049 http fetch GET 200 https://registry.npmjs.org/mdast-util-to-string/-/mdast-util-to-string-4.0.0.tgz 1195ms (cache miss)
3050 http fetch GET 200 https://registry.npmjs.org/merge-descriptors/-/merge-descriptors-1.0.3.tgz 1195ms (cache miss)
3051 http fetch GET 200 https://registry.npmjs.org/mdn-data/-/mdn-data-2.0.30.tgz 1198ms (cache miss)
3052 http fetch GET 200 https://registry.npmjs.org/mdast-util-mdx/-/mdast-util-mdx-3.0.0.tgz 1209ms (cache miss)
3053 http fetch GET 200 https://registry.npmjs.org/mdast-util-mdx-jsx/-/mdast-util-mdx-jsx-3.2.0.tgz 1209ms (cache miss)
3054 http fetch GET 200 https://registry.npmjs.org/mdast-util-mdx-expression/-/mdast-util-mdx-expression-2.0.1.tgz 1216ms (cache miss)
3055 http fetch GET 200 https://registry.npmjs.org/mdast-util-gfm-task-list-item/-/mdast-util-gfm-task-list-item-2.0.0.tgz 1222ms (cache miss)
3056 http fetch GET 200 https://registry.npmjs.org/mdast-util-phrasing/-/mdast-util-phrasing-4.1.0.tgz 1223ms (cache miss)
3057 http fetch GET 200 https://registry.npmjs.org/media-typer/-/media-typer-0.3.0.tgz 1223ms (cache miss)
3058 http fetch GET 200 https://registry.npmjs.org/math-intrinsics/-/math-intrinsics-1.1.0.tgz 1228ms (cache miss)
3059 http fetch GET 200 https://registry.npmjs.org/mdast-util-gfm-table/-/mdast-util-gfm-table-2.0.0.tgz 1228ms (cache miss)
3060 http fetch GET 200 https://registry.npmjs.org/markdown-table/-/markdown-table-3.0.4.tgz 1229ms (cache miss)
3061 http fetch GET 200 https://registry.npmjs.org/mdast-util-gfm-footnote/-/mdast-util-gfm-footnote-2.1.0.tgz 1229ms (cache miss)
3062 http fetch GET 200 https://registry.npmjs.org/markdown-extensions/-/markdown-extensions-2.0.0.tgz 1229ms (cache miss)
3063 http fetch GET 200 https://registry.npmjs.org/mdast-util-mdxjs-esm/-/mdast-util-mdxjs-esm-2.0.1.tgz 1233ms (cache miss)
3064 http fetch GET 200 https://registry.npmjs.org/mdast-util-directive/-/mdast-util-directive-3.1.0.tgz 1235ms (cache miss)
3065 http fetch GET 200 https://registry.npmjs.org/mdast-util-gfm-strikethrough/-/mdast-util-gfm-strikethrough-2.0.0.tgz 1235ms (cache miss)
3066 http fetch GET 200 https://registry.npmjs.org/lowercase-keys/-/lowercase-keys-3.0.0.tgz 1240ms (cache miss)
3067 http fetch GET 200 https://registry.npmjs.org/loose-envify/-/loose-envify-1.4.0.tgz 1252ms (cache miss)
3068 http fetch GET 200 https://registry.npmjs.org/lru-cache/-/lru-cache-5.1.1.tgz 1265ms (cache miss)
3069 http fetch GET 200 https://registry.npmjs.org/mdast-util-gfm/-/mdast-util-gfm-3.1.0.tgz 1265ms (cache miss)
3070 http fetch GET 200 https://registry.npmjs.org/lines-and-columns/-/lines-and-columns-1.2.4.tgz 1265ms (cache miss)
3071 http fetch GET 200 https://registry.npmjs.org/lodash.memoize/-/lodash.memoize-4.1.2.tgz 1266ms (cache miss)
3072 http fetch GET 200 https://registry.npmjs.org/lodash.uniq/-/lodash.uniq-4.5.0.tgz 1266ms (cache miss)
3073 http fetch GET 200 https://registry.npmjs.org/lodash.debounce/-/lodash.debounce-4.0.8.tgz 1266ms (cache miss)
3074 http fetch GET 200 https://registry.npmjs.org/lower-case/-/lower-case-2.0.2.tgz 1266ms (cache miss)
3075 http fetch GET 200 https://registry.npmjs.org/longest-streak/-/longest-streak-3.1.0.tgz 1277ms (cache miss)
3076 http fetch GET 200 https://registry.npmjs.org/leven/-/leven-3.1.0.tgz 1279ms (cache miss)
3077 http fetch GET 200 https://registry.npmjs.org/latest-version/-/latest-version-7.0.0.tgz 1280ms (cache miss)
3078 http fetch GET 200 https://registry.npmjs.org/launch-editor/-/launch-editor-2.14.1.tgz 1280ms (cache miss)
3079 http fetch GET 200 https://registry.npmjs.org/lilconfig/-/lilconfig-3.1.3.tgz 1280ms (cache miss)
3080 http fetch GET 200 https://registry.npmjs.org/keyv/-/keyv-4.5.4.tgz 1289ms (cache miss)
3081 http fetch GET 200 https://registry.npmjs.org/locate-path/-/locate-path-7.2.0.tgz 1290ms (cache miss)
3082 http fetch GET 200 https://registry.npmjs.org/loader-runner/-/loader-runner-4.3.2.tgz 1294ms (cache miss)
3083 http fetch GET 200 https://registry.npmjs.org/kind-of/-/kind-of-6.0.3.tgz 1299ms (cache miss)
3084 http fetch GET 200 https://registry.npmjs.org/jsonfile/-/jsonfile-6.2.1.tgz 1300ms (cache miss)
3085 http fetch GET 200 https://registry.npmjs.org/json5/-/json5-2.2.3.tgz 1306ms (cache miss)
3086 http fetch GET 200 https://registry.npmjs.org/json-buffer/-/json-buffer-3.0.1.tgz 1308ms (cache miss)
3087 http fetch GET 200 https://registry.npmjs.org/js-tokens/-/js-tokens-4.0.0.tgz 1308ms (cache miss)
3088 http fetch GET 200 https://registry.npmjs.org/kleur/-/kleur-3.0.3.tgz 1308ms (cache miss)
3089 http fetch GET 200 https://registry.npmjs.org/jsesc/-/jsesc-3.1.0.tgz 1308ms (cache miss)
3090 http fetch GET 200 https://registry.npmjs.org/isarray/-/isarray-0.0.1.tgz 1311ms (cache miss)
3091 http fetch GET 200 https://registry.npmjs.org/isexe/-/isexe-2.0.0.tgz 1312ms (cache miss)
3092 http fetch GET 200 https://registry.npmjs.org/jest-util/-/jest-util-29.7.0.tgz 1315ms (cache miss)
3093 http fetch GET 200 https://registry.npmjs.org/isobject/-/isobject-3.0.1.tgz 1321ms (cache miss)
3094 http fetch GET 200 https://registry.npmjs.org/is-yarn-global/-/is-yarn-global-0.4.1.tgz 1322ms (cache miss)
3095 http fetch GET 200 https://registry.npmjs.org/json-parse-even-better-errors/-/json-parse-even-better-errors-2.3.1.tgz 1325ms (cache miss)
3096 http fetch GET 200 https://registry.npmjs.org/is-wsl/-/is-wsl-2.2.0.tgz 1327ms (cache miss)
3097 http fetch GET 200 https://registry.npmjs.org/is-number/-/is-number-7.0.0.tgz 1332ms (cache miss)
3098 http fetch GET 200 https://registry.npmjs.org/is-regexp/-/is-regexp-1.0.0.tgz 1333ms (cache miss)
3099 http fetch GET 200 https://registry.npmjs.org/is-typedarray/-/is-typedarray-1.0.0.tgz 1338ms (cache miss)
3100 http fetch GET 200 https://registry.npmjs.org/is-plain-object/-/is-plain-object-2.0.4.tgz 1342ms (cache miss)
3101 http fetch GET 200 https://registry.npmjs.org/is-stream/-/is-stream-2.0.1.tgz 1364ms (cache miss)
3102 http fetch GET 200 https://registry.npmjs.org/is-plain-obj/-/is-plain-obj-4.1.0.tgz 1364ms (cache miss)
3103 http fetch GET 200 https://registry.npmjs.org/is-installed-globally/-/is-installed-globally-0.4.0.tgz 1365ms (cache miss)
3104 http fetch GET 200 https://registry.npmjs.org/is-obj/-/is-obj-1.0.1.tgz 1365ms (cache miss)
3105 http fetch GET 200 https://registry.npmjs.org/is-path-inside/-/is-path-inside-3.0.3.tgz 1365ms (cache miss)
3106 http fetch GET 200 https://registry.npmjs.org/is-network-error/-/is-network-error-1.3.2.tgz 1365ms (cache miss)
3107 http fetch GET 200 https://registry.npmjs.org/is-glob/-/is-glob-4.0.3.tgz 1365ms (cache miss)
3108 http fetch GET 200 https://registry.npmjs.org/is-hexadecimal/-/is-hexadecimal-2.0.1.tgz 1366ms (cache miss)
3109 http fetch GET 200 https://registry.npmjs.org/is-npm/-/is-npm-6.1.0.tgz 1365ms (cache miss)
3110 http fetch GET 200 https://registry.npmjs.org/is-extglob/-/is-extglob-2.1.1.tgz 1371ms (cache miss)
3111 http fetch GET 200 https://registry.npmjs.org/is-decimal/-/is-decimal-2.0.1.tgz 1371ms (cache miss)
3112 http fetch GET 200 https://registry.npmjs.org/is-fullwidth-code-point/-/is-fullwidth-code-point-3.0.0.tgz 1372ms (cache miss)
3113 http fetch GET 200 https://registry.npmjs.org/is-binary-path/-/is-binary-path-2.1.0.tgz 1373ms (cache miss)
3114 http fetch GET 200 https://registry.npmjs.org/is-docker/-/is-docker-2.2.1.tgz 1374ms (cache miss)
3115 http fetch GET 200 https://registry.npmjs.org/is-ci/-/is-ci-3.0.1.tgz 1375ms (cache miss)
3116 http fetch GET 200 https://registry.npmjs.org/is-core-module/-/is-core-module-2.16.2.tgz 1378ms (cache miss)
3117 http fetch GET 200 https://registry.npmjs.org/is-extendable/-/is-extendable-0.1.1.tgz 1378ms (cache miss)
3118 http fetch GET 200 https://registry.npmjs.org/inline-style-parser/-/inline-style-parser-0.2.7.tgz 1389ms (cache miss)
3119 http fetch GET 200 https://registry.npmjs.org/is-alphabetical/-/is-alphabetical-2.0.1.tgz 1393ms (cache miss)
3120 http fetch GET 200 https://registry.npmjs.org/is-arrayish/-/is-arrayish-0.2.1.tgz 1393ms (cache miss)
3121 http fetch GET 200 https://registry.npmjs.org/ipaddr.js/-/ipaddr.js-2.5.0.tgz 1394ms (cache miss)
3122 http fetch GET 200 https://registry.npmjs.org/invariant/-/invariant-2.2.4.tgz 1394ms (cache miss)
3123 http fetch GET 200 https://registry.npmjs.org/is-alphanumerical/-/is-alphanumerical-2.0.1.tgz 1396ms (cache miss)
3124 http fetch GET 200 https://registry.npmjs.org/import-lazy/-/import-lazy-4.0.0.tgz 1399ms (cache miss)
3125 http fetch GET 200 https://registry.npmjs.org/imurmurhash/-/imurmurhash-0.1.4.tgz 1400ms (cache miss)
3126 http fetch GET 200 https://registry.npmjs.org/inherits/-/inherits-2.0.4.tgz 1400ms (cache miss)
3127 http fetch GET 200 https://registry.npmjs.org/lodash/-/lodash-4.18.1.tgz 1409ms (cache miss)
3128 http fetch GET 200 https://registry.npmjs.org/import-fresh/-/import-fresh-3.3.1.tgz 1404ms (cache miss)
3129 http fetch GET 200 https://registry.npmjs.org/icss-utils/-/icss-utils-5.1.0.tgz 1407ms (cache miss)
3130 http fetch GET 200 https://registry.npmjs.org/http-parser-js/-/http-parser-js-0.5.10.tgz 1421ms (cache miss)
3131 http fetch GET 200 https://registry.npmjs.org/ignore/-/ignore-5.3.2.tgz 1422ms (cache miss)
3132 http fetch GET 200 https://registry.npmjs.org/indent-string/-/indent-string-4.0.0.tgz 1428ms (cache miss)
3133 http fetch GET 200 https://registry.npmjs.org/ini/-/ini-2.0.0.tgz 1428ms (cache miss)
3134 http fetch GET 200 https://registry.npmjs.org/html-escaper/-/html-escaper-2.0.2.tgz 1427ms (cache miss)
3135 http fetch GET 200 https://registry.npmjs.org/http-deceiver/-/http-deceiver-1.2.7.tgz 1427ms (cache miss)
3136 http fetch GET 200 https://registry.npmjs.org/hoist-non-react-statics/-/hoist-non-react-statics-3.3.2.tgz 1428ms (cache miss)
3137 http fetch GET 200 https://registry.npmjs.org/html-void-elements/-/html-void-elements-3.0.0.tgz 1430ms (cache miss)
3138 http fetch GET 200 https://registry.npmjs.org/http-cache-semantics/-/http-cache-semantics-4.2.0.tgz 1431ms (cache miss)
3139 http fetch GET 200 https://registry.npmjs.org/hast-util-whitespace/-/hast-util-whitespace-3.0.0.tgz 1430ms (cache miss)
3140 http fetch GET 200 https://registry.npmjs.org/html-tags/-/html-tags-3.3.1.tgz 1435ms (cache miss)
3141 http fetch GET 200 https://registry.npmjs.org/http-errors/-/http-errors-2.0.1.tgz 1435ms (cache miss)
3142 http fetch GET 200 https://registry.npmjs.org/hastscript/-/hastscript-9.0.1.tgz 1437ms (cache miss)
3143 http fetch GET 200 https://registry.npmjs.org/history/-/history-4.10.1.tgz 1440ms (cache miss)
3144 http fetch GET 200 https://registry.npmjs.org/hast-util-to-jsx-runtime/-/hast-util-to-jsx-runtime-2.3.6.tgz 1442ms (cache miss)
3145 http fetch GET 200 https://registry.npmjs.org/has-flag/-/has-flag-4.0.0.tgz 1455ms (cache miss)
3146 http fetch GET 200 https://registry.npmjs.org/hast-util-from-parse5/-/hast-util-from-parse5-8.0.3.tgz 1461ms (cache miss)
3147 http fetch GET 200 https://registry.npmjs.org/hast-util-parse-selector/-/hast-util-parse-selector-4.0.0.tgz 1461ms (cache miss)
3148 http fetch GET 200 https://registry.npmjs.org/hast-util-to-parse5/-/hast-util-to-parse5-8.0.1.tgz 1461ms (cache miss)
3149 http fetch GET 200 https://registry.npmjs.org/has-property-descriptors/-/has-property-descriptors-1.0.2.tgz 1464ms (cache miss)
3150 http fetch GET 200 https://registry.npmjs.org/handle-thing/-/handle-thing-2.0.1.tgz 1468ms (cache miss)
3151 http fetch GET 200 https://registry.npmjs.org/hasown/-/hasown-2.0.4.tgz 1468ms (cache miss)
3152 http fetch GET 200 https://registry.npmjs.org/graceful-fs/-/graceful-fs-4.2.11.tgz 1471ms (cache miss)
3153 http fetch GET 200 https://registry.npmjs.org/hast-util-raw/-/hast-util-raw-9.1.0.tgz 1472ms (cache miss)
3154 http fetch GET 200 https://registry.npmjs.org/gzip-size/-/gzip-size-6.0.0.tgz 1472ms (cache miss)
3155 http fetch GET 200 https://registry.npmjs.org/he/-/he-1.2.0.tgz 1472ms (cache miss)
3156 http fetch GET 200 https://registry.npmjs.org/has-yarn/-/has-yarn-3.0.0.tgz 1473ms (cache miss)
3157 http fetch GET 200 https://registry.npmjs.org/global-dirs/-/global-dirs-3.0.1.tgz 1477ms (cache miss)
3158 http fetch GET 200 https://registry.npmjs.org/gopd/-/gopd-1.2.0.tgz 1477ms (cache miss)
3159 http fetch GET 200 https://registry.npmjs.org/glob-parent/-/glob-parent-5.1.2.tgz 1477ms (cache miss)
3160 http fetch GET 200 https://registry.npmjs.org/function-bind/-/function-bind-1.1.2.tgz 1491ms (cache miss)
3161 http fetch GET 200 https://registry.npmjs.org/get-proto/-/get-proto-1.0.1.tgz 1491ms (cache miss)
3162 http fetch GET 200 https://registry.npmjs.org/get-stream/-/get-stream-6.0.1.tgz 1492ms (cache miss)
3163 http fetch GET 200 https://registry.npmjs.org/get-intrinsic/-/get-intrinsic-1.3.0.tgz 1491ms (cache miss)
3164 http fetch GET 200 https://registry.npmjs.org/glob-to-regex.js/-/glob-to-regex.js-1.2.0.tgz 1498ms (cache miss)
3165 http fetch GET 200 https://registry.npmjs.org/globby/-/globby-11.1.0.tgz 1501ms (cache miss)
3166 http fetch GET 200 https://registry.npmjs.org/fresh/-/fresh-0.5.2.tgz 1503ms (cache miss)
3167 http fetch GET 200 https://registry.npmjs.org/gensync/-/gensync-1.0.0-beta.2.tgz 1508ms (cache miss)
3168 http fetch GET 200 https://registry.npmjs.org/format/-/format-0.2.2.tgz 1507ms (cache miss)
3169 http fetch GET 200 https://registry.npmjs.org/fsevents/-/fsevents-2.3.3.tgz 1508ms (cache miss)
3170 http fetch GET 200 https://registry.npmjs.org/follow-redirects/-/follow-redirects-1.16.0.tgz 1514ms (cache miss)
3171 http fetch GET 200 https://registry.npmjs.org/find-up/-/find-up-6.3.0.tgz 1514ms (cache miss)
3172 http fetch GET 200 https://registry.npmjs.org/github-slugger/-/github-slugger-1.5.0.tgz 1517ms (cache miss)
3173 http fetch GET 200 https://registry.npmjs.org/forwarded/-/forwarded-0.2.0.tgz 1526ms (cache miss)
3174 http fetch GET 200 https://registry.npmjs.org/get-own-enumerable-property-symbols/-/get-own-enumerable-property-symbols-3.0.2.tgz 1526ms (cache miss)
3175 http fetch GET 200 https://registry.npmjs.org/flat/-/flat-5.0.2.tgz 1527ms (cache miss)
3176 http fetch GET 200 https://registry.npmjs.org/fastq/-/fastq-1.20.1.tgz 1527ms (cache miss)
3177 http fetch GET 200 https://registry.npmjs.org/fill-range/-/fill-range-7.1.1.tgz 1528ms (cache miss)
3178 http fetch GET 200 https://registry.npmjs.org/fault/-/fault-2.0.1.tgz 1530ms (cache miss)
3179 http fetch GET 200 https://registry.npmjs.org/fraction.js/-/fraction.js-5.3.4.tgz 1532ms (cache miss)
3180 http fetch GET 200 https://registry.npmjs.org/find-cache-dir/-/find-cache-dir-4.0.0.tgz 1536ms (cache miss)
3181 http fetch GET 200 https://registry.npmjs.org/fast-json-stable-stringify/-/fast-json-stable-stringify-2.1.0.tgz 1539ms (cache miss)
3182 http fetch GET 200 https://registry.npmjs.org/extend-shallow/-/extend-shallow-2.0.1.tgz 1542ms (cache miss)
3183 http fetch GET 200 https://registry.npmjs.org/fast-uri/-/fast-uri-3.1.5.tgz 1545ms (cache miss)
3184 http fetch GET 200 https://registry.npmjs.org/execa/-/execa-5.1.1.tgz 1550ms (cache miss)
3185 http fetch GET 200 https://registry.npmjs.org/eval/-/eval-0.1.8.tgz 1551ms (cache miss)
3186 http fetch GET 200 https://registry.npmjs.org/eventemitter3/-/eventemitter3-4.0.7.tgz 1553ms (cache miss)
3187 http fetch GET 200 https://registry.npmjs.org/esutils/-/esutils-2.0.3.tgz 1556ms (cache miss)
3188 http fetch GET 200 https://registry.npmjs.org/extend/-/extend-3.0.2.tgz 1558ms (cache miss)
3189 http fetch GET 200 https://registry.npmjs.org/etag/-/etag-1.8.1.tgz 1564ms (cache miss)
3190 http fetch GET 200 https://registry.npmjs.org/events/-/events-3.3.0.tgz 1566ms (cache miss)
3191 http fetch GET 200 https://registry.npmjs.org/estree-walker/-/estree-walker-3.0.3.tgz 1569ms (cache miss)
3192 http fetch GET 200 https://registry.npmjs.org/fast-deep-equal/-/fast-deep-equal-3.1.3.tgz 1569ms (cache miss)
3193 http fetch GET 200 https://registry.npmjs.org/eta/-/eta-2.2.0.tgz 1572ms (cache miss)
3194 http fetch GET 200 https://registry.npmjs.org/estree-util-to-js/-/estree-util-to-js-2.0.0.tgz 1575ms (cache miss)
3195 http fetch GET 200 https://registry.npmjs.org/estree-util-scope/-/estree-util-scope-1.0.0.tgz 1575ms (cache miss)
3196 http fetch GET 200 https://registry.npmjs.org/estree-util-build-jsx/-/estree-util-build-jsx-3.0.1.tgz 1579ms (cache miss)
3197 http fetch GET 200 https://registry.npmjs.org/estree-util-is-identifier-name/-/estree-util-is-identifier-name-3.0.0.tgz 1581ms (cache miss)
3198 http fetch GET 200 https://registry.npmjs.org/estree-util-value-to-estree/-/estree-util-value-to-estree-3.5.0.tgz 1585ms (cache miss)
3199 http fetch GET 200 https://registry.npmjs.org/estree-util-visit/-/estree-util-visit-2.0.0.tgz 1588ms (cache miss)
3200 http fetch GET 200 https://registry.npmjs.org/estraverse/-/estraverse-4.3.0.tgz 1591ms (cache miss)
3201 http fetch GET 200 https://registry.npmjs.org/estree-util-attach-comments/-/estree-util-attach-comments-3.0.0.tgz 1592ms (cache miss)
3202 http fetch GET 200 https://registry.npmjs.org/escape-html/-/escape-html-1.0.3.tgz 1597ms (cache miss)
3203 http fetch GET 200 https://registry.npmjs.org/escape-string-regexp/-/escape-string-regexp-4.0.0.tgz 1599ms (cache miss)
3204 http fetch GET 200 https://registry.npmjs.org/esast-util-from-estree/-/esast-util-from-estree-2.0.0.tgz 1601ms (cache miss)
3205 http fetch GET 200 https://registry.npmjs.org/esrecurse/-/esrecurse-4.3.0.tgz 1603ms (cache miss)
3206 http fetch GET 200 https://registry.npmjs.org/eslint-scope/-/eslint-scope-5.1.1.tgz 1604ms (cache miss)
3207 http fetch GET 200 https://registry.npmjs.org/escalade/-/escalade-3.2.0.tgz 1605ms (cache miss)
3208 http fetch GET 200 https://registry.npmjs.org/es-module-lexer/-/es-module-lexer-2.3.1.tgz 1610ms (cache miss)
3209 http fetch GET 200 https://registry.npmjs.org/escape-goat/-/escape-goat-4.0.0.tgz 1610ms (cache miss)
3210 http fetch GET 200 https://registry.npmjs.org/es-object-atoms/-/es-object-atoms-1.1.2.tgz 1615ms (cache miss)
3211 http fetch GET 200 https://registry.npmjs.org/es-define-property/-/es-define-property-1.0.1.tgz 1615ms (cache miss)
3212 http fetch GET 200 https://registry.npmjs.org/esast-util-from-js/-/esast-util-from-js-2.0.1.tgz 1618ms (cache miss)
3213 http fetch GET 200 https://registry.npmjs.org/es-errors/-/es-errors-1.3.0.tgz 1625ms (cache miss)
3214 http fetch GET 200 https://registry.npmjs.org/emoticon/-/emoticon-4.1.0.tgz 1630ms (cache miss)
3215 http fetch GET 200 https://registry.npmjs.org/encodeurl/-/encodeurl-2.0.0.tgz 1630ms (cache miss)
3216 http fetch GET 200 https://registry.npmjs.org/emoji-regex/-/emoji-regex-9.2.2.tgz 1638ms (cache miss)
3217 http fetch GET 200 https://registry.npmjs.org/emojis-list/-/emojis-list-3.0.0.tgz 1638ms (cache miss)
3218 http fetch GET 200 https://registry.npmjs.org/electron-to-chromium/-/electron-to-chromium-1.5.402.tgz 1638ms (cache miss)
3219 http fetch GET 200 https://registry.npmjs.org/emojilib/-/emojilib-2.4.0.tgz 1639ms (cache miss)
3220 http fetch GET 200 https://registry.npmjs.org/enhanced-resolve/-/enhanced-resolve-5.24.2.tgz 1648ms (cache miss)
3221 http fetch GET 200 https://registry.npmjs.org/error-ex/-/error-ex-1.3.4.tgz 1647ms (cache miss)
3222 http fetch GET 200 https://registry.npmjs.org/duplexer/-/duplexer-0.1.2.tgz 1651ms (cache miss)
3223 http fetch GET 200 https://registry.npmjs.org/eastasianwidth/-/eastasianwidth-0.2.0.tgz 1652ms (cache miss)
3224 http fetch GET 200 https://registry.npmjs.org/dot-case/-/dot-case-3.0.4.tgz 1652ms (cache miss)
3225 http fetch GET 200 https://registry.npmjs.org/dot-prop/-/dot-prop-6.0.1.tgz 1657ms (cache miss)
3226 http fetch GET 200 https://registry.npmjs.org/domutils/-/domutils-3.2.2.tgz 1661ms (cache miss)
3227 http fetch GET 200 https://registry.npmjs.org/ee-first/-/ee-first-1.1.1.tgz 1661ms (cache miss)
3228 http fetch GET 200 https://registry.npmjs.org/domhandler/-/domhandler-5.0.3.tgz 1670ms (cache miss)
3229 http fetch GET 200 https://registry.npmjs.org/devlop/-/devlop-1.1.0.tgz 1670ms (cache miss)
3230 http fetch GET 200 https://registry.npmjs.org/domelementtype/-/domelementtype-2.3.0.tgz 1670ms (cache miss)
3231 http fetch GET 200 https://registry.npmjs.org/dom-serializer/-/dom-serializer-2.0.0.tgz 1675ms (cache miss)
3232 http fetch GET 200 https://registry.npmjs.org/detect-node/-/detect-node-2.1.0.tgz 1675ms (cache miss)
3233 http fetch GET 200 https://registry.npmjs.org/dns-packet/-/dns-packet-5.6.1.tgz 1675ms (cache miss)
3234 http fetch GET 200 https://registry.npmjs.org/dunder-proto/-/dunder-proto-1.0.1.tgz 1675ms (cache miss)
3235 http fetch GET 200 https://registry.npmjs.org/depd/-/depd-2.0.0.tgz 1681ms (cache miss)
3236 http fetch GET 200 https://registry.npmjs.org/define-properties/-/define-properties-1.2.1.tgz 1688ms (cache miss)
3237 http fetch GET 200 https://registry.npmjs.org/destroy/-/destroy-1.2.0.tgz 1688ms (cache miss)
3238 http fetch GET 200 https://registry.npmjs.org/dequal/-/dequal-2.0.3.tgz 1689ms (cache miss)
3239 http fetch GET 200 https://registry.npmjs.org/dom-converter/-/dom-converter-0.2.0.tgz 1690ms (cache miss)
3240 http fetch GET 200 https://registry.npmjs.org/dir-glob/-/dir-glob-3.0.1.tgz 1697ms (cache miss)
3241 http fetch GET 200 https://registry.npmjs.org/define-lazy-prop/-/define-lazy-prop-2.0.0.tgz 1700ms (cache miss)
3242 http fetch GET 200 https://registry.npmjs.org/defer-to-connect/-/defer-to-connect-2.0.1.tgz 1702ms (cache miss)
3243 http fetch GET 200 https://registry.npmjs.org/default-browser-id/-/default-browser-id-5.0.1.tgz 1702ms (cache miss)
3244 http fetch GET 200 https://registry.npmjs.org/deep-extend/-/deep-extend-0.6.0.tgz 1704ms (cache miss)
3245 http fetch GET 200 https://registry.npmjs.org/define-data-property/-/define-data-property-1.1.4.tgz 1705ms (cache miss)
3246 http fetch GET 200 https://registry.npmjs.org/decode-named-character-reference/-/decode-named-character-reference-1.3.0.tgz 1709ms (cache miss)
3247 http fetch GET 200 https://registry.npmjs.org/default-browser/-/default-browser-5.5.0.tgz 1713ms (cache miss)
3248 http fetch GET 200 https://registry.npmjs.org/debounce/-/debounce-1.2.1.tgz 1713ms (cache miss)
3249 http fetch GET 200 https://registry.npmjs.org/deepmerge/-/deepmerge-4.3.1.tgz 1714ms (cache miss)
3250 http fetch GET 200 https://registry.npmjs.org/debug/-/debug-4.4.3.tgz 1722ms (cache miss)
3251 http fetch GET 200 https://registry.npmjs.org/cssnano-preset-default/-/cssnano-preset-default-6.1.2.tgz 1722ms (cache miss)
3252 http fetch GET 200 https://registry.npmjs.org/cssnano-utils/-/cssnano-utils-4.0.2.tgz 1722ms (cache miss)
3253 http fetch GET 200 https://registry.npmjs.org/decompress-response/-/decompress-response-6.0.0.tgz 1723ms (cache miss)
3254 http fetch GET 200 https://registry.npmjs.org/csstype/-/csstype-3.2.3.tgz 1726ms (cache miss)
3255 http fetch GET 200 https://registry.npmjs.org/css-what/-/css-what-6.2.2.tgz 1738ms (cache miss)
3256 http fetch GET 200 https://registry.npmjs.org/css-prefers-color-scheme/-/css-prefers-color-scheme-10.0.0.tgz 1740ms (cache miss)
3257 http fetch GET 200 https://registry.npmjs.org/cssnano-preset-advanced/-/cssnano-preset-advanced-6.1.2.tgz 1745ms (cache miss)
3258 http fetch GET 200 https://registry.npmjs.org/cssnano/-/cssnano-6.1.2.tgz 1745ms (cache miss)
3259 http fetch GET 200 https://registry.npmjs.org/cssesc/-/cssesc-3.0.0.tgz 1746ms (cache miss)
3260 http fetch GET 200 https://registry.npmjs.org/cssdb/-/cssdb-8.9.0.tgz 1749ms (cache miss)
3261 http fetch GET 200 https://registry.npmjs.org/css-loader/-/css-loader-6.11.0.tgz 1751ms (cache miss)
3262 http fetch GET 200 https://registry.npmjs.org/css-minimizer-webpack-plugin/-/css-minimizer-webpack-plugin-5.0.1.tgz 1751ms (cache miss)
3263 http fetch GET 200 https://registry.npmjs.org/cosmiconfig/-/cosmiconfig-8.3.6.tgz 1752ms (cache miss)
3264 http fetch GET 200 https://registry.npmjs.org/cross-spawn/-/cross-spawn-7.0.6.tgz 1757ms (cache miss)
3265 http fetch GET 200 https://registry.npmjs.org/core-util-is/-/core-util-is-1.0.3.tgz 1757ms (cache miss)
3266 http fetch GET 200 https://registry.npmjs.org/css-declaration-sorter/-/css-declaration-sorter-7.4.0.tgz 1760ms (cache miss)
3267 http fetch GET 200 https://registry.npmjs.org/core-js-compat/-/core-js-compat-3.50.0.tgz 1760ms (cache miss)
3268 http fetch GET 200 https://registry.npmjs.org/copy-webpack-plugin/-/copy-webpack-plugin-11.0.0.tgz 1761ms (cache miss)
3269 http fetch GET 200 https://registry.npmjs.org/cookie-signature/-/cookie-signature-1.0.7.tgz 1765ms (cache miss)
3270 http fetch GET 200 https://registry.npmjs.org/convert-source-map/-/convert-source-map-2.0.0.tgz 1774ms (cache miss)
3271 http fetch GET 200 https://registry.npmjs.org/config-chain/-/config-chain-1.1.13.tgz 1782ms (cache miss)
3272 http fetch GET 200 https://registry.npmjs.org/content-type/-/content-type-1.0.5.tgz 1782ms (cache miss)
3273 http fetch GET 200 https://registry.npmjs.org/content-disposition/-/content-disposition-0.5.2.tgz 1782ms (cache miss)
3274 http fetch GET 200 https://registry.npmjs.org/concat-map/-/concat-map-0.0.1.tgz 1783ms (cache miss)
3275 http fetch GET 200 https://registry.npmjs.org/consola/-/consola-3.4.2.tgz 1788ms (cache miss)
3276 http fetch GET 200 https://registry.npmjs.org/commander/-/commander-5.1.0.tgz 1787ms (cache miss)
3277 http fetch GET 200 https://registry.npmjs.org/cookie/-/cookie-0.7.2.tgz 1791ms (cache miss)
3278 http fetch GET 200 https://registry.npmjs.org/compressible/-/compressible-2.0.18.tgz 1791ms (cache miss)
3279 http fetch GET 200 https://registry.npmjs.org/connect-history-api-fallback/-/connect-history-api-fallback-2.0.0.tgz 1791ms (cache miss)
3280 http fetch GET 200 https://registry.npmjs.org/configstore/-/configstore-6.0.0.tgz 1792ms (cache miss)
3281 http fetch GET 200 https://registry.npmjs.org/copy-text-to-clipboard/-/copy-text-to-clipboard-3.2.2.tgz 1796ms (cache miss)
3282 http fetch GET 200 https://registry.npmjs.org/colorette/-/colorette-2.0.20.tgz 1798ms (cache miss)
3283 http fetch GET 200 https://registry.npmjs.org/comma-separated-tokens/-/comma-separated-tokens-2.0.3.tgz 1798ms (cache miss)
3284 http fetch GET 200 https://registry.npmjs.org/common-path-prefix/-/common-path-prefix-3.0.0.tgz 1798ms (cache miss)
3285 http fetch GET 200 https://registry.npmjs.org/combine-promises/-/combine-promises-1.2.0.tgz 1805ms (cache miss)
3286 http fetch GET 200 https://registry.npmjs.org/color-name/-/color-name-1.1.4.tgz 1816ms (cache miss)
3287 http fetch GET 200 https://registry.npmjs.org/collapse-white-space/-/collapse-white-space-2.1.0.tgz 1815ms (cache miss)
3288 http fetch GET 200 https://registry.npmjs.org/colord/-/colord-2.9.3.tgz 1817ms (cache miss)
3289 http fetch GET 200 https://registry.npmjs.org/color-convert/-/color-convert-2.0.1.tgz 1823ms (cache miss)
3290 http fetch GET 200 https://registry.npmjs.org/clone-deep/-/clone-deep-4.0.1.tgz 1824ms (cache miss)
3291 http fetch GET 200 https://registry.npmjs.org/chrome-trace-event/-/chrome-trace-event-1.0.4.tgz 1825ms (cache miss)
3292 http fetch GET 200 https://registry.npmjs.org/ci-info/-/ci-info-3.9.0.tgz 1828ms (cache miss)
3293 http fetch GET 200 https://registry.npmjs.org/cli-boxes/-/cli-boxes-3.0.0.tgz 1828ms (cache miss)
3294 http fetch GET 200 https://registry.npmjs.org/clean-stack/-/clean-stack-2.2.0.tgz 1828ms (cache miss)
3295 http fetch GET 200 https://registry.npmjs.org/character-entities-legacy/-/character-entities-legacy-3.0.0.tgz 1832ms (cache miss)
3296 http fetch GET 200 https://registry.npmjs.org/chokidar/-/chokidar-3.6.0.tgz 1833ms (cache miss)
3297 http fetch GET 200 https://registry.npmjs.org/character-reference-invalid/-/character-reference-invalid-2.0.1.tgz 1834ms (cache miss)
3298 http fetch GET 200 https://registry.npmjs.org/clsx/-/clsx-2.1.1.tgz 1840ms (cache miss)
3299 http fetch GET 200 https://registry.npmjs.org/cheerio-select/-/cheerio-select-2.1.0.tgz 1841ms (cache miss)
3300 http fetch GET 200 https://registry.npmjs.org/character-entities/-/character-entities-2.0.2.tgz 1842ms (cache miss)
3301 http fetch GET 200 https://registry.npmjs.org/character-entities-html4/-/character-entities-html4-2.1.0.tgz 1848ms (cache miss)
3302 http fetch GET 200 https://registry.npmjs.org/char-regex/-/char-regex-1.0.2.tgz 1848ms (cache miss)
3303 http fetch GET 200 https://registry.npmjs.org/ccount/-/ccount-2.0.1.tgz 1852ms (cache miss)
3304 http fetch GET 200 https://registry.npmjs.org/camel-case/-/camel-case-4.1.2.tgz 1856ms (cache miss)
3305 http fetch GET 200 https://registry.npmjs.org/call-bound/-/call-bound-1.0.4.tgz 1859ms (cache miss)
3306 http fetch GET 200 https://registry.npmjs.org/camelcase/-/camelcase-6.3.0.tgz 1863ms (cache miss)
3307 http fetch GET 200 https://registry.npmjs.org/caniuse-api/-/caniuse-api-3.0.0.tgz 1863ms (cache miss)
3308 http fetch GET 200 https://registry.npmjs.org/callsites/-/callsites-3.1.0.tgz 1864ms (cache miss)
3309 http fetch GET 200 https://registry.npmjs.org/chalk/-/chalk-4.1.2.tgz 1871ms (cache miss)
3310 http fetch GET 200 https://registry.npmjs.org/bytes/-/bytes-3.0.0.tgz 1874ms (cache miss)
3311 http fetch GET 200 https://registry.npmjs.org/cacheable-lookup/-/cacheable-lookup-7.0.0.tgz 1874ms (cache miss)
3312 http fetch GET 200 https://registry.npmjs.org/cacheable-request/-/cacheable-request-10.2.14.tgz 1875ms (cache miss)
3313 http fetch GET 200 https://registry.npmjs.org/bundle-name/-/bundle-name-4.1.0.tgz 1878ms (cache miss)
3314 http fetch GET 200 https://registry.npmjs.org/call-bind-apply-helpers/-/call-bind-apply-helpers-1.0.2.tgz 1881ms (cache miss)
3315 http fetch GET 200 https://registry.npmjs.org/braces/-/braces-3.0.3.tgz 1889ms (cache miss)
3316 http fetch GET 200 https://registry.npmjs.org/browserslist/-/browserslist-4.28.7.tgz 1895ms (cache miss)
3317 http fetch GET 200 https://registry.npmjs.org/call-bind/-/call-bind-1.0.9.tgz 1898ms (cache miss)
3318 http fetch GET 200 https://registry.npmjs.org/boolbase/-/boolbase-1.0.0.tgz 1897ms (cache miss)
3319 http fetch GET 200 https://registry.npmjs.org/boxen/-/boxen-6.2.1.tgz 1899ms (cache miss)
3320 http fetch GET 200 https://registry.npmjs.org/buffer-from/-/buffer-from-1.1.2.tgz 1901ms (cache miss)
3321 http fetch GET 200 https://registry.npmjs.org/bytestreamjs/-/bytestreamjs-2.0.1.tgz 1903ms (cache miss)
3322 http fetch GET 200 https://registry.npmjs.org/batch/-/batch-0.6.1.tgz 1907ms (cache miss)
3323 http fetch GET 200 https://registry.npmjs.org/brace-expansion/-/brace-expansion-1.1.18.tgz 1907ms (cache miss)
3324 http fetch GET 200 https://registry.npmjs.org/big.js/-/big.js-5.2.2.tgz 1908ms (cache miss)
3325 http fetch GET 200 https://registry.npmjs.org/baseline-browser-mapping/-/baseline-browser-mapping-2.11.12.tgz 1908ms (cache miss)
3326 http fetch GET 200 https://registry.npmjs.org/binary-extensions/-/binary-extensions-2.3.0.tgz 1911ms (cache miss)
3327 http fetch GET 200 https://registry.npmjs.org/bail/-/bail-2.0.2.tgz 1914ms (cache miss)
3328 http fetch GET 200 https://registry.npmjs.org/babel-plugin-polyfill-regenerator/-/babel-plugin-polyfill-regenerator-0.6.8.tgz 1916ms (cache miss)
3329 http fetch GET 200 https://registry.npmjs.org/balanced-match/-/balanced-match-1.0.2.tgz 1916ms (cache miss)
3330 http fetch GET 200 https://registry.npmjs.org/babel-plugin-dynamic-import-node/-/babel-plugin-dynamic-import-node-2.3.3.tgz 1926ms (cache miss)
3331 http fetch GET 200 https://registry.npmjs.org/array-union/-/array-union-2.1.0.tgz 1937ms (cache miss)
3332 http fetch GET 200 https://registry.npmjs.org/babel-loader/-/babel-loader-9.2.1.tgz 1937ms (cache miss)
3333 http fetch GET 200 https://registry.npmjs.org/astring/-/astring-1.9.0.tgz 1941ms (cache miss)
3334 http fetch GET 200 https://registry.npmjs.org/arg/-/arg-5.0.2.tgz 1940ms (cache miss)
3335 http fetch GET 200 https://registry.npmjs.org/asn1js/-/asn1js-3.0.10.tgz 1944ms (cache miss)
3336 http fetch GET 200 https://registry.npmjs.org/ansi-styles/-/ansi-styles-4.3.0.tgz 1944ms (cache miss)
3337 http fetch GET 200 https://registry.npmjs.org/array-flatten/-/array-flatten-1.1.1.tgz 1951ms (cache miss)
3338 http fetch GET 200 https://registry.npmjs.org/anymatch/-/anymatch-3.1.3.tgz 1950ms (cache miss)
3339 http fetch GET 200 https://registry.npmjs.org/babel-plugin-polyfill-corejs3/-/babel-plugin-polyfill-corejs3-0.13.0.tgz 1952ms (cache miss)
3340 http fetch GET 200 https://registry.npmjs.org/ansi-html-community/-/ansi-html-community-0.0.8.tgz 1955ms (cache miss)
3341 http fetch GET 200 https://registry.npmjs.org/argparse/-/argparse-2.0.1.tgz 1955ms (cache miss)
3342 http fetch GET 200 https://registry.npmjs.org/ansis/-/ansis-3.17.0.tgz 1956ms (cache miss)
3343 http fetch GET 200 https://registry.npmjs.org/autoprefixer/-/autoprefixer-10.5.4.tgz 1957ms (cache miss)
3344 http fetch GET 200 https://registry.npmjs.org/acorn-walk/-/acorn-walk-8.3.5.tgz 1962ms (cache miss)
3345 http fetch GET 200 https://registry.npmjs.org/aggregate-error/-/aggregate-error-3.1.0.tgz 1966ms (cache miss)
3346 http fetch GET 200 https://registry.npmjs.org/ajv-formats/-/ajv-formats-2.1.1.tgz 1968ms (cache miss)
3347 http fetch GET 200 https://registry.npmjs.org/acorn-jsx/-/acorn-jsx-5.3.2.tgz 1969ms (cache miss)
3348 http fetch GET 200 https://registry.npmjs.org/ansi-regex/-/ansi-regex-5.0.1.tgz 1972ms (cache miss)
3349 http fetch GET 200 https://registry.npmjs.org/acorn-import-phases/-/acorn-import-phases-1.0.4.tgz 1975ms (cache miss)
3350 http fetch GET 200 https://registry.npmjs.org/algoliasearch-helper/-/algoliasearch-helper-3.29.3.tgz 1979ms (cache miss)
3351 http fetch GET 200 https://registry.npmjs.org/address/-/address-2.0.3.tgz 1987ms (cache miss)
3352 http fetch GET 200 https://registry.npmjs.org/acorn/-/acorn-8.17.0.tgz 2001ms (cache miss)
3353 http fetch GET 200 https://registry.npmjs.org/@xtuc/long/-/long-4.2.2.tgz 2001ms (cache miss)
3354 http fetch GET 200 https://registry.npmjs.org/ajv-keywords/-/ajv-keywords-5.1.0.tgz 2005ms (cache miss)
3355 http fetch GET 200 https://registry.npmjs.org/@webassemblyjs/wast-printer/-/wast-printer-1.14.1.tgz 2005ms (cache miss)
3356 http fetch GET 200 https://registry.npmjs.org/@webassemblyjs/helper-wasm-section/-/helper-wasm-section-1.14.1.tgz 2005ms (cache miss)
3357 http fetch GET 200 https://registry.npmjs.org/@webassemblyjs/wasm-opt/-/wasm-opt-1.14.1.tgz 2007ms (cache miss)
3358 http fetch GET 200 https://registry.npmjs.org/@webassemblyjs/wasm-edit/-/wasm-edit-1.14.1.tgz 2007ms (cache miss)
3359 http fetch GET 200 https://registry.npmjs.org/@webassemblyjs/utf8/-/utf8-1.13.2.tgz 2009ms (cache miss)
3360 http fetch GET 200 https://registry.npmjs.org/@webassemblyjs/leb128/-/leb128-1.13.2.tgz 2009ms (cache miss)
3361 http fetch GET 200 https://registry.npmjs.org/@types/yargs/-/yargs-17.0.35.tgz 2015ms (cache miss)
3362 http fetch GET 200 https://registry.npmjs.org/@webassemblyjs/helper-wasm-bytecode/-/helper-wasm-bytecode-1.13.2.tgz 2016ms (cache miss)
3363 http fetch GET 200 https://registry.npmjs.org/@xtuc/ieee754/-/ieee754-1.2.0.tgz 2018ms (cache miss)
3364 http fetch GET 200 https://registry.npmjs.org/@webassemblyjs/helper-buffer/-/helper-buffer-1.14.1.tgz 2017ms (cache miss)
3365 http fetch GET 200 https://registry.npmjs.org/@webassemblyjs/ieee754/-/ieee754-1.13.2.tgz 2017ms (cache miss)
3366 http fetch GET 200 https://registry.npmjs.org/@webassemblyjs/helper-numbers/-/helper-numbers-1.13.2.tgz 2019ms (cache miss)
3367 http fetch GET 200 https://registry.npmjs.org/caniuse-lite/-/caniuse-lite-1.0.30001806.tgz 2027ms (cache miss)
3368 http fetch GET 200 https://registry.npmjs.org/@webassemblyjs/floating-point-hex-parser/-/floating-point-hex-parser-1.13.2.tgz 2024ms (cache miss)
3369 http fetch GET 200 https://registry.npmjs.org/@webassemblyjs/helper-api-error/-/helper-api-error-1.13.2.tgz 2038ms (cache miss)
3370 http fetch GET 200 https://registry.npmjs.org/@types/sockjs/-/sockjs-0.3.36.tgz 2042ms (cache miss)
3371 http fetch GET 200 https://registry.npmjs.org/@types/unist/-/unist-3.0.3.tgz 2047ms (cache miss)
3372 http fetch GET 200 https://registry.npmjs.org/@types/send/-/send-1.2.1.tgz 2049ms (cache miss)
3373 http fetch GET 200 https://registry.npmjs.org/@types/ws/-/ws-8.18.1.tgz 2053ms (cache miss)
3374 http fetch GET 200 https://registry.npmjs.org/@types/yargs-parser/-/yargs-parser-21.0.3.tgz 2053ms (cache miss)
3375 http fetch GET 200 https://registry.npmjs.org/@types/serve-index/-/serve-index-1.9.4.tgz 2052ms (cache miss)
3376 http fetch GET 200 https://registry.npmjs.org/@types/react-router-dom/-/react-router-dom-5.3.3.tgz 2054ms (cache miss)
3377 http fetch GET 200 https://registry.npmjs.org/@types/qs/-/qs-6.15.1.tgz 2055ms (cache miss)
3378 http fetch GET 200 https://registry.npmjs.org/@types/range-parser/-/range-parser-1.2.7.tgz 2056ms (cache miss)
3379 http fetch GET 200 https://registry.npmjs.org/@types/retry/-/retry-0.12.2.tgz 2062ms (cache miss)
3380 http fetch GET 200 https://registry.npmjs.org/@types/sax/-/sax-1.2.7.tgz 2062ms (cache miss)
3381 http fetch GET 200 https://registry.npmjs.org/@types/react/-/react-19.2.17.tgz 2063ms (cache miss)
3382 http fetch GET 200 https://registry.npmjs.org/@types/prismjs/-/prismjs-1.26.6.tgz 2066ms (cache miss)
3383 http fetch GET 200 https://registry.npmjs.org/@types/mime/-/mime-1.3.5.tgz 2091ms (cache miss)
3384 http fetch GET 200 https://registry.npmjs.org/@types/mdast/-/mdast-4.0.4.tgz 2091ms (cache miss)
3385 http fetch GET 200 https://registry.npmjs.org/@types/http-proxy/-/http-proxy-1.17.17.tgz 2090ms (cache miss)
3386 http fetch GET 200 https://registry.npmjs.org/@types/json-schema/-/json-schema-7.0.15.tgz 2091ms (cache miss)
3387 http fetch GET 200 https://registry.npmjs.org/@types/istanbul-lib-coverage/-/istanbul-lib-coverage-2.0.6.tgz 2095ms (cache miss)
3388 http fetch GET 200 https://registry.npmjs.org/@types/istanbul-lib-report/-/istanbul-lib-report-3.0.3.tgz 2095ms (cache miss)
3389 http fetch GET 200 https://registry.npmjs.org/@types/ms/-/ms-2.1.0.tgz 2095ms (cache miss)
3390 http fetch GET 200 https://registry.npmjs.org/@types/react-router/-/react-router-5.1.20.tgz 2095ms (cache miss)
3391 http fetch GET 200 https://registry.npmjs.org/@types/http-errors/-/http-errors-2.0.5.tgz 2099ms (cache miss)
3392 http fetch GET 200 https://registry.npmjs.org/@types/http-cache-semantics/-/http-cache-semantics-4.2.0.tgz 2101ms (cache miss)
3393 http fetch GET 200 https://registry.npmjs.org/@types/istanbul-reports/-/istanbul-reports-3.0.4.tgz 2102ms (cache miss)
3394 http fetch GET 200 https://registry.npmjs.org/@types/react-router-config/-/react-router-config-5.0.11.tgz 2108ms (cache miss)
3395 http fetch GET 200 https://registry.npmjs.org/@types/history/-/history-4.7.11.tgz 2111ms (cache miss)
3396 http fetch GET 200 https://registry.npmjs.org/@types/mdx/-/mdx-2.0.14.tgz 2122ms (cache miss)
3397 http fetch GET 200 https://registry.npmjs.org/@types/html-minifier-terser/-/html-minifier-terser-6.1.0.tgz 2130ms (cache miss)
3398 http fetch GET 200 https://registry.npmjs.org/@types/express-serve-static-core/-/express-serve-static-core-4.19.9.tgz 2135ms (cache miss)
3399 http fetch GET 200 https://registry.npmjs.org/@types/estree/-/estree-1.0.9.tgz 2135ms (cache miss)
3400 http fetch GET 200 https://registry.npmjs.org/@types/express/-/express-4.17.25.tgz 2136ms (cache miss)
3401 http fetch GET 200 https://registry.npmjs.org/@types/estree-jsx/-/estree-jsx-1.0.5.tgz 2137ms (cache miss)
3402 http fetch GET 200 https://registry.npmjs.org/@types/connect/-/connect-3.4.38.tgz 2138ms (cache miss)
3403 http fetch GET 200 https://registry.npmjs.org/@types/bonjour/-/bonjour-3.5.13.tgz 2140ms (cache miss)
3404 http fetch GET 200 https://registry.npmjs.org/@types/debug/-/debug-4.1.13.tgz 2141ms (cache miss)
3405 http fetch GET 200 https://registry.npmjs.org/@types/body-parser/-/body-parser-1.19.6.tgz 2144ms (cache miss)
3406 http fetch GET 200 https://registry.npmjs.org/@types/connect-history-api-fallback/-/connect-history-api-fallback-1.5.4.tgz 2146ms (cache miss)
3407 http fetch GET 200 https://registry.npmjs.org/@types/hast/-/hast-3.0.5.tgz 2153ms (cache miss)
3408 http fetch GET 200 https://registry.npmjs.org/@svgr/plugin-jsx/-/plugin-jsx-8.1.0.tgz 2167ms (cache miss)
3409 http fetch GET 200 https://registry.npmjs.org/@svgr/core/-/core-8.1.0.tgz 2168ms (cache miss)
3410 http fetch GET 200 https://registry.npmjs.org/@svgr/babel-plugin-svg-dynamic-title/-/babel-plugin-svg-dynamic-title-8.0.0.tgz 2182ms (cache miss)
3411 http fetch GET 200 https://registry.npmjs.org/@svgr/plugin-svgo/-/plugin-svgo-8.1.0.tgz 2182ms (cache miss)
3412 http fetch GET 200 https://registry.npmjs.org/@svgr/babel-plugin-transform-svg-component/-/babel-plugin-transform-svg-component-8.0.0.tgz 2185ms (cache miss)
3413 http fetch GET 200 https://registry.npmjs.org/@svgr/babel-preset/-/babel-preset-8.1.0.tgz 2185ms (cache miss)
3414 http fetch GET 200 https://registry.npmjs.org/@svgr/babel-plugin-replace-jsx-attribute-value/-/babel-plugin-replace-jsx-attribute-value-8.0.0.tgz 2189ms (cache miss)
3415 http fetch GET 200 https://registry.npmjs.org/@svgr/babel-plugin-svg-em-dimensions/-/babel-plugin-svg-em-dimensions-8.0.0.tgz 2192ms (cache miss)
3416 http fetch GET 200 https://registry.npmjs.org/@svgr/babel-plugin-add-jsx-attribute/-/babel-plugin-add-jsx-attribute-8.0.0.tgz 2200ms (cache miss)
3417 http fetch GET 200 https://registry.npmjs.org/@sindresorhus/is/-/is-4.6.0.tgz 2200ms (cache miss)
3418 http fetch GET 200 https://registry.npmjs.org/@svgr/babel-plugin-remove-jsx-empty-expression/-/babel-plugin-remove-jsx-empty-expression-8.0.0.tgz 2211ms (cache miss)
3419 http fetch GET 200 https://registry.npmjs.org/@sinclair/typebox/-/typebox-0.27.12.tgz 2215ms (cache miss)
3420 http fetch GET 200 https://registry.npmjs.org/@svgr/hast-util-to-babel-ast/-/hast-util-to-babel-ast-8.0.0.tgz 2219ms (cache miss)
3421 http fetch GET 200 https://registry.npmjs.org/@svgr/babel-plugin-remove-jsx-attribute/-/babel-plugin-remove-jsx-attribute-8.0.0.tgz 2232ms (cache miss)
3422 http fetch GET 200 https://registry.npmjs.org/@mdx-js/react/-/react-3.1.1.tgz 2232ms (cache miss)
3423 http fetch GET 200 https://registry.npmjs.org/@svgr/webpack/-/webpack-8.1.0.tgz 2234ms (cache miss)
3424 http fetch GET 200 https://registry.npmjs.org/@sideway/pinpoint/-/pinpoint-2.0.0.tgz 2241ms (cache miss)
3425 http fetch GET 200 https://registry.npmjs.org/@sideway/formula/-/formula-3.0.1.tgz 2241ms (cache miss)
3426 http fetch GET 200 https://registry.npmjs.org/@svgr/babel-plugin-transform-react-native-svg/-/babel-plugin-transform-react-native-svg-8.1.0.tgz 2243ms (cache miss)
3427 http fetch GET 200 https://registry.npmjs.org/@leichtgewicht/ip-codec/-/ip-codec-2.0.5.tgz 2247ms (cache miss)
3428 http fetch GET 200 https://registry.npmjs.org/@sideway/address/-/address-4.1.5.tgz 2253ms (cache miss)
3429 http fetch GET 200 https://registry.npmjs.org/@pnpm/config.env-replace/-/config.env-replace-1.1.0.tgz 2273ms (cache miss)
3430 http fetch GET 200 https://registry.npmjs.org/@polka/url/-/url-1.0.0-next.29.tgz 2272ms (cache miss)
3431 http fetch GET 200 https://registry.npmjs.org/@slorber/remark-comment/-/remark-comment-1.0.0.tgz 2275ms (cache miss)
3432 http fetch GET 200 https://registry.npmjs.org/@noble/hashes/-/hashes-1.4.0.tgz 2288ms (cache miss)
3433 http fetch GET 200 https://registry.npmjs.org/@jridgewell/sourcemap-codec/-/sourcemap-codec-1.5.5.tgz 2289ms (cache miss)
3434 http fetch GET 200 https://registry.npmjs.org/@jridgewell/remapping/-/remapping-2.3.5.tgz 2291ms (cache miss)
3435 http fetch GET 200 https://registry.npmjs.org/@jridgewell/source-map/-/source-map-0.3.11.tgz 2292ms (cache miss)
3436 http fetch GET 200 https://registry.npmjs.org/@jridgewell/trace-mapping/-/trace-mapping-0.3.31.tgz 2293ms (cache miss)
3437 http fetch GET 200 https://registry.npmjs.org/@jest/schemas/-/schemas-29.6.3.tgz 2294ms (cache miss)
3438 http fetch GET 200 https://registry.npmjs.org/@pnpm/npm-conf/-/npm-conf-3.0.3.tgz 2295ms (cache miss)
3439 http fetch GET 200 https://registry.npmjs.org/@jest/types/-/types-29.6.3.tgz 2295ms (cache miss)
3440 http fetch GET 200 https://registry.npmjs.org/@jsonjoy.com/fs-print/-/fs-print-4.68.0.tgz 2338ms (cache miss)
3441 http fetch GET 200 https://registry.npmjs.org/@docusaurus/preset-classic/-/preset-classic-3.10.2.tgz 2338ms (cache miss)
3442 http fetch GET 200 https://registry.npmjs.org/@docusaurus/types/-/types-3.10.2.tgz 2340ms (cache miss)
3443 http fetch GET 200 https://registry.npmjs.org/@peculiar/x509/-/x509-1.14.3.tgz 2342ms (cache miss)
3444 http fetch GET 200 https://registry.npmjs.org/@hapi/hoek/-/hoek-9.3.0.tgz 2346ms (cache miss)
3445 http fetch GET 200 https://registry.npmjs.org/@jsonjoy.com/fs-node-to-fsa/-/fs-node-to-fsa-4.68.0.tgz 2349ms (cache miss)
3446 http fetch GET 200 https://registry.npmjs.org/@hapi/topo/-/topo-5.1.0.tgz 2366ms (cache miss)
3447 http fetch GET 200 https://registry.npmjs.org/@docusaurus/module-type-aliases/-/module-type-aliases-3.10.2.tgz 2376ms (cache miss)
3448 http fetch GET 200 https://registry.npmjs.org/@discoveryjs/json-ext/-/json-ext-0.5.7.tgz 2387ms (cache miss)
3449 http fetch GET 200 https://registry.npmjs.org/@docusaurus/utils-common/-/utils-common-3.10.2.tgz 2389ms (cache miss)
3450 http fetch GET 200 https://registry.npmjs.org/@docusaurus/plugin-svgr/-/plugin-svgr-3.10.2.tgz 2406ms (cache miss)
3451 http fetch GET 200 https://registry.npmjs.org/@docusaurus/plugin-google-tag-manager/-/plugin-google-tag-manager-3.10.2.tgz 2408ms (cache miss)
3452 http fetch GET 200 https://registry.npmjs.org/@docusaurus/plugin-google-analytics/-/plugin-google-analytics-3.10.2.tgz 2410ms (cache miss)
3453 http fetch GET 200 https://registry.npmjs.org/@docusaurus/plugin-google-gtag/-/plugin-google-gtag-3.10.2.tgz 2418ms (cache miss)
3454 http fetch GET 200 https://registry.npmjs.org/@docusaurus/plugin-content-pages/-/plugin-content-pages-3.10.2.tgz 2423ms (cache miss)
3455 http fetch GET 200 https://registry.npmjs.org/@csstools/selector-specificity/-/selector-specificity-5.0.0.tgz 2423ms (cache miss)
3456 http fetch GET 200 https://registry.npmjs.org/@docusaurus/plugin-css-cascade-layers/-/plugin-css-cascade-layers-3.10.2.tgz 2431ms (cache miss)
3457 http fetch GET 200 https://registry.npmjs.org/@jsonjoy.com/fs-fsa/-/fs-fsa-4.68.0.tgz 2436ms (cache miss)
3458 http fetch GET 200 https://registry.npmjs.org/@docsearch/css/-/css-4.7.0.tgz 2452ms (cache miss)
3459 http fetch GET 200 https://registry.npmjs.org/@docusaurus/babel/-/babel-3.10.2.tgz 2458ms (cache miss)
3460 http fetch GET 200 https://registry.npmjs.org/@docusaurus/utils-validation/-/utils-validation-3.10.2.tgz 2461ms (cache miss)
3461 http fetch GET 200 https://registry.npmjs.org/@csstools/postcss-unset-value/-/postcss-unset-value-4.0.0.tgz 2481ms (cache miss)
3462 http fetch GET 200 https://registry.npmjs.org/@csstools/utilities/-/utilities-2.0.0.tgz 2496ms (cache miss)
3463 http fetch GET 200 https://registry.npmjs.org/@csstools/postcss-text-decoration-shorthand/-/postcss-text-decoration-shorthand-4.0.3.tgz 2496ms (cache miss)
3464 http fetch GET 200 https://registry.npmjs.org/@csstools/postcss-stepped-value-functions/-/postcss-stepped-value-functions-4.0.9.tgz 2498ms (cache miss)
3465 http fetch GET 200 https://registry.npmjs.org/@csstools/postcss-syntax-descriptor-syntax-production/-/postcss-syntax-descriptor-syntax-production-1.0.1.tgz 2506ms (cache miss)
3466 http fetch GET 200 https://registry.npmjs.org/@csstools/postcss-progressive-custom-properties/-/postcss-progressive-custom-properties-4.2.1.tgz 2521ms (cache miss)
3467 http fetch GET 200 https://registry.npmjs.org/@csstools/postcss-trigonometric-functions/-/postcss-trigonometric-functions-4.0.9.tgz 2522ms (cache miss)
3468 http fetch GET 200 https://registry.npmjs.org/@csstools/postcss-sign-functions/-/postcss-sign-functions-1.1.4.tgz 2539ms (cache miss)
3469 http fetch GET 200 https://registry.npmjs.org/@csstools/postcss-relative-color-syntax/-/postcss-relative-color-syntax-3.0.12.tgz 2539ms (cache miss)
3470 http fetch GET 200 https://registry.npmjs.org/@csstools/postcss-random-function/-/postcss-random-function-2.0.1.tgz 2539ms (cache miss)
3471 http fetch GET 200 https://registry.npmjs.org/@csstools/postcss-oklab-function/-/postcss-oklab-function-4.0.12.tgz 2556ms (cache miss)
3472 http fetch GET 200 https://registry.npmjs.org/@csstools/postcss-system-ui-font-family/-/postcss-system-ui-font-family-1.0.0.tgz 2575ms (cache miss)
3473 http fetch GET 200 https://registry.npmjs.org/@csstools/selector-resolve-nested/-/selector-resolve-nested-3.1.0.tgz 2583ms (cache miss)
3474 http fetch GET 200 https://registry.npmjs.org/@csstools/postcss-nested-calc/-/postcss-nested-calc-4.0.0.tgz 2588ms (cache miss)
3475 http fetch GET 200 https://registry.npmjs.org/@csstools/postcss-media-queries-aspect-ratio-number-values/-/postcss-media-queries-aspect-ratio-number-values-3.0.5.tgz 2592ms (cache miss)
3476 http fetch GET 200 https://registry.npmjs.org/@csstools/postcss-property-rule-prelude-list/-/postcss-property-rule-prelude-list-1.0.0.tgz 2596ms (cache miss)
3477 http fetch GET 200 https://registry.npmjs.org/@csstools/postcss-media-minmax/-/postcss-media-minmax-2.0.9.tgz 2601ms (cache miss)
3478 http fetch GET 200 https://registry.npmjs.org/@csstools/postcss-normalize-display-values/-/postcss-normalize-display-values-4.0.1.tgz 2603ms (cache miss)
3479 http fetch GET 200 https://registry.npmjs.org/@csstools/postcss-logical-viewport-units/-/postcss-logical-viewport-units-3.0.4.tgz 2623ms (cache miss)
3480 http fetch GET 200 https://registry.npmjs.org/@csstools/postcss-logical-overflow/-/postcss-logical-overflow-2.0.0.tgz 2637ms (cache miss)
3481 http fetch GET 200 https://registry.npmjs.org/@csstools/postcss-logical-resize/-/postcss-logical-resize-3.0.0.tgz 2655ms (cache miss)
3482 http fetch GET 200 https://registry.npmjs.org/@csstools/postcss-position-area-property/-/postcss-position-area-property-1.0.0.tgz 2656ms (cache miss)
3483 http fetch GET 200 https://registry.npmjs.org/@csstools/postcss-logical-overscroll-behavior/-/postcss-logical-overscroll-behavior-2.0.0.tgz 2658ms (cache miss)
3484 http fetch GET 200 https://registry.npmjs.org/@csstools/postcss-initial/-/postcss-initial-2.0.1.tgz 2661ms (cache miss)
3485 http fetch GET 200 https://registry.npmjs.org/@csstools/postcss-light-dark-function/-/postcss-light-dark-function-2.0.11.tgz 2669ms (cache miss)
3486 http fetch GET 200 https://registry.npmjs.org/@csstools/postcss-hwb-function/-/postcss-hwb-function-4.0.12.tgz 2671ms (cache miss)
3487 http fetch GET 200 https://registry.npmjs.org/@csstools/postcss-ic-unit/-/postcss-ic-unit-4.0.4.tgz 2686ms (cache miss)
3488 http fetch GET 200 https://registry.npmjs.org/@csstools/postcss-logical-float-and-clear/-/postcss-logical-float-and-clear-3.0.0.tgz 2687ms (cache miss)
3489 http fetch GET 200 https://registry.npmjs.org/@csstools/postcss-font-format-keywords/-/postcss-font-format-keywords-4.0.0.tgz 2691ms (cache miss)
3490 http fetch GET 200 https://registry.npmjs.org/@csstools/postcss-gamut-mapping/-/postcss-gamut-mapping-2.0.11.tgz 2694ms (cache miss)
3491 http fetch GET 200 https://registry.npmjs.org/@docusaurus/plugin-sitemap/-/plugin-sitemap-3.10.2.tgz 2708ms (cache miss)
3492 http fetch GET 200 https://registry.npmjs.org/@csstools/media-query-list-parser/-/media-query-list-parser-4.0.3.tgz 2713ms (cache miss)
3493 http fetch GET 200 https://registry.npmjs.org/@csstools/css-tokenizer/-/css-tokenizer-3.0.4.tgz 2716ms (cache miss)
3494 http fetch GET 200 https://registry.npmjs.org/@csstools/css-color-parser/-/css-color-parser-3.1.0.tgz 2729ms (cache miss)
3495 http fetch GET 200 https://registry.npmjs.org/@csstools/postcss-color-mix-variadic-function-arguments/-/postcss-color-mix-variadic-function-arguments-1.0.2.tgz 2741ms (cache miss)
3496 http fetch GET 200 https://registry.npmjs.org/@csstools/postcss-content-alt-text/-/postcss-content-alt-text-2.0.8.tgz 2747ms (cache miss)
3497 http fetch GET 200 https://registry.npmjs.org/@csstools/css-calc/-/css-calc-2.1.4.tgz 2746ms (cache miss)
3498 http fetch GET 200 https://registry.npmjs.org/@csstools/postcss-exponential-functions/-/postcss-exponential-functions-2.0.9.tgz 2748ms (cache miss)
3499 http fetch GET 200 https://registry.npmjs.org/@csstools/color-helpers/-/color-helpers-5.1.0.tgz 2748ms (cache miss)
3500 http fetch GET 200 https://registry.npmjs.org/@babel/template/-/template-7.29.7.tgz 2751ms (cache miss)
3501 http fetch GET 200 https://registry.npmjs.org/@csstools/postcss-color-mix-function/-/postcss-color-mix-function-3.0.12.tgz 2757ms (cache miss)
3502 http fetch GET 200 https://registry.npmjs.org/@csstools/css-parser-algorithms/-/css-parser-algorithms-3.0.5.tgz 2779ms (cache miss)
3503 http fetch GET 200 https://registry.npmjs.org/@csstools/postcss-color-function-display-p3-linear/-/postcss-color-function-display-p3-linear-1.0.1.tgz 2780ms (cache miss)
3504 http fetch GET 200 https://registry.npmjs.org/@csstools/postcss-contrast-color-function/-/postcss-contrast-color-function-2.0.12.tgz 2785ms (cache miss)
3505 http fetch GET 200 https://registry.npmjs.org/@babel/preset-typescript/-/preset-typescript-7.29.7.tgz 2786ms (cache miss)
3506 http fetch GET 200 https://registry.npmjs.org/@babel/plugin-transform-unicode-regex/-/plugin-transform-unicode-regex-7.29.7.tgz 2786ms (cache miss)
3507 http fetch GET 200 https://registry.npmjs.org/@csstools/postcss-color-function/-/postcss-color-function-4.0.12.tgz 2787ms (cache miss)
3508 http fetch GET 200 https://registry.npmjs.org/@csstools/postcss-alpha-function/-/postcss-alpha-function-1.0.1.tgz 2793ms (cache miss)
3509 http fetch GET 200 https://registry.npmjs.org/@babel/plugin-transform-unicode-property-regex/-/plugin-transform-unicode-property-regex-7.29.7.tgz 2792ms (cache miss)
3510 http fetch GET 200 https://registry.npmjs.org/@babel/plugin-transform-sticky-regex/-/plugin-transform-sticky-regex-7.29.7.tgz 2792ms (cache miss)
3511 http fetch GET 200 https://registry.npmjs.org/@babel/plugin-transform-unicode-sets-regex/-/plugin-transform-unicode-sets-regex-7.29.7.tgz 2797ms (cache miss)
3512 http fetch GET 200 https://registry.npmjs.org/@csstools/postcss-gradients-interpolation-method/-/postcss-gradients-interpolation-method-5.0.12.tgz 2798ms (cache miss)
3513 http fetch GET 200 https://registry.npmjs.org/@babel/plugin-transform-unicode-escapes/-/plugin-transform-unicode-escapes-7.29.7.tgz 2799ms (cache miss)
3514 http fetch GET 200 https://registry.npmjs.org/@babel/plugin-transform-typescript/-/plugin-transform-typescript-7.29.7.tgz 2799ms (cache miss)
3515 http fetch GET 200 https://registry.npmjs.org/@csstools/cascade-layer-name-parser/-/cascade-layer-name-parser-2.0.5.tgz 2805ms (cache miss)
3516 http fetch GET 200 https://registry.npmjs.org/@babel/preset-react/-/preset-react-7.29.7.tgz 2816ms (cache miss)
3517 http fetch GET 200 https://registry.npmjs.org/@babel/plugin-transform-spread/-/plugin-transform-spread-7.29.8.tgz 2821ms (cache miss)
3518 http fetch GET 200 https://registry.npmjs.org/@babel/plugin-transform-shorthand-properties/-/plugin-transform-shorthand-properties-7.29.7.tgz 2822ms (cache miss)
3519 http fetch GET 200 https://registry.npmjs.org/@babel/plugin-transform-react-constant-elements/-/plugin-transform-react-constant-elements-7.29.7.tgz 2830ms (cache miss)
3520 http fetch GET 200 https://registry.npmjs.org/@babel/plugin-transform-react-pure-annotations/-/plugin-transform-react-pure-annotations-7.29.7.tgz 2834ms (cache miss)
3521 http fetch GET 200 https://registry.npmjs.org/@babel/plugin-transform-typeof-symbol/-/plugin-transform-typeof-symbol-7.29.7.tgz 2834ms (cache miss)
3522 http fetch GET 200 https://registry.npmjs.org/@babel/plugin-transform-react-display-name/-/plugin-transform-react-display-name-7.29.7.tgz 2834ms (cache miss)
3523 http fetch GET 200 https://registry.npmjs.org/@babel/plugin-transform-regexp-modifiers/-/plugin-transform-regexp-modifiers-7.29.7.tgz 2834ms (cache miss)
3524 http fetch GET 200 https://registry.npmjs.org/@babel/plugin-transform-react-jsx/-/plugin-transform-react-jsx-7.29.7.tgz 2835ms (cache miss)
3525 http fetch GET 200 https://registry.npmjs.org/@babel/plugin-transform-template-literals/-/plugin-transform-template-literals-7.29.7.tgz 2839ms (cache miss)
3526 http fetch GET 200 https://registry.npmjs.org/@babel/plugin-transform-private-property-in-object/-/plugin-transform-private-property-in-object-7.29.7.tgz 2842ms (cache miss)
3527 http fetch GET 200 https://registry.npmjs.org/@babel/plugin-transform-reserved-words/-/plugin-transform-reserved-words-7.29.7.tgz 2846ms (cache miss)
3528 http fetch GET 200 https://registry.npmjs.org/@babel/plugin-transform-react-jsx-development/-/plugin-transform-react-jsx-development-7.29.7.tgz 2850ms (cache miss)
3529 http fetch GET 200 https://registry.npmjs.org/@babel/plugin-transform-property-literals/-/plugin-transform-property-literals-7.29.7.tgz 2851ms (cache miss)
3530 http fetch GET 200 https://registry.npmjs.org/@babel/plugin-transform-parameters/-/plugin-transform-parameters-7.29.7.tgz 2850ms (cache miss)
3531 http fetch GET 200 https://registry.npmjs.org/@babel/plugin-transform-optional-chaining/-/plugin-transform-optional-chaining-7.29.7.tgz 2857ms (cache miss)
3532 http fetch GET 200 https://registry.npmjs.org/@babel/plugin-transform-object-super/-/plugin-transform-object-super-7.29.7.tgz 2859ms (cache miss)
3533 http fetch GET 200 https://registry.npmjs.org/@babel/plugin-transform-private-methods/-/plugin-transform-private-methods-7.29.7.tgz 2873ms (cache miss)
3534 http fetch GET 200 https://registry.npmjs.org/@babel/plugin-transform-optional-catch-binding/-/plugin-transform-optional-catch-binding-7.29.7.tgz 2879ms (cache miss)
3535 http fetch GET 200 https://registry.npmjs.org/@babel/plugin-transform-nullish-coalescing-operator/-/plugin-transform-nullish-coalescing-operator-7.29.7.tgz 2879ms (cache miss)
3536 http fetch GET 200 https://registry.npmjs.org/@babel/plugin-transform-object-rest-spread/-/plugin-transform-object-rest-spread-7.29.7.tgz 2880ms (cache miss)
3537 http fetch GET 200 https://registry.npmjs.org/@babel/plugin-transform-numeric-separator/-/plugin-transform-numeric-separator-7.29.7.tgz 2881ms (cache miss)
3538 http fetch GET 200 https://registry.npmjs.org/@babel/plugin-transform-modules-systemjs/-/plugin-transform-modules-systemjs-7.29.8.tgz 2880ms (cache miss)
3539 http fetch GET 200 https://registry.npmjs.org/@babel/plugin-transform-named-capturing-groups-regex/-/plugin-transform-named-capturing-groups-regex-7.29.7.tgz 2881ms (cache miss)
3540 http fetch GET 200 https://registry.npmjs.org/@babel/plugin-transform-modules-commonjs/-/plugin-transform-modules-commonjs-7.29.7.tgz 2883ms (cache miss)
3541 http fetch GET 200 https://registry.npmjs.org/@babel/plugin-transform-modules-amd/-/plugin-transform-modules-amd-7.29.7.tgz 2884ms (cache miss)
3542 http fetch GET 200 https://registry.npmjs.org/@babel/plugin-transform-literals/-/plugin-transform-literals-7.29.7.tgz 2892ms (cache miss)
3543 http fetch GET 200 https://registry.npmjs.org/@babel/plugin-transform-member-expression-literals/-/plugin-transform-member-expression-literals-7.29.7.tgz 2892ms (cache miss)
3544 http fetch GET 200 https://registry.npmjs.org/@babel/plugin-transform-json-strings/-/plugin-transform-json-strings-7.29.7.tgz 2904ms (cache miss)
3545 http fetch GET 200 https://registry.npmjs.org/@babel/plugin-transform-logical-assignment-operators/-/plugin-transform-logical-assignment-operators-7.29.7.tgz 2904ms (cache miss)
3546 http fetch GET 200 https://registry.npmjs.org/@babel/plugin-transform-modules-umd/-/plugin-transform-modules-umd-7.29.7.tgz 2906ms (cache miss)
3547 http fetch GET 200 https://registry.npmjs.org/@babel/plugin-transform-new-target/-/plugin-transform-new-target-7.29.7.tgz 2906ms (cache miss)
3548 http fetch GET 200 https://registry.npmjs.org/@babel/plugin-transform-for-of/-/plugin-transform-for-of-7.29.7.tgz 2916ms (cache miss)
3549 http fetch GET 200 https://registry.npmjs.org/@babel/plugin-transform-explicit-resource-management/-/plugin-transform-explicit-resource-management-7.29.7.tgz 2921ms (cache miss)
3550 http fetch GET 200 https://registry.npmjs.org/@babel/plugin-transform-export-namespace-from/-/plugin-transform-export-namespace-from-7.29.7.tgz 2921ms (cache miss)
3551 http fetch GET 200 https://registry.npmjs.org/@babel/plugin-transform-function-name/-/plugin-transform-function-name-7.29.7.tgz 2921ms (cache miss)
3552 http fetch GET 200 https://registry.npmjs.org/@babel/plugin-transform-dynamic-import/-/plugin-transform-dynamic-import-7.29.7.tgz 2921ms (cache miss)
3553 http fetch GET 200 https://registry.npmjs.org/@babel/plugin-transform-duplicate-named-capturing-groups-regex/-/plugin-transform-duplicate-named-capturing-groups-regex-7.29.7.tgz 2923ms (cache miss)
3554 http fetch GET 200 https://registry.npmjs.org/@babel/plugin-transform-computed-properties/-/plugin-transform-computed-properties-7.29.7.tgz 2925ms (cache miss)
3555 http fetch GET 200 https://registry.npmjs.org/@babel/plugin-transform-class-static-block/-/plugin-transform-class-static-block-7.29.7.tgz 2929ms (cache miss)
3556 http fetch GET 200 https://registry.npmjs.org/@babel/plugin-transform-exponentiation-operator/-/plugin-transform-exponentiation-operator-7.29.7.tgz 2931ms (cache miss)
3557 http fetch GET 200 https://registry.npmjs.org/@babel/plugin-transform-classes/-/plugin-transform-classes-7.29.7.tgz 2934ms (cache miss)
3558 http fetch GET 200 https://registry.npmjs.org/@babel/plugin-transform-duplicate-keys/-/plugin-transform-duplicate-keys-7.29.7.tgz 2936ms (cache miss)
3559 http fetch GET 200 https://registry.npmjs.org/@babel/plugin-transform-block-scoping/-/plugin-transform-block-scoping-7.29.7.tgz 2939ms (cache miss)
3560 http fetch GET 200 https://registry.npmjs.org/@babel/plugin-transform-destructuring/-/plugin-transform-destructuring-7.29.7.tgz 2943ms (cache miss)
3561 http fetch GET 200 https://registry.npmjs.org/@babel/plugin-transform-dotall-regex/-/plugin-transform-dotall-regex-7.29.7.tgz 2946ms (cache miss)
3562 http fetch GET 200 https://registry.npmjs.org/@babel/plugin-syntax-unicode-sets-regex/-/plugin-syntax-unicode-sets-regex-7.18.6.tgz 2950ms (cache miss)
3563 http fetch GET 200 https://registry.npmjs.org/@babel/plugin-transform-arrow-functions/-/plugin-transform-arrow-functions-7.29.7.tgz 2956ms (cache miss)
3564 http fetch GET 200 https://registry.npmjs.org/@babel/plugin-syntax-jsx/-/plugin-syntax-jsx-7.29.7.tgz 2959ms (cache miss)
3565 http fetch GET 200 https://registry.npmjs.org/@babel/plugin-syntax-import-attributes/-/plugin-syntax-import-attributes-7.29.7.tgz 2963ms (cache miss)
3566 http fetch GET 200 https://registry.npmjs.org/@babel/plugin-syntax-typescript/-/plugin-syntax-typescript-7.29.7.tgz 2963ms (cache miss)
3567 http fetch GET 200 https://registry.npmjs.org/@babel/plugin-transform-async-generator-functions/-/plugin-transform-async-generator-functions-7.29.7.tgz 2963ms (cache miss)
3568 http fetch GET 200 https://registry.npmjs.org/@babel/plugin-transform-async-to-generator/-/plugin-transform-async-to-generator-7.29.7.tgz 2966ms (cache miss)
3569 http fetch GET 200 https://registry.npmjs.org/@babel/plugin-transform-block-scoped-functions/-/plugin-transform-block-scoped-functions-7.29.7.tgz 2967ms (cache miss)
3570 http fetch GET 200 https://registry.npmjs.org/@babel/plugin-proposal-private-property-in-object/-/plugin-proposal-private-property-in-object-7.21.0-placeholder-for-preset-env.2.tgz 2972ms (cache miss)
3571 http fetch GET 200 https://registry.npmjs.org/@babel/plugin-syntax-import-assertions/-/plugin-syntax-import-assertions-7.29.7.tgz 2976ms (cache miss)
3572 http fetch GET 200 https://registry.npmjs.org/@babel/plugin-bugfix-v8-spread-parameters-in-optional-chaining/-/plugin-bugfix-v8-spread-parameters-in-optional-chaining-7.29.7.tgz 2975ms (cache miss)
3573 http fetch GET 200 https://registry.npmjs.org/@babel/plugin-bugfix-v8-static-class-fields-redefine-readonly/-/plugin-bugfix-v8-static-class-fields-redefine-readonly-7.29.7.tgz 2977ms (cache miss)
3574 http fetch GET 200 https://registry.npmjs.org/@babel/plugin-transform-class-properties/-/plugin-transform-class-properties-7.29.7.tgz 2980ms (cache miss)
3575 http fetch GET 200 https://registry.npmjs.org/@babel/plugin-syntax-dynamic-import/-/plugin-syntax-dynamic-import-7.8.3.tgz 2984ms (cache miss)
3576 http fetch GET 200 https://registry.npmjs.org/@babel/helper-validator-option/-/helper-validator-option-7.29.7.tgz 3004ms (cache miss)
3577 http fetch GET 200 https://registry.npmjs.org/@babel/plugin-bugfix-safari-rest-destructuring-rhs-array/-/plugin-bugfix-safari-rest-destructuring-rhs-array-7.29.7.tgz 3005ms (cache miss)
3578 http fetch GET 200 https://registry.npmjs.org/@babel/plugin-bugfix-firefox-class-in-computed-class-key/-/plugin-bugfix-firefox-class-in-computed-class-key-7.29.7.tgz 3006ms (cache miss)
3579 http fetch GET 200 https://registry.npmjs.org/@babel/plugin-bugfix-safari-id-destructuring-collision-in-function-expression/-/plugin-bugfix-safari-id-destructuring-collision-in-function-expression-7.29.7.tgz 3008ms (cache miss)
3580 http fetch GET 200 https://registry.npmjs.org/@babel/helper-validator-identifier/-/helper-validator-identifier-7.29.7.tgz 3010ms (cache miss)
3581 http fetch GET 200 https://registry.npmjs.org/@babel/plugin-bugfix-safari-class-field-initializer-scope/-/plugin-bugfix-safari-class-field-initializer-scope-7.29.7.tgz 3010ms (cache miss)
3582 http fetch GET 200 https://registry.npmjs.org/@babel/helper-plugin-utils/-/helper-plugin-utils-7.29.7.tgz 3012ms (cache miss)
3583 http fetch GET 200 https://registry.npmjs.org/@babel/helper-wrap-function/-/helper-wrap-function-7.29.7.tgz 3024ms (cache miss)
3584 http fetch GET 200 https://registry.npmjs.org/@babel/helper-remap-async-to-generator/-/helper-remap-async-to-generator-7.29.7.tgz 3024ms (cache miss)
3585 http fetch GET 200 https://registry.npmjs.org/@babel/helper-string-parser/-/helper-string-parser-7.29.7.tgz 3026ms (cache miss)
3586 http fetch GET 200 https://registry.npmjs.org/@babel/helper-skip-transparent-expression-wrappers/-/helper-skip-transparent-expression-wrappers-7.29.7.tgz 3030ms (cache miss)
3587 http fetch GET 200 https://registry.npmjs.org/@babel/helper-module-imports/-/helper-module-imports-7.29.7.tgz 3030ms (cache miss)
3588 http fetch GET 200 https://registry.npmjs.org/@babel/helper-module-transforms/-/helper-module-transforms-7.29.7.tgz 3032ms (cache miss)
3589 http fetch GET 200 https://registry.npmjs.org/@babel/parser/-/parser-7.29.8.tgz 3034ms (cache miss)
3590 http fetch GET 200 https://registry.npmjs.org/@babel/compat-data/-/compat-data-7.29.7.tgz 3041ms (cache miss)
3591 http fetch GET 200 https://registry.npmjs.org/@babel/code-frame/-/code-frame-7.29.7.tgz 3043ms (cache miss)
3592 http fetch GET 200 https://registry.npmjs.org/@babel/helper-optimise-call-expression/-/helper-optimise-call-expression-7.29.7.tgz 3044ms (cache miss)
3593 http fetch GET 200 https://registry.npmjs.org/@babel/helper-globals/-/helper-globals-7.29.7.tgz 3050ms (cache miss)
3594 http fetch GET 200 https://registry.npmjs.org/@babel/helper-replace-supers/-/helper-replace-supers-7.29.7.tgz 3054ms (cache miss)
3595 http fetch GET 200 https://registry.npmjs.org/@babel/helper-member-expression-to-functions/-/helper-member-expression-to-functions-7.29.7.tgz 3061ms (cache miss)
3596 http fetch GET 200 https://registry.npmjs.org/@babel/helper-annotate-as-pure/-/helper-annotate-as-pure-7.29.7.tgz 3062ms (cache miss)
3597 http fetch GET 200 https://registry.npmjs.org/@algolia/requester-node-http/-/requester-node-http-5.56.0.tgz 3066ms (cache miss)
3598 http fetch GET 200 https://registry.npmjs.org/@algolia/requester-browser-xhr/-/requester-browser-xhr-5.56.0.tgz 3071ms (cache miss)
3599 http fetch GET 200 https://registry.npmjs.org/@algolia/requester-fetch/-/requester-fetch-5.56.0.tgz 3074ms (cache miss)
3600 http fetch GET 200 https://registry.npmjs.org/@webassemblyjs/wasm-gen/-/wasm-gen-1.14.1.tgz 3074ms (cache miss)
3601 http fetch GET 200 https://registry.npmjs.org/@ungap/structured-clone/-/structured-clone-1.3.3.tgz 3076ms (cache miss)
3602 http fetch GET 200 https://registry.npmjs.org/@algolia/client-common/-/client-common-5.56.0.tgz 3080ms (cache miss)
3603 http fetch GET 200 https://registry.npmjs.org/@webassemblyjs/ast/-/ast-1.14.1.tgz 3081ms (cache miss)
3604 http fetch GET 200 https://registry.npmjs.org/@types/serve-static/-/serve-static-1.15.10.tgz 3084ms (cache miss)
3605 http fetch GET 200 https://registry.npmjs.org/@jsonjoy.com/fs-snapshot/-/fs-snapshot-4.68.0.tgz 3091ms (cache miss)
3606 http fetch GET 200 https://registry.npmjs.org/@webassemblyjs/wasm-parser/-/wasm-parser-1.14.1.tgz 3102ms (cache miss)
3607 http fetch GET 200 https://registry.npmjs.org/@szmarczak/http-timer/-/http-timer-5.0.1.tgz 3105ms (cache miss)
3608 http fetch GET 200 https://registry.npmjs.org/@peculiar/asn1-pkcs9/-/asn1-pkcs9-2.8.0.tgz 3124ms (cache miss)
3609 http fetch GET 200 https://registry.npmjs.org/@peculiar/asn1-schema/-/asn1-schema-2.8.0.tgz 3125ms (cache miss)
3610 http fetch GET 200 https://registry.npmjs.org/@peculiar/asn1-rsa/-/asn1-rsa-2.8.0.tgz 3130ms (cache miss)
3611 http fetch GET 200 https://registry.npmjs.org/@peculiar/asn1-pfx/-/asn1-pfx-2.8.0.tgz 3134ms (cache miss)
3612 http fetch GET 200 https://registry.npmjs.org/@nodelib/fs.walk/-/fs.walk-1.2.8.tgz 3140ms (cache miss)
3613 http fetch GET 200 https://registry.npmjs.org/@peculiar/utils/-/utils-2.0.3.tgz 3151ms (cache miss)
3614 http fetch GET 200 https://registry.npmjs.org/@peculiar/asn1-x509-attr/-/asn1-x509-attr-2.8.0.tgz 3154ms (cache miss)
3615 http fetch GET 200 https://registry.npmjs.org/@peculiar/asn1-csr/-/asn1-csr-2.8.0.tgz 3164ms (cache miss)
3616 http fetch GET 200 https://registry.npmjs.org/@peculiar/asn1-ecc/-/asn1-ecc-2.8.0.tgz 3163ms (cache miss)
3617 http fetch GET 200 https://registry.npmjs.org/@peculiar/asn1-x509/-/asn1-x509-2.8.0.tgz 3167ms (cache miss)
3618 http fetch GET 200 https://registry.npmjs.org/@pnpm/network.ca-file/-/network.ca-file-1.0.2.tgz 3171ms (cache miss)
3619 http fetch GET 200 https://registry.npmjs.org/@11ty/gray-matter/-/gray-matter-1.0.0.tgz 3185ms (cache miss)
3620 http fetch GET 200 https://registry.npmjs.org/@nodelib/fs.stat/-/fs.stat-2.0.5.tgz 3188ms (cache miss)
3621 http fetch GET 200 https://registry.npmjs.org/@peculiar/asn1-pkcs8/-/asn1-pkcs8-2.8.0.tgz 3189ms (cache miss)
3622 http fetch GET 200 https://registry.npmjs.org/@nodelib/fs.scandir/-/fs.scandir-2.1.5.tgz 3189ms (cache miss)
3623 http fetch GET 200 https://registry.npmjs.org/@jsonjoy.com/json-pointer/-/json-pointer-1.0.2.tgz 3193ms (cache miss)
3624 http fetch GET 200 https://registry.npmjs.org/@peculiar/asn1-cms/-/asn1-cms-2.8.0.tgz 3195ms (cache miss)
3625 http fetch GET 200 https://registry.npmjs.org/@types/node/-/node-26.1.1.tgz 3202ms (cache miss)
3626 http fetch GET 200 https://registry.npmjs.org/@jsonjoy.com/fs-core/-/fs-core-4.68.0.tgz 3226ms (cache miss)
3627 http fetch GET 200 https://registry.npmjs.org/@jsonjoy.com/fs-node/-/fs-node-4.68.0.tgz 3243ms (cache miss)
3628 http fetch GET 200 https://registry.npmjs.org/@jridgewell/gen-mapping/-/gen-mapping-0.3.13.tgz 3242ms (cache miss)
3629 http fetch GET 200 https://registry.npmjs.org/@jsonjoy.com/codegen/-/codegen-1.0.0.tgz 3242ms (cache miss)
3630 http fetch GET 200 https://registry.npmjs.org/@babel/helper-create-regexp-features-plugin/-/helper-create-regexp-features-plugin-7.29.7.tgz 3242ms (cache miss)
3631 http fetch GET 200 https://registry.npmjs.org/@babel/helper-create-class-features-plugin/-/helper-create-class-features-plugin-7.29.7.tgz 3247ms (cache miss)
3632 http fetch GET 200 https://registry.npmjs.org/@jsonjoy.com/util/-/util-1.9.0.tgz 3259ms (cache miss)
3633 http fetch GET 200 https://registry.npmjs.org/@mdx-js/mdx/-/mdx-3.1.1.tgz 3259ms (cache miss)
3634 http fetch GET 200 https://registry.npmjs.org/@jridgewell/resolve-uri/-/resolve-uri-3.1.2.tgz 3261ms (cache miss)
3635 http fetch GET 200 https://registry.npmjs.org/@jsonjoy.com/buffers/-/buffers-17.67.0.tgz 3265ms (cache miss)
3636 http fetch GET 200 https://registry.npmjs.org/@docusaurus/theme-translations/-/theme-translations-3.10.2.tgz 3271ms (cache miss)
3637 http fetch GET 200 https://registry.npmjs.org/@jsonjoy.com/base64/-/base64-1.1.2.tgz 3270ms (cache miss)
3638 http fetch GET 200 https://registry.npmjs.org/@jsonjoy.com/fs-node-builtins/-/fs-node-builtins-4.68.0.tgz 3271ms (cache miss)
3639 http fetch GET 200 https://registry.npmjs.org/@jsonjoy.com/fs-node-utils/-/fs-node-utils-4.68.0.tgz 3278ms (cache miss)
3640 http fetch GET 200 https://registry.npmjs.org/@algolia/events/-/events-4.0.1.tgz 3297ms (cache miss)
3641 http fetch GET 200 https://registry.npmjs.org/@babel/helper-compilation-targets/-/helper-compilation-targets-7.29.7.tgz 3301ms (cache miss)
3642 http fetch GET 200 https://registry.npmjs.org/@docusaurus/theme-search-algolia/-/theme-search-algolia-3.10.2.tgz 3330ms (cache miss)
3643 http fetch GET 200 https://registry.npmjs.org/@docusaurus/plugin-content-docs/-/plugin-content-docs-3.10.2.tgz 3330ms (cache miss)
3644 http fetch GET 200 https://registry.npmjs.org/@docusaurus/utils/-/utils-3.10.2.tgz 3332ms (cache miss)
3645 http fetch GET 200 https://registry.npmjs.org/@docusaurus/theme-common/-/theme-common-3.10.2.tgz 3337ms (cache miss)
3646 http fetch GET 200 https://registry.npmjs.org/@docusaurus/plugin-debug/-/plugin-debug-3.10.2.tgz 3346ms (cache miss)
3647 http fetch GET 200 https://registry.npmjs.org/@docusaurus/bundler/-/bundler-3.10.2.tgz 3367ms (cache miss)
3648 http fetch GET 200 https://registry.npmjs.org/@jsonjoy.com/json-pack/-/json-pack-1.21.0.tgz 3378ms (cache miss)
3649 http fetch GET 200 https://registry.npmjs.org/@docusaurus/plugin-content-blog/-/plugin-content-blog-3.10.2.tgz 3376ms (cache miss)
3650 http fetch GET 200 https://registry.npmjs.org/@babel/preset-env/-/preset-env-7.29.7.tgz 3391ms (cache miss)
3651 http fetch GET 200 https://registry.npmjs.org/@docusaurus/logger/-/logger-3.10.2.tgz 3396ms (cache miss)
3652 http fetch GET 200 https://registry.npmjs.org/@csstools/postcss-cascade-layers/-/postcss-cascade-layers-5.0.2.tgz 3397ms (cache miss)
3653 http fetch GET 200 https://registry.npmjs.org/@csstools/postcss-is-pseudo-class/-/postcss-is-pseudo-class-5.0.3.tgz 3398ms (cache miss)
3654 http fetch GET 200 https://registry.npmjs.org/@csstools/postcss-scope-pseudo-class/-/postcss-scope-pseudo-class-4.0.1.tgz 3403ms (cache miss)
3655 http fetch GET 200 https://registry.npmjs.org/@docsearch/core/-/core-4.7.0.tgz 3404ms (cache miss)
3656 http fetch GET 200 https://registry.npmjs.org/@docusaurus/cssnano-preset/-/cssnano-preset-3.10.2.tgz 3405ms (cache miss)
3657 http fetch GET 200 https://registry.npmjs.org/@babel/plugin-transform-runtime/-/plugin-transform-runtime-7.29.7.tgz 3408ms (cache miss)
3658 http fetch GET 200 https://registry.npmjs.org/@babel/plugin-transform-regenerator/-/plugin-transform-regenerator-7.29.8.tgz 3411ms (cache miss)
3659 http fetch GET 200 https://registry.npmjs.org/@docusaurus/mdx-loader/-/mdx-loader-3.10.2.tgz 3416ms (cache miss)
3660 http fetch GET 200 https://registry.npmjs.org/@babel/preset-modules/-/preset-modules-0.1.6-no-external-plugins.tgz 3413ms (cache miss)
3661 http fetch GET 200 https://registry.npmjs.org/@babel/helper-define-polyfill-provider/-/helper-define-polyfill-provider-0.6.8.tgz 3423ms (cache miss)
3662 http fetch GET 200 https://registry.npmjs.org/wrap-ansi/-/wrap-ansi-8.1.0.tgz 3424ms (cache miss)
3663 http fetch GET 200 https://registry.npmjs.org/@colors/colors/-/colors-1.5.0.tgz 3425ms (cache miss)
3664 http fetch GET 200 https://registry.npmjs.org/webpack-dev-server/-/webpack-dev-server-5.2.6.tgz 3448ms (cache miss)
3665 http fetch GET 200 https://registry.npmjs.org/@babel/traverse/-/traverse-7.29.8.tgz 3449ms (cache miss)
3666 http fetch GET 200 https://registry.npmjs.org/wildcard/-/wildcard-2.0.1.tgz 3470ms (cache miss)
3667 http fetch GET 200 https://registry.npmjs.org/@babel/generator/-/generator-7.29.8.tgz 3477ms (cache miss)
3668 http fetch GET 200 https://registry.npmjs.org/@algolia/client-query-suggestions/-/client-query-suggestions-5.56.0.tgz 3485ms (cache miss)
3669 http fetch GET 200 https://registry.npmjs.org/@algolia/client-insights/-/client-insights-5.56.0.tgz 3487ms (cache miss)
3670 http fetch GET 200 https://registry.npmjs.org/@algolia/client-personalization/-/client-personalization-5.56.0.tgz 3488ms (cache miss)
3671 http fetch GET 200 https://registry.npmjs.org/websocket-extensions/-/websocket-extensions-0.1.4.tgz 3488ms (cache miss)
3672 http fetch GET 200 https://registry.npmjs.org/@babel/types/-/types-7.29.8.tgz 3538ms (cache miss)
3673 http fetch GET 200 https://registry.npmjs.org/wsl-utils/-/wsl-utils-0.1.0.tgz 3541ms (cache miss)
3674 http fetch GET 200 https://registry.npmjs.org/@algolia/recommend/-/recommend-5.56.0.tgz 3549ms (cache miss)
3675 http fetch GET 200 https://registry.npmjs.org/websocket-driver/-/websocket-driver-0.7.5.tgz 3548ms (cache miss)
3676 http fetch GET 200 https://registry.npmjs.org/webpackbar/-/webpackbar-7.0.0.tgz 3556ms (cache miss)
3677 http fetch GET 200 https://registry.npmjs.org/@algolia/monitoring/-/monitoring-1.56.0.tgz 3567ms (cache miss)
3678 http fetch GET 200 https://registry.npmjs.org/tiny-invariant/-/tiny-invariant-1.3.3.tgz 3569ms (cache miss)
3679 http fetch GET 200 https://registry.npmjs.org/url-loader/-/url-loader-4.1.1.tgz 3570ms (cache miss)
3680 http fetch GET 200 https://registry.npmjs.org/update-notifier/-/update-notifier-6.0.2.tgz 3569ms (cache miss)
3681 http fetch GET 200 https://registry.npmjs.org/type-is/-/type-is-1.6.18.tgz 3571ms (cache miss)
3682 http fetch GET 200 https://registry.npmjs.org/string-width/-/string-width-5.1.2.tgz 3574ms (cache miss)
3683 http fetch GET 200 https://registry.npmjs.org/rc/-/rc-1.2.8.tgz 3576ms (cache miss)
3684 http fetch GET 200 https://registry.npmjs.org/tinypool/-/tinypool-1.1.1.tgz 3582ms (cache miss)
3685 http fetch GET 200 https://registry.npmjs.org/webpack-sources/-/webpack-sources-3.5.1.tgz 3585ms (cache miss)
3686 http fetch GET 200 https://registry.npmjs.org/@algolia/abtesting/-/abtesting-1.22.0.tgz 3588ms (cache miss)
3687 http fetch GET 200 https://registry.npmjs.org/webpack-dev-middleware/-/webpack-dev-middleware-7.4.5.tgz 3586ms (cache miss)
3688 http fetch GET 200 https://registry.npmjs.org/terser-webpack-plugin/-/terser-webpack-plugin-5.6.1.tgz 3586ms (cache miss)
3689 http fetch GET 200 https://registry.npmjs.org/watchpack/-/watchpack-2.5.2.tgz 3588ms (cache miss)
3690 http fetch GET 200 https://registry.npmjs.org/stringify-entities/-/stringify-entities-4.0.4.tgz 3589ms (cache miss)
3691 http fetch GET 200 https://registry.npmjs.org/@docsearch/react/-/react-4.7.0.tgz 3599ms (cache miss)
3692 http fetch GET 200 https://registry.npmjs.org/send/-/send-0.19.2.tgz 3597ms (cache miss)
3693 http fetch GET 200 https://registry.npmjs.org/webpack-bundle-analyzer/-/webpack-bundle-analyzer-4.10.2.tgz 3602ms (cache miss)
3694 http fetch GET 200 https://registry.npmjs.org/source-map-support/-/source-map-support-0.5.21.tgz 3602ms (cache miss)
3695 http fetch GET 200 https://registry.npmjs.org/@algolia/autocomplete-plugin-algolia-insights/-/autocomplete-plugin-algolia-insights-1.19.9.tgz 3606ms (cache miss)
3696 http fetch GET 200 https://registry.npmjs.org/@algolia/ingestion/-/ingestion-1.56.0.tgz 3613ms (cache miss)
3697 http fetch GET 200 https://registry.npmjs.org/reusify/-/reusify-1.1.0.tgz 3611ms (cache miss)
3698 http fetch GET 200 https://registry.npmjs.org/require-like/-/require-like-0.1.2.tgz 3613ms (cache miss)
3699 http fetch GET 200 https://registry.npmjs.org/serve-handler/-/serve-handler-6.1.7.tgz 3616ms (cache miss)
3700 http fetch GET 200 https://registry.npmjs.org/selfsigned/-/selfsigned-5.5.0.tgz 3617ms (cache miss)
3701 http fetch GET 200 https://registry.npmjs.org/spdy/-/spdy-4.0.2.tgz 3625ms (cache miss)
3702 http fetch GET 200 https://registry.npmjs.org/sitemap/-/sitemap-7.1.3.tgz 3627ms (cache miss)
3703 http fetch GET 200 https://registry.npmjs.org/@algolia/client-abtesting/-/client-abtesting-5.56.0.tgz 3632ms (cache miss)
3704 http fetch GET 200 https://registry.npmjs.org/relateurl/-/relateurl-0.2.7.tgz 3632ms (cache miss)
3705 http fetch GET 200 https://registry.npmjs.org/schema-utils/-/schema-utils-4.3.3.tgz 3635ms (cache miss)
3706 http fetch GET 200 https://registry.npmjs.org/uuid/-/uuid-8.3.2.tgz 3648ms (cache miss)
3707 http fetch GET 200 https://registry.npmjs.org/raw-body/-/raw-body-2.5.3.tgz 3646ms (cache miss)
3708 http fetch GET 200 https://registry.npmjs.org/postcss-selector-not/-/postcss-selector-not-8.0.1.tgz 3645ms (cache miss)
3709 http fetch GET 200 https://registry.npmjs.org/postcss-zindex/-/postcss-zindex-6.0.2.tgz 3645ms (cache miss)
3710 http fetch GET 200 https://registry.npmjs.org/readable-stream/-/readable-stream-3.6.2.tgz 3647ms (cache miss)
3711 warn deprecated uuid@8.3.2: uuid@10 and below is no longer supported.  For ESM codebases, update to uuid@latest.  For CommonJS codebases, use uuid@11 (but be aware this version will likely be deprecated in 2028).
3712 http fetch GET 200 https://registry.npmjs.org/proxy-addr/-/proxy-addr-2.0.7.tgz 3649ms (cache miss)
3713 http fetch GET 200 https://registry.npmjs.org/@algolia/client-analytics/-/client-analytics-5.56.0.tgz 3653ms (cache miss)
3714 http fetch GET 200 https://registry.npmjs.org/postcss-pseudo-class-any-link/-/postcss-pseudo-class-any-link-10.0.1.tgz 3649ms (cache miss)
3715 http fetch GET 200 https://registry.npmjs.org/pretty-error/-/pretty-error-4.0.0.tgz 3650ms (cache miss)
3716 http fetch GET 200 https://registry.npmjs.org/postcss-svgo/-/postcss-svgo-6.0.3.tgz 3650ms (cache miss)
3717 http fetch GET 200 https://registry.npmjs.org/postcss-modules-local-by-default/-/postcss-modules-local-by-default-4.2.0.tgz 3650ms (cache miss)
3718 http fetch GET 200 https://registry.npmjs.org/uri-js/-/uri-js-4.4.1.tgz 3655ms (cache miss)
3719 http fetch GET 200 https://registry.npmjs.org/parse-entities/-/parse-entities-4.0.2.tgz 3660ms (cache miss)
3720 http fetch GET 200 https://registry.npmjs.org/terser/-/terser-5.49.0.tgz 3664ms (cache miss)
3721 http fetch GET 200 https://registry.npmjs.org/react-json-view-lite/-/react-json-view-lite-2.5.0.tgz 3662ms (cache miss)
3722 http fetch GET 200 https://registry.npmjs.org/react-router-dom/-/react-router-dom-5.3.4.tgz 3668ms (cache miss)
3723 http fetch GET 200 https://registry.npmjs.org/svgo/-/svgo-3.3.4.tgz 3673ms (cache miss)
3724 http fetch GET 200 https://registry.npmjs.org/postcss-ordered-values/-/postcss-ordered-values-6.0.2.tgz 3668ms (cache miss)
3725 http fetch GET 200 https://registry.npmjs.org/react-loadable-ssr-addon-v5-slorber/-/react-loadable-ssr-addon-v5-slorber-1.0.3.tgz 3674ms (cache miss)
3726 http fetch GET 200 https://registry.npmjs.org/@docusaurus/core/-/core-3.10.2.tgz 3684ms (cache miss)
3727 http fetch GET 200 https://registry.npmjs.org/postcss-reduce-idents/-/postcss-reduce-idents-6.0.3.tgz 3675ms (cache miss)
3728 http fetch GET 200 https://registry.npmjs.org/stylehacks/-/stylehacks-6.1.1.tgz 3679ms (cache miss)
3729 http fetch GET 200 https://registry.npmjs.org/postcss-normalize-display-values/-/postcss-normalize-display-values-6.0.2.tgz 3675ms (cache miss)
3730 http fetch GET 200 https://registry.npmjs.org/postcss-normalize-repeat-style/-/postcss-normalize-repeat-style-6.0.2.tgz 3677ms (cache miss)
3731 http fetch GET 200 https://registry.npmjs.org/postcss-modules-scope/-/postcss-modules-scope-3.2.1.tgz 3677ms (cache miss)
3732 http fetch GET 200 https://registry.npmjs.org/postcss-focus-visible/-/postcss-focus-visible-10.0.1.tgz 3679ms (cache miss)
3733 http fetch GET 200 https://registry.npmjs.org/postcss-custom-selectors/-/postcss-custom-selectors-8.0.5.tgz 3683ms (cache miss)
3734 http fetch GET 200 https://registry.npmjs.org/postcss-minify-selectors/-/postcss-minify-selectors-6.0.4.tgz 3686ms (cache miss)
3735 http fetch GET 200 https://registry.npmjs.org/postcss-minify-font-values/-/postcss-minify-font-values-6.1.0.tgz 3687ms (cache miss)
3736 http fetch GET 200 https://registry.npmjs.org/postcss-merge-rules/-/postcss-merge-rules-6.1.1.tgz 3687ms (cache miss)
3737 http fetch GET 200 https://registry.npmjs.org/postcss-nesting/-/postcss-nesting-13.0.2.tgz 3688ms (cache miss)
3738 http fetch GET 200 https://registry.npmjs.org/@babel/core/-/core-7.29.7.tgz 3696ms (cache miss)
3739 http fetch GET 200 https://registry.npmjs.org/postcss-convert-values/-/postcss-convert-values-6.1.0.tgz 3687ms (cache miss)
3740 http fetch GET 200 https://registry.npmjs.org/spdy-transport/-/spdy-transport-3.0.0.tgz 3696ms (cache miss)
3741 http fetch GET 200 https://registry.npmjs.org/postcss-reduce-initial/-/postcss-reduce-initial-6.1.0.tgz 3695ms (cache miss)
3742 http fetch GET 200 https://registry.npmjs.org/postcss-selector-parser/-/postcss-selector-parser-6.1.4.tgz 3698ms (cache miss)
3743 http fetch GET 200 https://registry.npmjs.org/@algolia/client-search/-/client-search-5.56.0.tgz 3703ms (cache miss)
3744 http fetch GET 200 https://registry.npmjs.org/@algolia/autocomplete-core/-/autocomplete-core-1.19.9.tgz 3705ms (cache miss)
3745 http fetch GET 200 https://registry.npmjs.org/property-information/-/property-information-7.2.0.tgz 3705ms (cache miss)
3746 http fetch GET 200 https://registry.npmjs.org/postcss-dir-pseudo-class/-/postcss-dir-pseudo-class-9.0.1.tgz 3702ms (cache miss)
3747 http fetch GET 200 https://registry.npmjs.org/postcss-discard-comments/-/postcss-discard-comments-6.0.2.tgz 3702ms (cache miss)
3748 http fetch GET 200 https://registry.npmjs.org/postcss-focus-within/-/postcss-focus-within-9.0.1.tgz 3710ms (cache miss)
3749 http fetch GET 200 https://registry.npmjs.org/parse5-htmlparser2-tree-adapter/-/parse5-htmlparser2-tree-adapter-7.1.0.tgz 3711ms (cache miss)
3750 http fetch GET 200 https://registry.npmjs.org/postcss-attribute-case-insensitive/-/postcss-attribute-case-insensitive-7.0.1.tgz 3712ms (cache miss)
3751 http fetch GET 200 https://registry.npmjs.org/nth-check/-/nth-check-2.1.1.tgz 3719ms (cache miss)
3752 http fetch GET 200 https://registry.npmjs.org/null-loader/-/null-loader-4.0.1.tgz 3719ms (cache miss)
3753 http fetch GET 200 https://registry.npmjs.org/micromark-util-sanitize-uri/-/micromark-util-sanitize-uri-2.0.1.tgz 3719ms (cache miss)
3754 http fetch GET 200 https://registry.npmjs.org/micromark-util-subtokenize/-/micromark-util-subtokenize-2.1.0.tgz 3720ms (cache miss)
3755 http fetch GET 200 https://registry.npmjs.org/node-releases/-/node-releases-2.0.51.tgz 3725ms (cache miss)
3756 http fetch GET 200 https://registry.npmjs.org/postcss-calc/-/postcss-calc-9.0.1.tgz 3734ms (cache miss)
3757 http fetch GET 200 https://registry.npmjs.org/minimizer-webpack-plugin/-/minimizer-webpack-plugin-5.6.1.tgz 3737ms (cache miss)
3758 http fetch GET 200 https://registry.npmjs.org/@algolia/autocomplete-shared/-/autocomplete-shared-1.19.9.tgz 3748ms (cache miss)
3759 http fetch GET 200 https://registry.npmjs.org/object-inspect/-/object-inspect-1.13.4.tgz 3743ms (cache miss)
3760 http fetch GET 200 https://registry.npmjs.org/micromark-util-normalize-identifier/-/micromark-util-normalize-identifier-2.0.1.tgz 3742ms (cache miss)
3761 http fetch GET 200 https://registry.npmjs.org/micromark-util-chunked/-/micromark-util-chunked-2.0.1.tgz 3743ms (cache miss)
3762 http fetch GET 200 https://registry.npmjs.org/micromark-factory-space/-/micromark-factory-space-1.1.0.tgz 3743ms (cache miss)
3763 http fetch GET 200 https://registry.npmjs.org/micromark-util-classify-character/-/micromark-util-classify-character-2.0.1.tgz 3746ms (cache miss)
3764 http fetch GET 200 https://registry.npmjs.org/micromark-util-decode-string/-/micromark-util-decode-string-2.0.1.tgz 3746ms (cache miss)
3765 http fetch GET 200 https://registry.npmjs.org/micromark-util-events-to-acorn/-/micromark-util-events-to-acorn-2.0.3.tgz 3750ms (cache miss)
3766 http fetch GET 200 https://registry.npmjs.org/prompts/-/prompts-2.4.2.tgz 3754ms (cache miss)
3767 http fetch GET 200 https://registry.npmjs.org/renderkid/-/renderkid-3.0.0.tgz 3756ms (cache miss)
3768 http fetch GET 200 https://registry.npmjs.org/micromark-util-character/-/micromark-util-character-1.2.0.tgz 3750ms (cache miss)
3769 http fetch GET 200 https://registry.npmjs.org/micromark-util-decode-numeric-character-reference/-/micromark-util-decode-numeric-character-reference-2.0.2.tgz 3749ms (cache miss)
3770 http fetch GET 200 https://registry.npmjs.org/mini-css-extract-plugin/-/mini-css-extract-plugin-2.10.2.tgz 3752ms (cache miss)
3771 http fetch GET 200 https://registry.npmjs.org/micromark-factory-destination/-/micromark-factory-destination-2.0.1.tgz 3751ms (cache miss)
3772 http fetch GET 200 https://registry.npmjs.org/micromark-factory-title/-/micromark-factory-title-2.0.1.tgz 3755ms (cache miss)
3773 http fetch GET 200 https://registry.npmjs.org/micromark-factory-label/-/micromark-factory-label-2.0.1.tgz 3755ms (cache miss)
3774 http fetch GET 200 https://registry.npmjs.org/@babel/runtime/-/runtime-7.29.7.tgz 3768ms (cache miss)
3775 http fetch GET 200 https://registry.npmjs.org/micromark-factory-whitespace/-/micromark-factory-whitespace-2.0.1.tgz 3756ms (cache miss)
3776 http fetch GET 200 https://registry.npmjs.org/micromark-extension-mdxjs-esm/-/micromark-extension-mdxjs-esm-3.0.0.tgz 3757ms (cache miss)
3777 http fetch GET 200 https://registry.npmjs.org/serve-index/-/serve-index-1.9.2.tgz 3764ms (cache miss)
3778 http fetch GET 200 https://registry.npmjs.org/micromark-factory-mdx-expression/-/micromark-factory-mdx-expression-2.0.3.tgz 3759ms (cache miss)
3779 http fetch GET 200 https://registry.npmjs.org/resolve/-/resolve-1.22.12.tgz 3773ms (cache miss)
3780 http fetch GET 200 https://registry.npmjs.org/micromark-extension-gfm-autolink-literal/-/micromark-extension-gfm-autolink-literal-2.1.0.tgz 3767ms (cache miss)
3781 http fetch GET 200 https://registry.npmjs.org/micromark-extension-frontmatter/-/micromark-extension-frontmatter-2.0.0.tgz 3767ms (cache miss)
3782 http fetch GET 200 https://registry.npmjs.org/postcss-merge-longhand/-/postcss-merge-longhand-6.0.5.tgz 3780ms (cache miss)
3783 http fetch GET 200 https://registry.npmjs.org/micromark-extension-mdx-expression/-/micromark-extension-mdx-expression-3.0.1.tgz 3778ms (cache miss)
3784 http fetch GET 200 https://registry.npmjs.org/micromark-extension-gfm-task-list-item/-/micromark-extension-gfm-task-list-item-2.1.0.tgz 3781ms (cache miss)
3785 http fetch GET 200 https://registry.npmjs.org/micromark-extension-gfm-strikethrough/-/micromark-extension-gfm-strikethrough-2.1.0.tgz 3783ms (cache miss)
3786 http fetch GET 200 https://registry.npmjs.org/mdast-util-gfm-autolink-literal/-/mdast-util-gfm-autolink-literal-2.0.1.tgz 3783ms (cache miss)
3787 http fetch GET 200 https://registry.npmjs.org/@babel/helpers/-/helpers-7.29.7.tgz 3806ms (cache miss)
3788 http fetch GET 200 https://registry.npmjs.org/micromark-extension-gfm-footnote/-/micromark-extension-gfm-footnote-2.1.0.tgz 3793ms (cache miss)
3789 http fetch GET 200 https://registry.npmjs.org/mdast-util-frontmatter/-/mdast-util-frontmatter-2.0.1.tgz 3795ms (cache miss)
3790 http fetch GET 200 https://registry.npmjs.org/micromark-extension-directive/-/micromark-extension-directive-3.0.2.tgz 3799ms (cache miss)
3791 http fetch GET 200 https://registry.npmjs.org/parse5/-/parse5-7.3.0.tgz 3804ms (cache miss)
3792 http fetch GET 200 https://registry.npmjs.org/micromark-extension-gfm-table/-/micromark-extension-gfm-table-2.1.1.tgz 3801ms (cache miss)
3793 http fetch GET 200 https://registry.npmjs.org/micromark-extension-mdx-jsx/-/micromark-extension-mdx-jsx-3.0.2.tgz 3802ms (cache miss)
3794 http fetch GET 200 https://registry.npmjs.org/memfs/-/memfs-4.68.0.tgz 3806ms (cache miss)
3795 http fetch GET 200 https://registry.npmjs.org/mdast-util-find-and-replace/-/mdast-util-find-and-replace-3.0.2.tgz 3808ms (cache miss)
3796 http fetch GET 200 https://registry.npmjs.org/mdast-util-from-markdown/-/mdast-util-from-markdown-2.0.3.tgz 3815ms (cache miss)
3797 http fetch GET 200 https://registry.npmjs.org/is-inside-container/-/is-inside-container-1.0.0.tgz 3816ms (cache miss)
3798 http fetch GET 200 https://registry.npmjs.org/loader-utils/-/loader-utils-2.0.4.tgz 3826ms (cache miss)
3799 http fetch GET 200 https://registry.npmjs.org/jest-worker/-/jest-worker-29.7.0.tgz 3829ms (cache miss)
3800 http fetch GET 200 https://registry.npmjs.org/json-schema-traverse/-/json-schema-traverse-1.0.0.tgz 3830ms (cache miss)
3801 http fetch GET 200 https://registry.npmjs.org/human-signals/-/human-signals-2.1.0.tgz 3834ms (cache miss)
3802 http fetch GET 200 https://registry.npmjs.org/http-proxy-middleware/-/http-proxy-middleware-2.0.10.tgz 3845ms (cache miss)
3803 http fetch GET 200 https://registry.npmjs.org/tsyringe/-/tsyringe-4.10.0.tgz 3859ms (cache miss)
3804 http fetch GET 200 https://registry.npmjs.org/hyperdyperid/-/hyperdyperid-1.2.0.tgz 3851ms (cache miss)
3805 http fetch GET 200 https://registry.npmjs.org/micromark/-/micromark-4.0.2.tgz 3860ms (cache miss)
3806 http fetch GET 200 https://registry.npmjs.org/has-symbols/-/has-symbols-1.1.0.tgz 3861ms (cache miss)
3807 http fetch GET 200 https://registry.npmjs.org/http-proxy/-/http-proxy-1.18.1.tgz 3862ms (cache miss)
3808 http fetch GET 200 https://registry.npmjs.org/jiti/-/jiti-1.21.7.tgz 3863ms (cache miss)
3809 http fetch GET 200 https://registry.npmjs.org/http2-wrapper/-/http2-wrapper-2.2.1.tgz 3863ms (cache miss)
3810 http fetch GET 200 https://registry.npmjs.org/iconv-lite/-/iconv-lite-0.4.24.tgz 3867ms (cache miss)
3811 http fetch GET 200 https://registry.npmjs.org/js-yaml/-/js-yaml-4.3.1.tgz 3868ms (cache miss)
3812 http fetch GET 200 https://registry.npmjs.org/joi/-/joi-17.13.4.tgz 3874ms (cache miss)
3813 warn tar TAR_ENTRY_ERROR EPERM: operation not permitted, open '/Users/pcartee/github/writing-samples/writing-samples/node_modules/feed/.vscode/settings.json'
3814 silly tar TAR_ENTRY_ERROR EPERM: operation not permitted, open '/Users/pcartee/github/writing-samples/writing-samples/node_modules/feed/.vscode/settings.json' [Error: EPERM: operation not permitted, open '/Users/pcartee/github/writing-samples/writing-samples/node_modules/feed/.vscode/settings.json'] {
3814 silly tar   errno: -1,
3814 silly tar   code: 'EPERM',
3814 silly tar   syscall: 'open',
3814 silly tar   path: '/Users/pcartee/github/writing-samples/writing-samples/node_modules/feed/.vscode/settings.json',
3814 silly tar   entry: Is {
3814 silly tar     _events: [Object: null prototype] {},
3814 silly tar     _eventsCount: 0,
3814 silly tar     _maxListeners: undefined,
3814 silly tar     writable: false,
3814 silly tar     readable: false,
3814 silly tar     extended: undefined,
3814 silly tar     globalExtended: undefined,
3814 silly tar     header: Ls {
3814 silly tar       cksumValid: true,
3814 silly tar       needPax: false,
3814 silly tar       nullBlock: false,
3814 silly tar       block: undefined,
3814 silly tar       path: 'package/.vscode/settings.json',
3814 silly tar       mode: 420,
3814 silly tar       uid: undefined,
3814 silly tar       gid: undefined,
3814 silly tar       size: 106,
3814 silly tar       cksum: 5866,
3814 silly tar       linkpath: '',
3814 silly tar       uname: '',
3814 silly tar       gname: '',
3814 silly tar       devmaj: 0,
3814 silly tar       devmin: 0,
3814 silly tar       atime: undefined,
3814 silly tar       ctime: undefined,
3814 silly tar       mtime: 1985-10-26T08:15:00.000Z,
3814 silly tar       charset: undefined,
3814 silly tar       comment: undefined
3814 silly tar     },
3814 silly tar     startBlockSize: 512,
3814 silly tar     blockRemain: 0,
3814 silly tar     remain: 0,
3814 silly tar     type: 'File',
3814 silly tar     meta: false,
3814 silly tar     ignore: false,
3814 silly tar     path: '.vscode/settings.json',
3814 silly tar     mode: 438,
3814 silly tar     uid: undefined,
3814 silly tar     gid: undefined,
3814 silly tar     uname: '',
3814 silly tar     gname: '',
3814 silly tar     size: 106,
3814 silly tar     mtime: 1985-10-26T08:15:00.000Z,
3814 silly tar     atime: undefined,
3814 silly tar     ctime: undefined,
3814 silly tar     linkpath: undefined,
3814 silly tar     dev: undefined,
3814 silly tar     ino: undefined,
3814 silly tar     nlink: undefined,
3814 silly tar     invalid: false,
3814 silly tar     absolute: '/Users/pcartee/github/writing-samples/writing-samples/node_modules/feed/.vscode/settings.json',
3814 silly tar     unsupported: false,
3814 silly tar     Symbol(shapeMode): false,
3814 silly tar     Symbol(kCapture): false,
3814 silly tar     Symbol(flowing): false,
3814 silly tar     Symbol(paused): true,
3814 silly tar     Symbol(pipes): [ [Ht] ],
3814 silly tar     Symbol(buffer): [],
3814 silly tar     Symbol(objectMode): false,
3814 silly tar     Symbol(encoding): null,
3814 silly tar     Symbol(async): false,
3814 silly tar     Symbol(decoder): null,
3814 silly tar     Symbol(EOF): true,
3814 silly tar     Symbol(emittedEnd): true,
3814 silly tar     Symbol(emittingEnd): false,
3814 silly tar     Symbol(closed): false,
3814 silly tar     Symbol(emittedError): null,
3814 silly tar     Symbol(bufferLength): 0,
3814 silly tar     Symbol(destroyed): false,
3814 silly tar     Symbol(signal): undefined,
3814 silly tar     Symbol(aborted): false,
3814 silly tar     Symbol(dataListeners): 0,
3814 silly tar     Symbol(discarded): false
3814 silly tar   },
3814 silly tar   cwd: '/Users/pcartee/github/writing-samples/writing-samples/node_modules/feed',
3814 silly tar   tarCode: 'TAR_ENTRY_ERROR'
3814 silly tar }
3815 http fetch GET 200 https://registry.npmjs.org/html-webpack-plugin/-/html-webpack-plugin-5.6.7.tgz 3877ms (cache miss)
3816 http fetch GET 200 https://registry.npmjs.org/finalhandler/-/finalhandler-1.3.2.tgz 3879ms (cache miss)
3817 http fetch GET 200 https://registry.npmjs.org/file-loader/-/file-loader-6.2.0.tgz 3879ms (cache miss)
3818 http fetch GET 200 https://registry.npmjs.org/detect-port/-/detect-port-2.1.0.tgz 3882ms (cache miss)
3819 http fetch GET 200 https://registry.npmjs.org/mdast-util-to-hast/-/mdast-util-to-hast-13.2.1.tgz 3888ms (cache miss)
3820 http fetch GET 200 https://registry.npmjs.org/htmlparser2/-/htmlparser2-8.0.2.tgz 3892ms (cache miss)
3821 http fetch GET 200 https://registry.npmjs.org/faye-websocket/-/faye-websocket-0.11.4.tgz 3895ms (cache miss)
3822 http fetch GET 200 https://registry.npmjs.org/hast-util-to-estree/-/hast-util-to-estree-3.1.3.tgz 3898ms (cache miss)
3823 http fetch GET 200 https://registry.npmjs.org/form-data-encoder/-/form-data-encoder-2.1.4.tgz 3898ms (cache miss)
3824 http fetch GET 200 https://registry.npmjs.org/hpack.js/-/hpack.js-2.1.6.tgz 3898ms (cache miss)
3825 http fetch GET 200 https://registry.npmjs.org/css-blank-pseudo/-/css-blank-pseudo-7.0.1.tgz 3899ms (cache miss)
3826 http fetch GET 200 https://registry.npmjs.org/fs-extra/-/fs-extra-11.3.6.tgz 3902ms (cache miss)
3827 http fetch GET 200 https://registry.npmjs.org/feed/-/feed-4.2.2.tgz 3912ms (cache miss)
3828 http fetch GET 200 https://registry.npmjs.org/infima/-/infima-0.2.0-alpha.45.tgz 3923ms (cache miss)
3829 http fetch GET 200 https://registry.npmjs.org/css-has-pseudo/-/css-has-pseudo-7.0.3.tgz 3921ms (cache miss)
3830 http fetch GET 200 https://registry.npmjs.org/cli-table3/-/cli-table3-0.6.5.tgz 3922ms (cache miss)
3831 http fetch GET 200 https://registry.npmjs.org/micromark-core-commonmark/-/micromark-core-commonmark-2.0.3.tgz 3926ms (cache miss)
3832 http fetch GET 200 https://registry.npmjs.org/crypto-random-string/-/crypto-random-string-4.0.0.tgz 3923ms (cache miss)
3833 http fetch GET 200 https://registry.npmjs.org/express/-/express-4.22.2.tgz 3923ms (cache miss)
3834 http fetch GET 200 https://registry.npmjs.org/compression/-/compression-1.8.1.tgz 3922ms (cache miss)
3835 http fetch GET 200 https://registry.npmjs.org/body-parser/-/body-parser-1.20.6.tgz 3929ms (cache miss)
3836 http fetch GET 200 https://registry.npmjs.org/babel-plugin-polyfill-corejs2/-/babel-plugin-polyfill-corejs2-0.4.17.tgz 3938ms (cache miss)
3837 http fetch GET 200 https://registry.npmjs.org/ansi-align/-/ansi-align-3.0.1.tgz 3940ms (cache miss)
3838 http fetch GET 200 https://registry.npmjs.org/accepts/-/accepts-1.3.8.tgz 3946ms (cache miss)
3839 http fetch GET 200 https://registry.npmjs.org/html-minifier-terser/-/html-minifier-terser-7.2.0.tgz 3952ms (cache miss)
3840 http fetch GET 200 https://registry.npmjs.org/slash/-/slash-4.0.0.tgz 3963ms (cache miss)
3841 http fetch GET 200 https://registry.npmjs.org/mimic-response/-/mimic-response-3.1.0.tgz 3963ms (cache miss)
3842 http fetch GET 200 https://registry.npmjs.org/globby/-/globby-13.2.2.tgz 3963ms (cache miss)
3843 http fetch GET 200 https://registry.npmjs.org/glob-parent/-/glob-parent-6.0.2.tgz 3963ms (cache miss)
3844 http fetch GET 200 https://registry.npmjs.org/is-obj/-/is-obj-2.0.0.tgz 3964ms (cache miss)
3845 http fetch GET 200 https://registry.npmjs.org/estraverse/-/estraverse-5.3.0.tgz 3965ms (cache miss)
3846 http fetch GET 200 https://registry.npmjs.org/ini/-/ini-1.3.8.tgz 3965ms (cache miss)
3847 http fetch GET 200 https://registry.npmjs.org/graceful-fs/-/graceful-fs-4.2.10.tgz 3967ms (cache miss)
3848 http fetch GET 200 https://registry.npmjs.org/mdast-util-to-markdown/-/mdast-util-to-markdown-2.1.2.tgz 3974ms (cache miss)
3849 http fetch GET 200 https://registry.npmjs.org/got/-/got-12.6.1.tgz 3972ms (cache miss)
3850 http fetch GET 200 https://registry.npmjs.org/image-size/-/image-size-2.0.2.tgz 3974ms (cache miss)
3851 http fetch GET 200 https://registry.npmjs.org/bonjour-service/-/bonjour-service-1.4.4.tgz 3972ms (cache miss)
3852 http fetch GET 200 https://registry.npmjs.org/mime-db/-/mime-db-1.54.0.tgz 3972ms (cache miss)
3853 http fetch GET 200 https://registry.npmjs.org/fast-glob/-/fast-glob-3.3.3.tgz 3977ms (cache miss)
3854 http fetch GET 200 https://registry.npmjs.org/semver/-/semver-6.3.1.tgz 3974ms (cache miss)
3855 http fetch GET 200 https://registry.npmjs.org/semver/-/semver-6.3.1.tgz 3980ms (cache miss)
3856 http fetch GET 200 https://registry.npmjs.org/strip-ansi/-/strip-ansi-7.2.0.tgz 3984ms (cache miss)
3857 http fetch GET 200 https://registry.npmjs.org/semver/-/semver-6.3.1.tgz 3990ms (cache miss)
3858 http fetch GET 200 https://registry.npmjs.org/semver/-/semver-6.3.1.tgz 3992ms (cache miss)
3859 http fetch GET 200 https://registry.npmjs.org/webpack-merge/-/webpack-merge-6.0.1.tgz 3992ms (cache miss)
3860 http fetch GET 200 https://registry.npmjs.org/entities/-/entities-4.5.0.tgz 3999ms (cache miss)
3861 http fetch GET 200 https://registry.npmjs.org/babel-plugin-polyfill-corejs3/-/babel-plugin-polyfill-corejs3-0.14.2.tgz 4000ms (cache miss)
3862 http fetch GET 200 https://registry.npmjs.org/ansi-styles/-/ansi-styles-6.2.3.tgz 4002ms (cache miss)
3863 http fetch GET 200 https://registry.npmjs.org/ansi-regex/-/ansi-regex-6.2.2.tgz 4002ms (cache miss)
3864 http fetch GET 200 https://registry.npmjs.org/semver/-/semver-6.3.1.tgz 4003ms (cache miss)
3865 http fetch GET 200 https://registry.npmjs.org/algoliasearch/-/algoliasearch-5.56.0.tgz 4007ms (cache miss)
3866 http fetch GET 200 https://registry.npmjs.org/open/-/open-10.2.0.tgz 4010ms (cache miss)
3867 http fetch GET 200 https://registry.npmjs.org/define-lazy-prop/-/define-lazy-prop-3.0.0.tgz 4012ms (cache miss)
3868 http fetch GET 200 https://registry.npmjs.org/semver/-/semver-6.3.1.tgz 4015ms (cache miss)
3869 http fetch GET 200 https://registry.npmjs.org/mime-types/-/mime-types-3.0.2.tgz 4021ms (cache miss)
3870 http fetch GET 200 https://registry.npmjs.org/range-parser/-/range-parser-1.3.0.tgz 4022ms (cache miss)
3871 http fetch GET 200 https://registry.npmjs.org/postcss-selector-parser/-/postcss-selector-parser-7.1.5.tgz 4023ms (cache miss)
3872 http fetch GET 200 https://registry.npmjs.org/is-wsl/-/is-wsl-3.1.1.tgz 4023ms (cache miss)
3873 http fetch GET 200 https://registry.npmjs.org/csso/-/csso-5.0.5.tgz 4029ms (cache miss)
3874 http fetch GET 200 https://registry.npmjs.org/postcss-selector-parser/-/postcss-selector-parser-7.1.5.tgz 4030ms (cache miss)
3875 http fetch GET 200 https://registry.npmjs.org/mime-db/-/mime-db-1.54.0.tgz 4031ms (cache miss)
3876 http fetch GET 200 https://registry.npmjs.org/commander/-/commander-2.20.3.tgz 4031ms (cache miss)
3877 http fetch GET 200 https://registry.npmjs.org/postcss-selector-parser/-/postcss-selector-parser-7.1.5.tgz 4033ms (cache miss)
3878 http fetch GET 200 https://registry.npmjs.org/ws/-/ws-8.21.3.tgz 4036ms (cache miss)
3879 http fetch GET 200 https://registry.npmjs.org/commander/-/commander-7.2.0.tgz 4042ms (cache miss)
3880 http fetch GET 200 https://registry.npmjs.org/commander/-/commander-7.2.0.tgz 4043ms (cache miss)
3881 http fetch GET 200 https://registry.npmjs.org/mime-db/-/mime-db-1.54.0.tgz 4042ms (cache miss)
3882 http fetch GET 200 https://registry.npmjs.org/css-select/-/css-select-5.2.2.tgz 4048ms (cache miss)
3883 http fetch GET 200 https://registry.npmjs.org/json-schema-traverse/-/json-schema-traverse-0.4.1.tgz 4046ms (cache miss)
3884 http fetch GET 200 https://registry.npmjs.org/schema-utils/-/schema-utils-3.3.0.tgz 4050ms (cache miss)
3885 http fetch GET 200 https://registry.npmjs.org/mime-types/-/mime-types-2.1.35.tgz 4055ms (cache miss)
3886 http fetch GET 200 https://registry.npmjs.org/mime-types/-/mime-types-2.1.35.tgz 4055ms (cache miss)
3887 http fetch GET 200 https://registry.npmjs.org/mime-db/-/mime-db-1.52.0.tgz 4056ms (cache miss)
3888 http fetch GET 200 https://registry.npmjs.org/mime-db/-/mime-db-1.52.0.tgz 4056ms (cache miss)
3889 http fetch GET 200 https://registry.npmjs.org/chalk/-/chalk-5.6.2.tgz 4062ms (cache miss)
3890 http fetch GET 200 https://registry.npmjs.org/boxen/-/boxen-7.1.1.tgz 4066ms (cache miss)
3891 http fetch GET 200 https://registry.npmjs.org/ajv-keywords/-/ajv-keywords-3.5.2.tgz 4069ms (cache miss)
3892 http fetch GET 200 https://registry.npmjs.org/strip-ansi/-/strip-ansi-7.2.0.tgz 4070ms (cache miss)
3893 http fetch GET 200 https://registry.npmjs.org/supports-color/-/supports-color-8.1.1.tgz 4072ms (cache miss)
3894 http fetch GET 200 https://registry.npmjs.org/strip-json-comments/-/strip-json-comments-2.0.1.tgz 4072ms (cache miss)
3895 http fetch GET 200 https://registry.npmjs.org/ini/-/ini-1.3.8.tgz 4072ms (cache miss)
3896 http fetch GET 200 https://registry.npmjs.org/cheerio/-/cheerio-1.0.0-rc.12.tgz 4079ms (cache miss)
3897 http fetch GET 200 https://registry.npmjs.org/jest-worker/-/jest-worker-27.5.1.tgz 4081ms (cache miss)
3898 http fetch GET 200 https://registry.npmjs.org/camelcase/-/camelcase-7.0.1.tgz 4082ms (cache miss)
3899 http fetch GET 200 https://registry.npmjs.org/clean-css/-/clean-css-5.3.3.tgz 4091ms (cache miss)
3900 http fetch GET 200 https://registry.npmjs.org/mime-types/-/mime-types-2.1.35.tgz 4086ms (cache miss)
3901 http fetch GET 200 https://registry.npmjs.org/statuses/-/statuses-1.5.0.tgz 4088ms (cache miss)
3902 http fetch GET 200 https://registry.npmjs.org/ansi-regex/-/ansi-regex-6.2.2.tgz 4097ms (cache miss)
3903 http fetch GET 200 https://registry.npmjs.org/depd/-/depd-1.1.2.tgz 4097ms (cache miss)
3904 http fetch GET 200 https://registry.npmjs.org/ms/-/ms-2.0.0.tgz 4097ms (cache miss)
3905 http fetch GET 200 https://registry.npmjs.org/tslib/-/tslib-1.14.1.tgz 4099ms (cache miss)
3906 http fetch GET 200 https://registry.npmjs.org/source-map/-/source-map-0.6.1.tgz 4099ms (cache miss)
3907 http fetch GET 200 https://registry.npmjs.org/path-to-regexp/-/path-to-regexp-3.3.0.tgz 4109ms (cache miss)
3908 http fetch GET 200 https://registry.npmjs.org/mime-db/-/mime-db-1.52.0.tgz 4110ms (cache miss)
3909 http fetch GET 200 https://registry.npmjs.org/debug/-/debug-2.6.9.tgz 4112ms (cache miss)
3910 http fetch GET 200 https://registry.npmjs.org/debug/-/debug-2.6.9.tgz 4112ms (cache miss)
3911 http fetch GET 200 https://registry.npmjs.org/http-errors/-/http-errors-1.8.1.tgz 4113ms (cache miss)
3912 http fetch GET 200 https://registry.npmjs.org/ajv/-/ajv-6.15.0.tgz 4118ms (cache miss)
3913 http fetch GET 200 https://registry.npmjs.org/entities/-/entities-2.2.0.tgz 4117ms (cache miss)
3914 http fetch GET 200 https://registry.npmjs.org/domutils/-/domutils-2.8.0.tgz 4118ms (cache miss)
3915 http fetch GET 200 https://registry.npmjs.org/htmlparser2/-/htmlparser2-6.1.0.tgz 4119ms (cache miss)
3916 http fetch GET 200 https://registry.npmjs.org/range-parser/-/range-parser-1.2.1.tgz 4126ms (cache miss)
3917 http fetch GET 200 https://registry.npmjs.org/domhandler/-/domhandler-4.3.1.tgz 4127ms (cache miss)
3918 http fetch GET 200 https://registry.npmjs.org/bytes/-/bytes-3.1.2.tgz 4130ms (cache miss)
3919 http fetch GET 200 https://registry.npmjs.org/prismjs/-/prismjs-1.30.0.tgz 4156ms (cache miss)
3920 http fetch GET 200 https://registry.npmjs.org/ipaddr.js/-/ipaddr.js-1.9.1.tgz 4135ms (cache miss)
3921 http fetch GET 200 https://registry.npmjs.org/dom-serializer/-/dom-serializer-1.4.1.tgz 4141ms (cache miss)
3922 http fetch GET 200 https://registry.npmjs.org/micromark-util-symbol/-/micromark-util-symbol-2.0.1.tgz 4150ms (cache miss)
3923 http fetch GET 200 https://registry.npmjs.org/css-tree/-/css-tree-2.3.1.tgz 4170ms (cache miss)
3924 http fetch GET 200 https://registry.npmjs.org/css-select/-/css-select-4.3.0.tgz 4162ms (cache miss)
3925 http fetch GET 200 https://registry.npmjs.org/json-schema-traverse/-/json-schema-traverse-0.4.1.tgz 4180ms (cache miss)
3926 http fetch GET 200 https://registry.npmjs.org/supports-color/-/supports-color-8.1.1.tgz 4180ms (cache miss)
3927 http fetch GET 200 https://registry.npmjs.org/postcss-selector-parser/-/postcss-selector-parser-7.1.5.tgz 4183ms (cache miss)
3928 http fetch GET 200 https://registry.npmjs.org/micromark-util-character/-/micromark-util-character-2.1.1.tgz 4177ms (cache miss)
3929 http fetch GET 200 https://registry.npmjs.org/postcss-selector-parser/-/postcss-selector-parser-7.1.5.tgz 4185ms (cache miss)
3930 http fetch GET 200 https://registry.npmjs.org/postcss-selector-parser/-/postcss-selector-parser-7.1.5.tgz 4186ms (cache miss)
3931 http fetch GET 200 https://registry.npmjs.org/postcss-selector-parser/-/postcss-selector-parser-7.1.5.tgz 4188ms (cache miss)
3932 http fetch GET 200 https://registry.npmjs.org/postcss-selector-parser/-/postcss-selector-parser-7.1.5.tgz 4187ms (cache miss)
3933 http fetch GET 200 https://registry.npmjs.org/postcss-selector-parser/-/postcss-selector-parser-7.1.5.tgz 4189ms (cache miss)
3934 http fetch GET 200 https://registry.npmjs.org/postcss-selector-parser/-/postcss-selector-parser-7.1.5.tgz 4191ms (cache miss)
3935 http fetch GET 200 https://registry.npmjs.org/schema-utils/-/schema-utils-3.3.0.tgz 4193ms (cache miss)
3936 http fetch GET 200 https://registry.npmjs.org/micromark-util-symbol/-/micromark-util-symbol-2.0.1.tgz 4193ms (cache miss)
3937 http fetch GET 200 https://registry.npmjs.org/micromark-util-character/-/micromark-util-character-2.1.1.tgz 4190ms (cache miss)
3938 http fetch GET 200 https://registry.npmjs.org/micromark-util-types/-/micromark-util-types-1.1.0.tgz 4191ms (cache miss)
3939 http fetch GET 200 https://registry.npmjs.org/micromark-util-symbol/-/micromark-util-symbol-2.0.1.tgz 4193ms (cache miss)
3940 http fetch GET 200 https://registry.npmjs.org/ajv-keywords/-/ajv-keywords-3.5.2.tgz 4200ms (cache miss)
3941 http fetch GET 200 https://registry.npmjs.org/jest-worker/-/jest-worker-27.5.1.tgz 4200ms (cache miss)
3942 http fetch GET 200 https://registry.npmjs.org/postcss-selector-parser/-/postcss-selector-parser-7.1.5.tgz 4203ms (cache miss)
3943 http fetch GET 200 https://registry.npmjs.org/micromark-util-symbol/-/micromark-util-symbol-2.0.1.tgz 4198ms (cache miss)
3944 http fetch GET 200 https://registry.npmjs.org/postcss-selector-parser/-/postcss-selector-parser-7.1.5.tgz 4205ms (cache miss)
3945 http fetch GET 200 https://registry.npmjs.org/micromark-util-symbol/-/micromark-util-symbol-2.0.1.tgz 4200ms (cache miss)
3946 http fetch GET 200 https://registry.npmjs.org/micromark-util-types/-/micromark-util-types-1.1.0.tgz 4202ms (cache miss)
3947 http fetch GET 200 https://registry.npmjs.org/micromark-util-symbol/-/micromark-util-symbol-2.0.1.tgz 4202ms (cache miss)
3948 http fetch GET 200 https://registry.npmjs.org/micromark-util-symbol/-/micromark-util-symbol-2.0.1.tgz 4203ms (cache miss)
3949 http fetch GET 200 https://registry.npmjs.org/postcss-selector-parser/-/postcss-selector-parser-7.1.5.tgz 4209ms (cache miss)
3950 http fetch GET 200 https://registry.npmjs.org/micromark-util-character/-/micromark-util-character-2.1.1.tgz 4209ms (cache miss)
3951 http fetch GET 200 https://registry.npmjs.org/micromark-factory-space/-/micromark-factory-space-2.0.1.tgz 4210ms (cache miss)
3952 http fetch GET 200 https://registry.npmjs.org/micromark-util-character/-/micromark-util-character-2.1.1.tgz 4211ms (cache miss)
3953 http fetch GET 200 https://registry.npmjs.org/micromark-util-character/-/micromark-util-character-2.1.1.tgz 4214ms (cache miss)
3954 http fetch GET 200 https://registry.npmjs.org/micromark-factory-space/-/micromark-factory-space-2.0.1.tgz 4214ms (cache miss)
3955 http fetch GET 200 https://registry.npmjs.org/micromark-util-symbol/-/micromark-util-symbol-2.0.1.tgz 4215ms (cache miss)
3956 http fetch GET 200 https://registry.npmjs.org/micromark-util-character/-/micromark-util-character-2.1.1.tgz 4223ms (cache miss)
3957 http fetch GET 200 https://registry.npmjs.org/micromark-util-character/-/micromark-util-character-2.1.1.tgz 4224ms (cache miss)
3958 http fetch GET 200 https://registry.npmjs.org/micromark-util-symbol/-/micromark-util-symbol-2.0.1.tgz 4227ms (cache miss)
3959 http fetch GET 200 https://registry.npmjs.org/micromark-util-character/-/micromark-util-character-2.1.1.tgz 4233ms (cache miss)
3960 http fetch GET 200 https://registry.npmjs.org/micromark-util-symbol/-/micromark-util-symbol-2.0.1.tgz 4232ms (cache miss)
3961 http fetch GET 200 https://registry.npmjs.org/micromark-util-symbol/-/micromark-util-symbol-2.0.1.tgz 4237ms (cache miss)
3962 http fetch GET 200 https://registry.npmjs.org/entities/-/entities-6.0.1.tgz 4244ms (cache miss)
3963 http fetch GET 200 https://registry.npmjs.org/ajv/-/ajv-6.15.0.tgz 4245ms (cache miss)
3964 http fetch GET 200 https://registry.npmjs.org/micromark-util-symbol/-/micromark-util-symbol-2.0.1.tgz 4239ms (cache miss)
3965 http fetch GET 200 https://registry.npmjs.org/micromark-factory-space/-/micromark-factory-space-2.0.1.tgz 4239ms (cache miss)
3966 http fetch GET 200 https://registry.npmjs.org/micromark-util-character/-/micromark-util-character-2.1.1.tgz 4242ms (cache miss)
3967 http fetch GET 200 https://registry.npmjs.org/micromark-util-symbol/-/micromark-util-symbol-2.0.1.tgz 4246ms (cache miss)
3968 http fetch GET 200 https://registry.npmjs.org/micromark-util-symbol/-/micromark-util-symbol-2.0.1.tgz 4247ms (cache miss)
3969 http fetch GET 200 https://registry.npmjs.org/micromark-util-symbol/-/micromark-util-symbol-2.0.1.tgz 4250ms (cache miss)
3970 http fetch GET 200 https://registry.npmjs.org/micromark-util-character/-/micromark-util-character-2.1.1.tgz 4253ms (cache miss)
3971 http fetch GET 200 https://registry.npmjs.org/micromark-factory-space/-/micromark-factory-space-2.0.1.tgz 4253ms (cache miss)
3972 http fetch GET 200 https://registry.npmjs.org/micromark-util-symbol/-/micromark-util-symbol-2.0.1.tgz 4255ms (cache miss)
3973 http fetch GET 200 https://registry.npmjs.org/micromark-util-symbol/-/micromark-util-symbol-2.0.1.tgz 4257ms (cache miss)
3974 http fetch GET 200 https://registry.npmjs.org/micromark-util-character/-/micromark-util-character-2.1.1.tgz 4260ms (cache miss)
3975 http fetch GET 200 https://registry.npmjs.org/micromark-util-symbol/-/micromark-util-symbol-2.0.1.tgz 4267ms (cache miss)
3976 http fetch GET 200 https://registry.npmjs.org/micromark-factory-space/-/micromark-factory-space-2.0.1.tgz 4267ms (cache miss)
3977 http fetch GET 200 https://registry.npmjs.org/micromark-util-character/-/micromark-util-character-2.1.1.tgz 4268ms (cache miss)
3978 http fetch GET 200 https://registry.npmjs.org/micromark-factory-space/-/micromark-factory-space-2.0.1.tgz 4271ms (cache miss)
3979 http fetch GET 200 https://registry.npmjs.org/micromark-factory-space/-/micromark-factory-space-2.0.1.tgz 4276ms (cache miss)
3980 http fetch GET 200 https://registry.npmjs.org/micromark-util-character/-/micromark-util-character-2.1.1.tgz 4278ms (cache miss)
3981 http fetch GET 200 https://registry.npmjs.org/micromark-util-symbol/-/micromark-util-symbol-2.0.1.tgz 4279ms (cache miss)
3982 http fetch GET 200 https://registry.npmjs.org/micromark-util-symbol/-/micromark-util-symbol-2.0.1.tgz 4279ms (cache miss)
3983 http fetch GET 200 https://registry.npmjs.org/micromark-factory-space/-/micromark-factory-space-2.0.1.tgz 4284ms (cache miss)
3984 http fetch GET 200 https://registry.npmjs.org/micromark-util-symbol/-/micromark-util-symbol-2.0.1.tgz 4287ms (cache miss)
3985 http fetch GET 200 https://registry.npmjs.org/micromark-util-character/-/micromark-util-character-2.1.1.tgz 4287ms (cache miss)
3986 http fetch GET 200 https://registry.npmjs.org/micromark-util-symbol/-/micromark-util-symbol-2.0.1.tgz 4287ms (cache miss)
3987 http fetch GET 200 https://registry.npmjs.org/micromark-util-symbol/-/micromark-util-symbol-2.0.1.tgz 4288ms (cache miss)
3988 http fetch GET 200 https://registry.npmjs.org/micromark-util-character/-/micromark-util-character-2.1.1.tgz 4297ms (cache miss)
3989 http fetch GET 200 https://registry.npmjs.org/micromark-util-character/-/micromark-util-character-2.1.1.tgz 4299ms (cache miss)
3990 http fetch GET 200 https://registry.npmjs.org/micromark-factory-space/-/micromark-factory-space-2.0.1.tgz 4302ms (cache miss)
3991 http fetch GET 200 https://registry.npmjs.org/micromark-factory-space/-/micromark-factory-space-2.0.1.tgz 4306ms (cache miss)
3992 http fetch GET 200 https://registry.npmjs.org/micromark-util-symbol/-/micromark-util-symbol-2.0.1.tgz 4307ms (cache miss)
3993 http fetch GET 200 https://registry.npmjs.org/micromark-util-character/-/micromark-util-character-2.1.1.tgz 4313ms (cache miss)
3994 http fetch GET 200 https://registry.npmjs.org/micromark-util-symbol/-/micromark-util-symbol-2.0.1.tgz 4313ms (cache miss)
3995 http fetch GET 200 https://registry.npmjs.org/webpack/-/webpack-5.108.4.tgz 4350ms (cache miss)
3996 http fetch GET 200 https://registry.npmjs.org/micromark-util-character/-/micromark-util-character-2.1.1.tgz 4315ms (cache miss)
3997 http fetch GET 200 https://registry.npmjs.org/micromark-util-character/-/micromark-util-character-2.1.1.tgz 4317ms (cache miss)
3998 http fetch GET 200 https://registry.npmjs.org/micromark-util-character/-/micromark-util-character-2.1.1.tgz 4325ms (cache miss)
3999 http fetch GET 200 https://registry.npmjs.org/micromark-util-symbol/-/micromark-util-symbol-2.0.1.tgz 4325ms (cache miss)
4000 http fetch GET 200 https://registry.npmjs.org/micromark-util-symbol/-/micromark-util-symbol-2.0.1.tgz 4325ms (cache miss)
4001 http fetch GET 200 https://registry.npmjs.org/escape-string-regexp/-/escape-string-regexp-5.0.0.tgz 4326ms (cache miss)
4002 http fetch GET 200 https://registry.npmjs.org/escape-string-regexp/-/escape-string-regexp-5.0.0.tgz 4326ms (cache miss)
4003 http fetch GET 200 https://registry.npmjs.org/ajv/-/ajv-8.20.0.tgz 4349ms (cache miss)
4004 http fetch GET 200 https://registry.npmjs.org/commander/-/commander-10.0.1.tgz 4329ms (cache miss)
4005 http fetch GET 200 https://registry.npmjs.org/is-plain-obj/-/is-plain-obj-3.0.0.tgz 4330ms (cache miss)
4006 http fetch GET 200 https://registry.npmjs.org/is-docker/-/is-docker-3.0.0.tgz 4331ms (cache miss)
4007 http fetch GET 200 https://registry.npmjs.org/supports-color/-/supports-color-8.1.1.tgz 4338ms (cache miss)
4008 http fetch GET 200 https://registry.npmjs.org/micromark-factory-space/-/micromark-factory-space-2.0.1.tgz 4344ms (cache miss)
4009 http fetch GET 200 https://registry.npmjs.org/safe-buffer/-/safe-buffer-5.1.2.tgz 4349ms (cache miss)
4010 http fetch GET 200 https://registry.npmjs.org/commander/-/commander-8.3.0.tgz 4350ms (cache miss)
4011 http fetch GET 200 https://registry.npmjs.org/readable-stream/-/readable-stream-2.3.8.tgz 4351ms (cache miss)
4012 http fetch GET 200 https://registry.npmjs.org/ms/-/ms-2.0.0.tgz 4354ms (cache miss)
4013 http fetch GET 200 https://registry.npmjs.org/debug/-/debug-2.6.9.tgz 4356ms (cache miss)
4014 http fetch GET 200 https://registry.npmjs.org/string_decoder/-/string_decoder-1.1.1.tgz 4358ms (cache miss)
4015 http fetch GET 200 https://registry.npmjs.org/range-parser/-/range-parser-1.2.1.tgz 4359ms (cache miss)
4016 http fetch GET 200 https://registry.npmjs.org/isarray/-/isarray-1.0.0.tgz 4359ms (cache miss)
4017 http fetch GET 200 https://registry.npmjs.org/html-minifier-terser/-/html-minifier-terser-6.1.0.tgz 4360ms (cache miss)
4018 http fetch GET 200 https://registry.npmjs.org/ms/-/ms-2.0.0.tgz 4362ms (cache miss)
4019 http fetch GET 200 https://registry.npmjs.org/ajv-keywords/-/ajv-keywords-3.5.2.tgz 4364ms (cache miss)
4020 http fetch GET 200 https://registry.npmjs.org/json-schema-traverse/-/json-schema-traverse-0.4.1.tgz 4370ms (cache miss)
4021 http fetch GET 200 https://registry.npmjs.org/path-to-regexp/-/path-to-regexp-0.1.13.tgz 4375ms (cache miss)
4022 http fetch GET 200 https://registry.npmjs.org/debug/-/debug-2.6.9.tgz 4381ms (cache miss)
4023 http fetch GET 200 https://registry.npmjs.org/@docusaurus/theme-classic/-/theme-classic-3.10.2.tgz 4426ms (cache miss)
4024 http fetch GET 200 https://registry.npmjs.org/string-width/-/string-width-4.2.3.tgz 4399ms (cache miss)
4025 http fetch GET 200 https://registry.npmjs.org/bytes/-/bytes-3.1.2.tgz 4398ms (cache miss)
4026 http fetch GET 200 https://registry.npmjs.org/content-disposition/-/content-disposition-0.5.4.tgz 4399ms (cache miss)
4027 http fetch GET 200 https://registry.npmjs.org/semver/-/semver-6.3.1.tgz 4398ms (cache miss)
4028 http fetch GET 200 https://registry.npmjs.org/ms/-/ms-2.0.0.tgz 4399ms (cache miss)
4029 http fetch GET 200 https://registry.npmjs.org/emoji-regex/-/emoji-regex-8.0.0.tgz 4400ms (cache miss)
4030 http fetch GET 200 https://registry.npmjs.org/schema-utils/-/schema-utils-3.3.0.tgz 4406ms (cache miss)
4031 http fetch GET 200 https://registry.npmjs.org/postcss-selector-parser/-/postcss-selector-parser-7.1.5.tgz 4408ms (cache miss)
4032 http fetch GET 200 https://registry.npmjs.org/mdn-data/-/mdn-data-2.0.28.tgz 4411ms (cache miss)
4033 http fetch GET 200 https://registry.npmjs.org/ms/-/ms-2.0.0.tgz 4411ms (cache miss)
4034 http fetch GET 200 https://registry.npmjs.org/postcss-selector-parser/-/postcss-selector-parser-7.1.5.tgz 4416ms (cache miss)
4035 http fetch GET 200 https://registry.npmjs.org/debug/-/debug-2.6.9.tgz 4418ms (cache miss)
4036 http fetch GET 200 https://registry.npmjs.org/source-map/-/source-map-0.6.1.tgz 4419ms (cache miss)
4037 http fetch GET 200 https://registry.npmjs.org/debug/-/debug-2.6.9.tgz 4419ms (cache miss)
4038 http fetch GET 200 https://registry.npmjs.org/ajv/-/ajv-6.15.0.tgz 4422ms (cache miss)
4039 http fetch GET 200 https://registry.npmjs.org/string-width/-/string-width-4.2.3.tgz 4428ms (cache miss)
4040 http fetch GET 200 https://registry.npmjs.org/mime-types/-/mime-types-2.1.35.tgz 4427ms (cache miss)
4041 http fetch GET 200 https://registry.npmjs.org/serialize-javascript 4183ms (cache miss)
4042 silly packumentCache corgi:https://registry.npmjs.org/serialize-javascript set size:undefined disposed:false
4043 http fetch GET 200 https://registry.npmjs.org/uuid 4184ms (cache miss)
4044 silly packumentCache corgi:https://registry.npmjs.org/uuid set size:undefined disposed:false
4045 http fetch GET 200 https://registry.npmjs.org/bytes/-/bytes-3.1.2.tgz 4432ms (cache miss)
4046 http fetch GET 200 https://registry.npmjs.org/negotiator/-/negotiator-0.6.3.tgz 4426ms (cache miss)
4047 http fetch GET 200 https://registry.npmjs.org/mime-db/-/mime-db-1.52.0.tgz 4426ms (cache miss)
4048 silly packumentCache corgi:https://registry.npmjs.org/copy-webpack-plugin cache-miss
4049 silly packumentCache corgi:https://registry.npmjs.org/css-minimizer-webpack-plugin cache-miss
4050 http fetch GET 200 https://registry.npmjs.org/emoji-regex/-/emoji-regex-8.0.0.tgz 4435ms (cache miss)
4051 http fetch GET 200 https://registry.npmjs.org/type-fest/-/type-fest-1.4.0.tgz 4445ms (cache miss)
4052 http fetch GET 200 https://registry.npmjs.org/css-minimizer-webpack-plugin 37ms (cache miss)
4053 silly packumentCache corgi:https://registry.npmjs.org/css-minimizer-webpack-plugin set size:undefined disposed:false
4054 http fetch GET 200 https://registry.npmjs.org/css-tree/-/css-tree-2.2.1.tgz 4480ms (cache miss)
4055 http fetch GET 200 https://registry.npmjs.org/copy-webpack-plugin 48ms (cache miss)
4056 silly packumentCache corgi:https://registry.npmjs.org/copy-webpack-plugin set size:undefined disposed:false
4057 silly packumentCache corgi:https://registry.npmjs.org/sockjs cache-miss
4058 http fetch GET 200 https://registry.npmjs.org/sockjs 32ms (cache miss)
4059 silly packumentCache corgi:https://registry.npmjs.org/sockjs set size:undefined disposed:false
4060 silly packumentCache corgi:https://registry.npmjs.org/@docusaurus%2fbundler cache-miss
4061 http fetch GET 200 https://registry.npmjs.org/@docusaurus%2fbundler 59ms (cache miss)
4062 silly packumentCache corgi:https://registry.npmjs.org/@docusaurus%2fbundler set size:undefined disposed:false
4063 silly packumentCache corgi:https://registry.npmjs.org/webpack-dev-server cache-miss
4064 http fetch GET 200 https://registry.npmjs.org/webpack-dev-server 36ms (cache miss)
4065 silly packumentCache corgi:https://registry.npmjs.org/webpack-dev-server set size:undefined disposed:false
4066 silly packumentCache corgi:https://registry.npmjs.org/@docusaurus%2fcore cache-miss
4067 http fetch GET 200 https://registry.npmjs.org/core-js/-/core-js-3.49.0.tgz 4773ms (cache miss)
4068 info run core-js@3.49.0 postinstall node_modules/core-js node -e "try{require('./postinstall')}catch(e){}"
4069 http fetch GET 200 https://registry.npmjs.org/@docusaurus%2fcore 420ms (cache miss)
4070 silly packumentCache corgi:https://registry.npmjs.org/@docusaurus%2fcore set size:undefined disposed:false
4071 info run core-js@3.49.0 postinstall { code: 0, signal: null }
4072 silly packumentCache corgi:https://registry.npmjs.org/@docusaurus%2fplugin-content-blog cache-miss
4073 silly packumentCache corgi:https://registry.npmjs.org/@docusaurus%2fplugin-content-docs cache-miss
4074 silly packumentCache corgi:https://registry.npmjs.org/@docusaurus%2fplugin-content-pages cache-miss
4075 silly packumentCache corgi:https://registry.npmjs.org/@docusaurus%2fplugin-css-cascade-layers cache-miss
4076 silly packumentCache corgi:https://registry.npmjs.org/@docusaurus%2fplugin-debug cache-miss
4077 silly packumentCache corgi:https://registry.npmjs.org/@docusaurus%2fplugin-google-analytics cache-miss
4078 silly packumentCache corgi:https://registry.npmjs.org/@docusaurus%2fplugin-google-gtag cache-miss
4079 silly packumentCache corgi:https://registry.npmjs.org/@docusaurus%2fplugin-google-tag-manager cache-miss
4080 silly packumentCache corgi:https://registry.npmjs.org/@docusaurus%2fplugin-sitemap cache-miss
4081 silly packumentCache corgi:https://registry.npmjs.org/@docusaurus%2fplugin-svgr cache-miss
4082 silly packumentCache corgi:https://registry.npmjs.org/@docusaurus%2fpreset-classic cache-miss
4083 silly packumentCache corgi:https://registry.npmjs.org/@docusaurus%2ftheme-classic cache-miss
4084 silly packumentCache corgi:https://registry.npmjs.org/@docusaurus%2ftheme-search-algolia cache-miss
4085 warn cleanup Failed to remove some directories [
4085 warn cleanup   [
4085 warn cleanup     '/Users/pcartee/github/writing-samples/writing-samples/node_modules/.feed-EDStURMZ',
4085 warn cleanup     [Error: EPERM: operation not permitted, unlink '/Users/pcartee/github/writing-samples/writing-samples/node_modules/.feed-EDStURMZ/.vscode/settings.json'] {
4085 warn cleanup       errno: -1,
4085 warn cleanup       code: 'EPERM',
4085 warn cleanup       syscall: 'unlink',
4085 warn cleanup       path: '/Users/pcartee/github/writing-samples/writing-samples/node_modules/.feed-EDStURMZ/.vscode/settings.json'
4085 warn cleanup     }
4085 warn cleanup   ]
4085 warn cleanup ]
4086 http fetch GET 200 https://registry.npmjs.org/@docusaurus%2fplugin-css-cascade-layers 206ms (cache miss)
4087 silly packumentCache corgi:https://registry.npmjs.org/@docusaurus%2fplugin-css-cascade-layers set size:undefined disposed:false
4088 http fetch GET 200 https://registry.npmjs.org/@docusaurus%2fplugin-svgr 264ms (cache miss)
4089 silly packumentCache corgi:https://registry.npmjs.org/@docusaurus%2fplugin-svgr set size:undefined disposed:false
4090 http fetch GET 200 https://registry.npmjs.org/@docusaurus%2fplugin-google-tag-manager 301ms (cache miss)
4091 silly packumentCache corgi:https://registry.npmjs.org/@docusaurus%2fplugin-google-tag-manager set size:undefined disposed:false
4092 http fetch GET 200 https://registry.npmjs.org/@docusaurus%2fplugin-google-gtag 1210ms (cache miss)
4093 silly packumentCache corgi:https://registry.npmjs.org/@docusaurus%2fplugin-google-gtag set size:undefined disposed:false
4094 http fetch GET 200 https://registry.npmjs.org/@docusaurus%2fplugin-debug 1933ms (cache miss)
4095 silly packumentCache corgi:https://registry.npmjs.org/@docusaurus%2fplugin-debug set size:undefined disposed:false
4096 http fetch GET 200 https://registry.npmjs.org/@docusaurus%2fplugin-google-analytics 1984ms (cache miss)
4097 silly packumentCache corgi:https://registry.npmjs.org/@docusaurus%2fplugin-google-analytics set size:undefined disposed:false
4098 http fetch GET 200 https://registry.npmjs.org/@docusaurus%2fplugin-content-pages 2021ms (cache miss)
4099 silly packumentCache corgi:https://registry.npmjs.org/@docusaurus%2fplugin-content-pages set size:undefined disposed:false
4100 http fetch GET 200 https://registry.npmjs.org/@docusaurus%2fplugin-sitemap 2058ms (cache miss)
4101 silly packumentCache corgi:https://registry.npmjs.org/@docusaurus%2fplugin-sitemap set size:undefined disposed:false
4102 http fetch GET 200 https://registry.npmjs.org/@docusaurus%2ftheme-search-algolia 2096ms (cache miss)
4103 silly packumentCache corgi:https://registry.npmjs.org/@docusaurus%2ftheme-search-algolia set size:undefined disposed:false
4104 http fetch GET 200 https://registry.npmjs.org/@docusaurus%2fplugin-content-blog 2133ms (cache miss)
4105 silly packumentCache corgi:https://registry.npmjs.org/@docusaurus%2fplugin-content-blog set size:undefined disposed:false
4106 http fetch GET 200 https://registry.npmjs.org/@docusaurus%2fpreset-classic 2170ms (cache miss)
4107 silly packumentCache corgi:https://registry.npmjs.org/@docusaurus%2fpreset-classic set size:undefined disposed:false
4108 http fetch GET 200 https://registry.npmjs.org/@docusaurus%2fplugin-content-docs 2227ms (cache miss)
4109 silly packumentCache corgi:https://registry.npmjs.org/@docusaurus%2fplugin-content-docs set size:undefined disposed:false
4110 http fetch GET 200 https://registry.npmjs.org/@docusaurus%2ftheme-classic 2268ms (cache miss)
4111 silly packumentCache corgi:https://registry.npmjs.org/@docusaurus%2ftheme-classic set size:undefined disposed:false
4112 silly ADD node_modules/zwitch
4113 silly ADD node_modules/yocto-queue
4114 silly ADD node_modules/yallist
4115 silly ADD node_modules/xml-js
4116 silly ADD node_modules/xdg-basedir
4117 silly ADD node_modules/ws
4118 silly ADD node_modules/write-file-atomic
4119 silly ADD node_modules/widest-line
4120 silly ADD node_modules/which
4121 silly ADD node_modules/webpack-merge
4122 silly ADD node_modules/web-namespaces
4123 silly ADD node_modules/wbuf
4124 silly ADD node_modules/vfile-message
4125 silly ADD node_modules/vfile-location
4126 silly ADD node_modules/vfile
4127 silly ADD node_modules/vary
4128 silly ADD node_modules/value-equal
4129 silly ADD node_modules/utils-merge
4130 silly ADD node_modules/utility-types
4131 silly ADD node_modules/utila
4132 silly ADD node_modules/util-deprecate
4133 silly ADD node_modules/update-browserslist-db
4134 silly ADD node_modules/unpipe
4135 silly ADD node_modules/universalify
4136 silly ADD node_modules/unist-util-visit-parents
4137 silly ADD node_modules/unist-util-visit
4138 silly ADD node_modules/unist-util-stringify-position
4139 silly ADD node_modules/unist-util-position-from-estree
4140 silly ADD node_modules/unist-util-position
4141 silly ADD node_modules/unist-util-is
4142 silly ADD node_modules/unique-string
4143 silly ADD node_modules/unified
4144 silly ADD node_modules/unicode-property-aliases-ecmascript
4145 silly ADD node_modules/unicode-match-property-value-ecmascript
4146 silly ADD node_modules/unicode-match-property-ecmascript
4147 silly ADD node_modules/unicode-emoji-modifier-base
4148 silly ADD node_modules/unicode-canonical-property-names-ecmascript
4149 silly ADD node_modules/undici-types
4150 silly ADD node_modules/typedarray-to-buffer
4151 silly ADD node_modules/type-fest
4152 silly ADD node_modules/tslib
4153 silly ADD node_modules/trough
4154 silly ADD node_modules/trim-lines
4155 silly ADD node_modules/tree-dump
4156 silly ADD node_modules/totalist
4157 silly ADD node_modules/toidentifier
4158 silly ADD node_modules/to-regex-range
4159 silly ADD node_modules/tiny-warning
4160 silly ADD node_modules/thunky
4161 silly ADD node_modules/thingies
4162 silly ADD node_modules/tapable
4163 silly ADD node_modules/svg-parser
4164 silly ADD node_modules/supports-preserve-symlinks-flag
4165 silly ADD node_modules/supports-color
4166 silly ADD node_modules/style-to-object
4167 silly ADD node_modules/style-to-js
4168 silly ADD node_modules/strip-json-comments
4169 silly ADD node_modules/strip-final-newline
4170 silly ADD node_modules/strip-bom-string
4171 silly ADD node_modules/strip-ansi
4172 silly ADD node_modules/stringify-object
4173 silly ADD node_modules/string_decoder
4174 silly ADD node_modules/std-env
4175 silly ADD node_modules/statuses
4176 silly ADD node_modules/srcset
4177 silly ADD node_modules/space-separated-tokens
4178 silly ADD node_modules/source-map-js
4179 silly ADD node_modules/source-map
4180 silly ADD node_modules/sort-css-media-queries
4181 silly ADD node_modules/sockjs
4182 silly ADD node_modules/snake-case
4183 silly ADD node_modules/slash
4184 silly ADD node_modules/skin-tone
4185 silly ADD node_modules/sisteransi
4186 silly ADD node_modules/sirv
4187 silly ADD node_modules/signal-exit
4188 silly ADD node_modules/side-channel-weakmap
4189 silly ADD node_modules/side-channel-map
4190 silly ADD node_modules/side-channel-list
4191 silly ADD node_modules/side-channel
4192 silly ADD node_modules/shell-quote
4193 silly ADD node_modules/shebang-regex
4194 silly ADD node_modules/shebang-command
4195 silly ADD node_modules/shallowequal
4196 silly ADD node_modules/shallow-clone
4197 silly ADD node_modules/setprototypeof
4198 silly ADD node_modules/set-function-length
4199 silly ADD node_modules/serve-static
4200 silly ADD node_modules/serialize-javascript
4201 silly ADD node_modules/semver-diff
4202 silly ADD node_modules/semver
4203 silly ADD node_modules/select-hose
4204 silly ADD node_modules/section-matter
4205 silly ADD node_modules/schema-dts
4206 silly ADD node_modules/scheduler
4207 silly ADD node_modules/sax
4208 silly ADD node_modules/safer-buffer
4209 silly ADD node_modules/safe-buffer
4210 silly ADD node_modules/run-parallel
4211 silly ADD node_modules/run-applescript
4212 silly ADD node_modules/rtlcss
4213 silly ADD node_modules/retry
4214 silly ADD node_modules/responselike
4215 silly ADD node_modules/resolve-pathname
4216 silly ADD node_modules/resolve-from
4217 silly ADD node_modules/resolve-alpn
4218 silly ADD node_modules/requires-port
4219 silly ADD node_modules/require-from-string
4220 silly ADD node_modules/remark-stringify
4221 silly ADD node_modules/remark-rehype
4222 silly ADD node_modules/remark-parse
4223 silly ADD node_modules/remark-mdx
4224 silly ADD node_modules/remark-gfm
4225 silly ADD node_modules/remark-frontmatter
4226 silly ADD node_modules/remark-emoji
4227 silly ADD node_modules/remark-directive
4228 silly ADD node_modules/rehype-recma
4229 silly ADD node_modules/rehype-raw
4230 silly ADD node_modules/regjsparser
4231 silly ADD node_modules/regjsgen
4232 silly ADD node_modules/registry-url
4233 silly ADD node_modules/registry-auth-token
4234 silly ADD node_modules/regexpu-core
4235 silly ADD node_modules/regenerate-unicode-properties
4236 silly ADD node_modules/regenerate
4237 silly ADD node_modules/reflect-metadata
4238 silly ADD node_modules/recma-stringify
4239 silly ADD node_modules/recma-parse
4240 silly ADD node_modules/recma-jsx
4241 silly ADD node_modules/recma-build-jsx
4242 silly ADD node_modules/readdirp
4243 silly ADD node_modules/react-router-config
4244 silly ADD node_modules/react-router
4245 silly ADD node_modules/react-loadable
4246 silly ADD node_modules/react-is
4247 silly ADD node_modules/react-helmet-async
4248 silly ADD node_modules/react-fast-compare
4249 silly ADD node_modules/react-dom
4250 silly ADD node_modules/react
4251 silly ADD node_modules/range-parser
4252 silly ADD node_modules/randombytes
4253 silly ADD node_modules/quick-lru
4254 silly ADD node_modules/queue-microtask
4255 silly ADD node_modules/qs
4256 silly ADD node_modules/pvutils
4257 silly ADD node_modules/pvtsutils
4258 silly ADD node_modules/pupa
4259 silly ADD node_modules/punycode
4260 silly ADD node_modules/proto-list
4261 silly ADD node_modules/prop-types
4262 silly ADD node_modules/process-nextick-args
4263 silly ADD node_modules/prism-react-renderer
4264 silly ADD node_modules/pretty-time
4265 silly ADD node_modules/postcss-value-parser
4266 silly ADD node_modules/postcss-unique-selectors
4267 silly ADD node_modules/postcss-sort-media-queries
4268 silly ADD node_modules/postcss-replace-overflow-wrap
4269 silly ADD node_modules/postcss-reduce-transforms
4270 silly ADD node_modules/postcss-preset-env
4271 silly ADD node_modules/postcss-place
4272 silly ADD node_modules/postcss-page-break
4273 silly ADD node_modules/postcss-overflow-shorthand
4274 silly ADD node_modules/postcss-opacity-percentage
4275 silly ADD node_modules/postcss-normalize-whitespace
4276 silly ADD node_modules/postcss-normalize-url
4277 silly ADD node_modules/postcss-normalize-unicode
4278 silly ADD node_modules/postcss-normalize-timing-functions
4279 silly ADD node_modules/postcss-normalize-string
4280 silly ADD node_modules/postcss-normalize-positions
4281 silly ADD node_modules/postcss-normalize-charset
4282 silly ADD node_modules/postcss-modules-values
4283 silly ADD node_modules/postcss-modules-extract-imports
4284 silly ADD node_modules/postcss-minify-params
4285 silly ADD node_modules/postcss-minify-gradients
4286 silly ADD node_modules/postcss-merge-idents
4287 silly ADD node_modules/postcss-logical
4288 silly ADD node_modules/postcss-loader
4289 silly ADD node_modules/postcss-lab-function
4290 silly ADD node_modules/postcss-image-set-function
4291 silly ADD node_modules/postcss-gap-properties
4292 silly ADD node_modules/postcss-font-variant
4293 silly ADD node_modules/postcss-double-position-gradients
4294 silly ADD node_modules/postcss-discard-unused
4295 silly ADD node_modules/postcss-discard-overridden
4296 silly ADD node_modules/postcss-discard-empty
4297 silly ADD node_modules/postcss-discard-duplicates
4298 silly ADD node_modules/postcss-custom-properties
4299 silly ADD node_modules/postcss-custom-media
4300 silly ADD node_modules/postcss-colormin
4301 silly ADD node_modules/postcss-color-rebeccapurple
4302 silly ADD node_modules/postcss-color-hex-alpha
4303 silly ADD node_modules/postcss-color-functional-notation
4304 silly ADD node_modules/postcss-clamp
4305 silly ADD node_modules/postcss
4306 silly ADD node_modules/pkijs
4307 silly ADD node_modules/pkg-dir
4308 silly ADD node_modules/picomatch
4309 silly ADD node_modules/picocolors
4310 silly ADD node_modules/path-type
4311 silly ADD node_modules/path-to-regexp
4312 silly ADD node_modules/path-parse
4313 silly ADD node_modules/path-key
4314 silly ADD node_modules/path-is-inside
4315 silly ADD node_modules/path-exists
4316 silly ADD node_modules/pascal-case
4317 silly ADD node_modules/parseurl
4318 silly ADD node_modules/parse-numeric-range
4319 silly ADD node_modules/parse-json
4320 silly ADD node_modules/parent-module
4321 silly ADD node_modules/param-case
4322 silly ADD node_modules/package-json
4323 silly ADD node_modules/p-timeout
4324 silly ADD node_modules/p-retry
4325 silly ADD node_modules/p-queue
4326 silly ADD node_modules/p-map
4327 silly ADD node_modules/p-locate
4328 silly ADD node_modules/p-limit
4329 silly ADD node_modules/p-finally
4330 silly ADD node_modules/p-cancelable
4331 silly ADD node_modules/opener
4332 silly ADD node_modules/open
4333 silly ADD node_modules/onetime
4334 silly ADD node_modules/on-headers
4335 silly ADD node_modules/on-finished
4336 silly ADD node_modules/obuf
4337 silly ADD node_modules/object.assign
4338 silly ADD node_modules/object-keys
4339 silly ADD node_modules/object-assign
4340 silly ADD node_modules/nprogress
4341 silly ADD node_modules/npm-run-path
4342 silly ADD node_modules/normalize-url
4343 silly ADD node_modules/normalize-path
4344 silly ADD node_modules/node-emoji
4345 silly ADD node_modules/no-case
4346 silly ADD node_modules/neo-async
4347 silly ADD node_modules/negotiator
4348 silly ADD node_modules/nanoid
4349 silly ADD node_modules/multicast-dns
4350 silly ADD node_modules/ms
4351 silly ADD node_modules/mrmime
4352 silly ADD node_modules/minimist
4353 silly ADD node_modules/minimatch
4354 silly ADD node_modules/minimalistic-assert
4355 silly ADD node_modules/mimic-response
4356 silly ADD node_modules/mimic-fn
4357 silly ADD node_modules/mime-types
4358 silly ADD node_modules/mime-db
4359 silly ADD node_modules/mime
4360 silly ADD node_modules/micromatch
4361 silly ADD node_modules/micromark-util-types
4362 silly ADD node_modules/micromark-util-symbol
4363 silly ADD node_modules/micromark-util-resolve-all
4364 silly ADD node_modules/micromark-util-html-tag-name
4365 silly ADD node_modules/micromark-util-encode
4366 silly ADD node_modules/micromark-util-combine-extensions
4367 silly ADD node_modules/micromark-extension-mdxjs
4368 silly ADD node_modules/micromark-extension-mdx-md
4369 silly ADD node_modules/micromark-extension-gfm-tagfilter
4370 silly ADD node_modules/micromark-extension-gfm
4371 silly ADD node_modules/methods
4372 silly ADD node_modules/merge2
4373 silly ADD node_modules/merge-stream
4374 silly ADD node_modules/merge-descriptors
4375 silly ADD node_modules/media-typer
4376 silly ADD node_modules/mdn-data
4377 silly ADD node_modules/mdast-util-to-string
4378 silly ADD node_modules/mdast-util-phrasing
4379 silly ADD node_modules/mdast-util-mdxjs-esm
4380 silly ADD node_modules/mdast-util-mdx-jsx
4381 silly ADD node_modules/mdast-util-mdx-expression
4382 silly ADD node_modules/mdast-util-mdx
4383 silly ADD node_modules/mdast-util-gfm-task-list-item
4384 silly ADD node_modules/mdast-util-gfm-table
4385 silly ADD node_modules/mdast-util-gfm-strikethrough
4386 silly ADD node_modules/mdast-util-gfm-footnote
4387 silly ADD node_modules/mdast-util-gfm
4388 silly ADD node_modules/mdast-util-directive
4389 silly ADD node_modules/math-intrinsics
4390 silly ADD node_modules/markdown-table
4391 silly ADD node_modules/markdown-extensions
4392 silly ADD node_modules/lru-cache
4393 silly ADD node_modules/lowercase-keys
4394 silly ADD node_modules/lower-case
4395 silly ADD node_modules/loose-envify
4396 silly ADD node_modules/longest-streak
4397 silly ADD node_modules/lodash.uniq
4398 silly ADD node_modules/lodash.memoize
4399 silly ADD node_modules/lodash.debounce
4400 silly ADD node_modules/lodash
4401 silly ADD node_modules/locate-path
4402 silly ADD node_modules/loader-runner
4403 silly ADD node_modules/lines-and-columns
4404 silly ADD node_modules/lilconfig
4405 silly ADD node_modules/leven
4406 silly ADD node_modules/launch-editor
4407 silly ADD node_modules/latest-version
4408 silly ADD node_modules/kleur
4409 silly ADD node_modules/kind-of
4410 silly ADD node_modules/keyv
4411 silly ADD node_modules/jsonfile
4412 silly ADD node_modules/json5
4413 silly ADD node_modules/json-parse-even-better-errors
4414 silly ADD node_modules/json-buffer
4415 silly ADD node_modules/jsesc
4416 silly ADD node_modules/js-tokens
4417 silly ADD node_modules/jest-util
4418 silly ADD node_modules/isobject
4419 silly ADD node_modules/isexe
4420 silly ADD node_modules/isarray
4421 silly ADD node_modules/is-yarn-global
4422 silly ADD node_modules/is-wsl
4423 silly ADD node_modules/is-typedarray
4424 silly ADD node_modules/is-stream
4425 silly ADD node_modules/is-regexp
4426 silly ADD node_modules/is-plain-object
4427 silly ADD node_modules/is-plain-obj
4428 silly ADD node_modules/is-path-inside
4429 silly ADD node_modules/is-obj
4430 silly ADD node_modules/is-number
4431 silly ADD node_modules/is-npm
4432 silly ADD node_modules/is-network-error
4433 silly ADD node_modules/is-installed-globally
4434 silly ADD node_modules/is-hexadecimal
4435 silly ADD node_modules/is-glob
4436 silly ADD node_modules/is-fullwidth-code-point
4437 silly ADD node_modules/is-extglob
4438 silly ADD node_modules/is-extendable
4439 silly ADD node_modules/is-docker
4440 silly ADD node_modules/is-decimal
4441 silly ADD node_modules/is-core-module
4442 silly ADD node_modules/is-ci
4443 silly ADD node_modules/is-binary-path
4444 silly ADD node_modules/is-arrayish
4445 silly ADD node_modules/is-alphanumerical
4446 silly ADD node_modules/is-alphabetical
4447 silly ADD node_modules/ipaddr.js
4448 silly ADD node_modules/invariant
4449 silly ADD node_modules/inline-style-parser
4450 silly ADD node_modules/ini
4451 silly ADD node_modules/inherits
4452 silly ADD node_modules/indent-string
4453 silly ADD node_modules/imurmurhash
4454 silly ADD node_modules/import-lazy
4455 silly ADD node_modules/import-fresh
4456 silly ADD node_modules/ignore
4457 silly ADD node_modules/icss-utils
4458 silly ADD node_modules/http-parser-js
4459 silly ADD node_modules/http-errors
4460 silly ADD node_modules/http-deceiver
4461 silly ADD node_modules/http-cache-semantics
4462 silly ADD node_modules/html-void-elements
4463 silly ADD node_modules/html-tags
4464 silly ADD node_modules/html-escaper
4465 silly ADD node_modules/hoist-non-react-statics
4466 silly ADD node_modules/history
4467 silly ADD node_modules/he
4468 silly ADD node_modules/hastscript
4469 silly ADD node_modules/hast-util-whitespace
4470 silly ADD node_modules/hast-util-to-parse5
4471 silly ADD node_modules/hast-util-to-jsx-runtime
4472 silly ADD node_modules/hast-util-raw
4473 silly ADD node_modules/hast-util-parse-selector
4474 silly ADD node_modules/hast-util-from-parse5
4475 silly ADD node_modules/hasown
4476 silly ADD node_modules/has-yarn
4477 silly ADD node_modules/has-property-descriptors
4478 silly ADD node_modules/has-flag
4479 silly ADD node_modules/handle-thing
4480 silly ADD node_modules/gzip-size
4481 silly ADD node_modules/graceful-fs
4482 silly ADD node_modules/gopd
4483 silly ADD node_modules/globby
4484 silly ADD node_modules/global-dirs
4485 silly ADD node_modules/glob-to-regex.js
4486 silly ADD node_modules/glob-parent
4487 silly ADD node_modules/github-slugger
4488 silly ADD node_modules/get-stream
4489 silly ADD node_modules/get-proto
4490 silly ADD node_modules/get-own-enumerable-property-symbols
4491 silly ADD node_modules/get-intrinsic
4492 silly ADD node_modules/gensync
4493 silly ADD node_modules/function-bind
4494 silly ADD node_modules/fsevents
4495 silly ADD node_modules/fresh
4496 silly ADD node_modules/fraction.js
4497 silly ADD node_modules/forwarded
4498 silly ADD node_modules/format
4499 silly ADD node_modules/follow-redirects
4500 silly ADD node_modules/flat
4501 silly ADD node_modules/find-up
4502 silly ADD node_modules/find-cache-dir
4503 silly ADD node_modules/fill-range
4504 silly ADD node_modules/fault
4505 silly ADD node_modules/fastq
4506 silly ADD node_modules/fast-uri
4507 silly ADD node_modules/fast-json-stable-stringify
4508 silly ADD node_modules/fast-deep-equal
4509 silly ADD node_modules/extend-shallow
4510 silly ADD node_modules/extend
4511 silly ADD node_modules/execa
4512 silly ADD node_modules/events
4513 silly ADD node_modules/eventemitter3
4514 silly ADD node_modules/eval
4515 silly ADD node_modules/etag
4516 silly ADD node_modules/eta
4517 silly ADD node_modules/esutils
4518 silly ADD node_modules/estree-walker
4519 silly ADD node_modules/estree-util-visit
4520 silly ADD node_modules/estree-util-value-to-estree
4521 silly ADD node_modules/estree-util-to-js
4522 silly ADD node_modules/estree-util-scope
4523 silly ADD node_modules/estree-util-is-identifier-name
4524 silly ADD node_modules/estree-util-build-jsx
4525 silly ADD node_modules/estree-util-attach-comments
4526 silly ADD node_modules/estraverse
4527 silly ADD node_modules/esrecurse
4528 silly ADD node_modules/esrecurse/node_modules/estraverse
4529 silly ADD node_modules/eslint-scope
4530 silly ADD node_modules/escape-string-regexp
4531 silly ADD node_modules/escape-html
4532 silly ADD node_modules/escape-goat
4533 silly ADD node_modules/escalade
4534 silly ADD node_modules/esast-util-from-js
4535 silly ADD node_modules/esast-util-from-estree
4536 silly ADD node_modules/es-object-atoms
4537 silly ADD node_modules/es-module-lexer
4538 silly ADD node_modules/es-errors
4539 silly ADD node_modules/es-define-property
4540 silly ADD node_modules/error-ex
4541 silly ADD node_modules/enhanced-resolve
4542 silly ADD node_modules/encodeurl
4543 silly ADD node_modules/emoticon
4544 silly ADD node_modules/emojis-list
4545 silly ADD node_modules/emojilib
4546 silly ADD node_modules/emoji-regex
4547 silly ADD node_modules/electron-to-chromium
4548 silly ADD node_modules/ee-first
4549 silly ADD node_modules/eastasianwidth
4550 silly ADD node_modules/duplexer
4551 silly ADD node_modules/dunder-proto
4552 silly ADD node_modules/dot-prop
4553 silly ADD node_modules/dot-prop/node_modules/is-obj
4554 silly ADD node_modules/dot-case
4555 silly ADD node_modules/domutils
4556 silly ADD node_modules/domhandler
4557 silly ADD node_modules/domelementtype
4558 silly ADD node_modules/dom-serializer
4559 silly ADD node_modules/dom-converter
4560 silly ADD node_modules/dns-packet
4561 silly ADD node_modules/dir-glob
4562 silly ADD node_modules/devlop
4563 silly ADD node_modules/detect-node
4564 silly ADD node_modules/destroy
4565 silly ADD node_modules/dequal
4566 silly ADD node_modules/depd
4567 silly ADD node_modules/define-properties
4568 silly ADD node_modules/define-lazy-prop
4569 silly ADD node_modules/define-data-property
4570 silly ADD node_modules/defer-to-connect
4571 silly ADD node_modules/default-browser-id
4572 silly ADD node_modules/default-browser
4573 silly ADD node_modules/deepmerge
4574 silly ADD node_modules/deep-extend
4575 silly ADD node_modules/decompress-response
4576 silly ADD node_modules/decompress-response/node_modules/mimic-response
4577 silly ADD node_modules/decode-named-character-reference
4578 silly ADD node_modules/debug
4579 silly ADD node_modules/debounce
4580 silly ADD node_modules/csstype
4581 silly ADD node_modules/cssnano-utils
4582 silly ADD node_modules/cssnano-preset-default
4583 silly ADD node_modules/cssnano-preset-advanced
4584 silly ADD node_modules/cssnano
4585 silly ADD node_modules/cssesc
4586 silly ADD node_modules/cssdb
4587 silly ADD node_modules/css-what
4588 silly ADD node_modules/css-prefers-color-scheme
4589 silly ADD node_modules/css-minimizer-webpack-plugin
4590 silly ADD node_modules/css-loader
4591 silly ADD node_modules/css-declaration-sorter
4592 silly ADD node_modules/cross-spawn
4593 silly ADD node_modules/cosmiconfig
4594 silly ADD node_modules/core-util-is
4595 silly ADD node_modules/core-js-compat
4596 silly ADD node_modules/copy-webpack-plugin
4597 silly ADD node_modules/copy-webpack-plugin/node_modules/slash
4598 silly ADD node_modules/copy-webpack-plugin/node_modules/globby
4599 silly ADD node_modules/copy-webpack-plugin/node_modules/glob-parent
4600 silly ADD node_modules/copy-text-to-clipboard
4601 silly ADD node_modules/cookie-signature
4602 silly ADD node_modules/cookie
4603 silly ADD node_modules/convert-source-map
4604 silly ADD node_modules/content-type
4605 silly ADD node_modules/content-disposition
4606 silly ADD node_modules/consola
4607 silly ADD node_modules/connect-history-api-fallback
4608 silly ADD node_modules/configstore
4609 silly ADD node_modules/config-chain
4610 silly ADD node_modules/config-chain/node_modules/ini
4611 silly ADD node_modules/concat-map
4612 silly ADD node_modules/compressible
4613 silly ADD node_modules/compressible/node_modules/mime-db
4614 silly ADD node_modules/common-path-prefix
4615 silly ADD node_modules/commander
4616 silly ADD node_modules/comma-separated-tokens
4617 silly ADD node_modules/combine-promises
4618 silly ADD node_modules/colorette
4619 silly ADD node_modules/colord
4620 silly ADD node_modules/color-name
4621 silly ADD node_modules/color-convert
4622 silly ADD node_modules/collapse-white-space
4623 silly ADD node_modules/clsx
4624 silly ADD node_modules/clone-deep
4625 silly ADD node_modules/cli-boxes
4626 silly ADD node_modules/clean-stack
4627 silly ADD node_modules/ci-info
4628 silly ADD node_modules/chrome-trace-event
4629 silly ADD node_modules/chokidar
4630 silly ADD node_modules/cheerio-select
4631 silly ADD node_modules/character-reference-invalid
4632 silly ADD node_modules/character-entities-legacy
4633 silly ADD node_modules/character-entities-html4
4634 silly ADD node_modules/character-entities
4635 silly ADD node_modules/char-regex
4636 silly ADD node_modules/chalk
4637 silly ADD node_modules/ccount
4638 silly ADD node_modules/caniuse-lite
4639 silly ADD node_modules/caniuse-api
4640 silly ADD node_modules/camelcase
4641 silly ADD node_modules/camel-case
4642 silly ADD node_modules/callsites
4643 silly ADD node_modules/call-bound
4644 silly ADD node_modules/call-bind-apply-helpers
4645 silly ADD node_modules/call-bind
4646 silly ADD node_modules/cacheable-request
4647 silly ADD node_modules/cacheable-lookup
4648 silly ADD node_modules/bytestreamjs
4649 silly ADD node_modules/bytes
4650 silly ADD node_modules/bundle-name
4651 silly ADD node_modules/buffer-from
4652 silly ADD node_modules/browserslist
4653 silly ADD node_modules/braces
4654 silly ADD node_modules/brace-expansion
4655 silly ADD node_modules/boxen
4656 silly ADD node_modules/boolbase
4657 silly ADD node_modules/binary-extensions
4658 silly ADD node_modules/big.js
4659 silly ADD node_modules/batch
4660 silly ADD node_modules/baseline-browser-mapping
4661 silly ADD node_modules/balanced-match
4662 silly ADD node_modules/bail
4663 silly ADD node_modules/babel-plugin-polyfill-regenerator
4664 silly ADD node_modules/babel-plugin-polyfill-corejs3
4665 silly ADD node_modules/babel-plugin-dynamic-import-node
4666 silly ADD node_modules/babel-loader
4667 silly ADD node_modules/autoprefixer
4668 silly ADD node_modules/astring
4669 silly ADD node_modules/asn1js
4670 silly ADD node_modules/array-union
4671 silly ADD node_modules/array-flatten
4672 silly ADD node_modules/argparse
4673 silly ADD node_modules/arg
4674 silly ADD node_modules/anymatch
4675 silly ADD node_modules/ansis
4676 silly ADD node_modules/ansi-styles
4677 silly ADD node_modules/ansi-regex
4678 silly ADD node_modules/ansi-html-community
4679 silly ADD node_modules/algoliasearch-helper
4680 silly ADD node_modules/ajv-keywords
4681 silly ADD node_modules/ajv-formats
4682 silly ADD node_modules/aggregate-error
4683 silly ADD node_modules/address
4684 silly ADD node_modules/acorn-walk
4685 silly ADD node_modules/acorn-jsx
4686 silly ADD node_modules/acorn-import-phases
4687 silly ADD node_modules/acorn
4688 silly ADD node_modules/@xtuc/long
4689 silly ADD node_modules/@xtuc/ieee754
4690 silly ADD node_modules/@webassemblyjs/wast-printer
4691 silly ADD node_modules/@webassemblyjs/wasm-opt
4692 silly ADD node_modules/@webassemblyjs/wasm-edit
4693 silly ADD node_modules/@webassemblyjs/utf8
4694 silly ADD node_modules/@webassemblyjs/leb128
4695 silly ADD node_modules/@webassemblyjs/ieee754
4696 silly ADD node_modules/@webassemblyjs/helper-wasm-section
4697 silly ADD node_modules/@webassemblyjs/helper-wasm-bytecode
4698 silly ADD node_modules/@webassemblyjs/helper-numbers
4699 silly ADD node_modules/@webassemblyjs/helper-buffer
4700 silly ADD node_modules/@webassemblyjs/helper-api-error
4701 silly ADD node_modules/@webassemblyjs/floating-point-hex-parser
4702 silly ADD node_modules/@types/yargs-parser
4703 silly ADD node_modules/@types/yargs
4704 silly ADD node_modules/@types/ws
4705 silly ADD node_modules/@types/unist
4706 silly ADD node_modules/@types/sockjs
4707 silly ADD node_modules/@types/serve-index
4708 silly ADD node_modules/@types/send
4709 silly ADD node_modules/@types/sax
4710 silly ADD node_modules/@types/retry
4711 silly ADD node_modules/@types/react-router-dom
4712 silly ADD node_modules/@types/react-router-config
4713 silly ADD node_modules/@types/react-router
4714 silly ADD node_modules/@types/react
4715 silly ADD node_modules/@types/range-parser
4716 silly ADD node_modules/@types/qs
4717 silly ADD node_modules/@types/prismjs
4718 silly ADD node_modules/@types/ms
4719 silly ADD node_modules/@types/mime
4720 silly ADD node_modules/@types/mdx
4721 silly ADD node_modules/@types/mdast
4722 silly ADD node_modules/@types/json-schema
4723 silly ADD node_modules/@types/istanbul-reports
4724 silly ADD node_modules/@types/istanbul-lib-report
4725 silly ADD node_modules/@types/istanbul-lib-coverage
4726 silly ADD node_modules/@types/http-proxy
4727 silly ADD node_modules/@types/http-errors
4728 silly ADD node_modules/@types/http-cache-semantics
4729 silly ADD node_modules/@types/html-minifier-terser
4730 silly ADD node_modules/@types/history
4731 silly ADD node_modules/@types/hast
4732 silly ADD node_modules/@types/express-serve-static-core
4733 silly ADD node_modules/@types/express
4734 silly ADD node_modules/@types/estree-jsx
4735 silly ADD node_modules/@types/estree
4736 silly ADD node_modules/@types/debug
4737 silly ADD node_modules/@types/connect-history-api-fallback
4738 silly ADD node_modules/@types/connect
4739 silly ADD node_modules/@types/bonjour
4740 silly ADD node_modules/@types/body-parser
4741 silly ADD node_modules/@svgr/webpack
4742 silly ADD node_modules/@svgr/plugin-svgo
4743 silly ADD node_modules/@svgr/plugin-jsx
4744 silly ADD node_modules/@svgr/hast-util-to-babel-ast
4745 silly ADD node_modules/@svgr/core
4746 silly ADD node_modules/@svgr/babel-preset
4747 silly ADD node_modules/@svgr/babel-plugin-transform-svg-component
4748 silly ADD node_modules/@svgr/babel-plugin-transform-react-native-svg
4749 silly ADD node_modules/@svgr/babel-plugin-svg-em-dimensions
4750 silly ADD node_modules/@svgr/babel-plugin-svg-dynamic-title
4751 silly ADD node_modules/@svgr/babel-plugin-replace-jsx-attribute-value
4752 silly ADD node_modules/@svgr/babel-plugin-remove-jsx-empty-expression
4753 silly ADD node_modules/@svgr/babel-plugin-remove-jsx-attribute
4754 silly ADD node_modules/@svgr/babel-plugin-add-jsx-attribute
4755 silly ADD node_modules/@slorber/remark-comment
4756 silly ADD node_modules/@sindresorhus/is
4757 silly ADD node_modules/@sinclair/typebox
4758 silly ADD node_modules/@sideway/pinpoint
4759 silly ADD node_modules/@sideway/formula
4760 silly ADD node_modules/@sideway/address
4761 silly ADD node_modules/@polka/url
4762 silly ADD node_modules/@pnpm/npm-conf
4763 silly ADD node_modules/@pnpm/config.env-replace
4764 silly ADD node_modules/@peculiar/x509
4765 silly ADD node_modules/@noble/hashes
4766 silly ADD node_modules/@mdx-js/react
4767 silly ADD node_modules/@leichtgewicht/ip-codec
4768 silly ADD node_modules/@jsonjoy.com/fs-print
4769 silly ADD node_modules/@jsonjoy.com/fs-node-to-fsa
4770 silly ADD node_modules/@jsonjoy.com/fs-fsa
4771 silly ADD node_modules/@jridgewell/trace-mapping
4772 silly ADD node_modules/@jridgewell/sourcemap-codec
4773 silly ADD node_modules/@jridgewell/source-map
4774 silly ADD node_modules/@jridgewell/remapping
4775 silly ADD node_modules/@jest/types
4776 silly ADD node_modules/@jest/schemas
4777 silly ADD node_modules/@hapi/topo
4778 silly ADD node_modules/@hapi/hoek
4779 silly ADD node_modules/@docusaurus/utils-validation
4780 silly ADD node_modules/@docusaurus/utils-common
4781 silly ADD node_modules/@docusaurus/types
4782 silly ADD node_modules/@docusaurus/preset-classic
4783 silly ADD node_modules/@docusaurus/plugin-svgr
4784 silly ADD node_modules/@docusaurus/plugin-sitemap
4785 silly ADD node_modules/@docusaurus/plugin-google-tag-manager
4786 silly ADD node_modules/@docusaurus/plugin-google-gtag
4787 silly ADD node_modules/@docusaurus/plugin-google-analytics
4788 silly ADD node_modules/@docusaurus/plugin-css-cascade-layers
4789 silly ADD node_modules/@docusaurus/plugin-content-pages
4790 silly ADD node_modules/@docusaurus/module-type-aliases
4791 silly ADD node_modules/@docusaurus/babel
4792 silly ADD node_modules/@docsearch/css
4793 silly ADD node_modules/@discoveryjs/json-ext
4794 silly ADD node_modules/@csstools/utilities
4795 silly ADD node_modules/@csstools/selector-specificity
4796 silly ADD node_modules/@csstools/selector-resolve-nested
4797 silly ADD node_modules/@csstools/postcss-unset-value
4798 silly ADD node_modules/@csstools/postcss-trigonometric-functions
4799 silly ADD node_modules/@csstools/postcss-text-decoration-shorthand
4800 silly ADD node_modules/@csstools/postcss-system-ui-font-family
4801 silly ADD node_modules/@csstools/postcss-syntax-descriptor-syntax-production
4802 silly ADD node_modules/@csstools/postcss-stepped-value-functions
4803 silly ADD node_modules/@csstools/postcss-sign-functions
4804 silly ADD node_modules/@csstools/postcss-relative-color-syntax
4805 silly ADD node_modules/@csstools/postcss-random-function
4806 silly ADD node_modules/@csstools/postcss-property-rule-prelude-list
4807 silly ADD node_modules/@csstools/postcss-progressive-custom-properties
4808 silly ADD node_modules/@csstools/postcss-position-area-property
4809 silly ADD node_modules/@csstools/postcss-oklab-function
4810 silly ADD node_modules/@csstools/postcss-normalize-display-values
4811 silly ADD node_modules/@csstools/postcss-nested-calc
4812 silly ADD node_modules/@csstools/postcss-media-queries-aspect-ratio-number-values
4813 silly ADD node_modules/@csstools/postcss-media-minmax
4814 silly ADD node_modules/@csstools/postcss-logical-viewport-units
4815 silly ADD node_modules/@csstools/postcss-logical-resize
4816 silly ADD node_modules/@csstools/postcss-logical-overscroll-behavior
4817 silly ADD node_modules/@csstools/postcss-logical-overflow
4818 silly ADD node_modules/@csstools/postcss-logical-float-and-clear
4819 silly ADD node_modules/@csstools/postcss-light-dark-function
4820 silly ADD node_modules/@csstools/postcss-initial
4821 silly ADD node_modules/@csstools/postcss-ic-unit
4822 silly ADD node_modules/@csstools/postcss-hwb-function
4823 silly ADD node_modules/@csstools/postcss-gradients-interpolation-method
4824 silly ADD node_modules/@csstools/postcss-gamut-mapping
4825 silly ADD node_modules/@csstools/postcss-font-format-keywords
4826 silly ADD node_modules/@csstools/postcss-exponential-functions
4827 silly ADD node_modules/@csstools/postcss-contrast-color-function
4828 silly ADD node_modules/@csstools/postcss-content-alt-text
4829 silly ADD node_modules/@csstools/postcss-color-mix-variadic-function-arguments
4830 silly ADD node_modules/@csstools/postcss-color-mix-function
4831 silly ADD node_modules/@csstools/postcss-color-function-display-p3-linear
4832 silly ADD node_modules/@csstools/postcss-color-function
4833 silly ADD node_modules/@csstools/postcss-alpha-function
4834 silly ADD node_modules/@csstools/media-query-list-parser
4835 silly ADD node_modules/@csstools/css-tokenizer
4836 silly ADD node_modules/@csstools/css-parser-algorithms
4837 silly ADD node_modules/@csstools/css-color-parser
4838 silly ADD node_modules/@csstools/css-calc
4839 silly ADD node_modules/@csstools/color-helpers
4840 silly ADD node_modules/@csstools/cascade-layer-name-parser
4841 silly ADD node_modules/@babel/template
4842 silly ADD node_modules/@babel/preset-typescript
4843 silly ADD node_modules/@babel/preset-react
4844 silly ADD node_modules/@babel/plugin-transform-unicode-sets-regex
4845 silly ADD node_modules/@babel/plugin-transform-unicode-regex
4846 silly ADD node_modules/@babel/plugin-transform-unicode-property-regex
4847 silly ADD node_modules/@babel/plugin-transform-unicode-escapes
4848 silly ADD node_modules/@babel/plugin-transform-typescript
4849 silly ADD node_modules/@babel/plugin-transform-typeof-symbol
4850 silly ADD node_modules/@babel/plugin-transform-template-literals
4851 silly ADD node_modules/@babel/plugin-transform-sticky-regex
4852 silly ADD node_modules/@babel/plugin-transform-spread
4853 silly ADD node_modules/@babel/plugin-transform-shorthand-properties
4854 silly ADD node_modules/@babel/plugin-transform-reserved-words
4855 silly ADD node_modules/@babel/plugin-transform-regexp-modifiers
4856 silly ADD node_modules/@babel/plugin-transform-react-pure-annotations
4857 silly ADD node_modules/@babel/plugin-transform-react-jsx-development
4858 silly ADD node_modules/@babel/plugin-transform-react-jsx
4859 silly ADD node_modules/@babel/plugin-transform-react-display-name
4860 silly ADD node_modules/@babel/plugin-transform-react-constant-elements
4861 silly ADD node_modules/@babel/plugin-transform-property-literals
4862 silly ADD node_modules/@babel/plugin-transform-private-property-in-object
4863 silly ADD node_modules/@babel/plugin-transform-private-methods
4864 silly ADD node_modules/@babel/plugin-transform-parameters
4865 silly ADD node_modules/@babel/plugin-transform-optional-chaining
4866 silly ADD node_modules/@babel/plugin-transform-optional-catch-binding
4867 silly ADD node_modules/@babel/plugin-transform-object-super
4868 silly ADD node_modules/@babel/plugin-transform-object-rest-spread
4869 silly ADD node_modules/@babel/plugin-transform-numeric-separator
4870 silly ADD node_modules/@babel/plugin-transform-nullish-coalescing-operator
4871 silly ADD node_modules/@babel/plugin-transform-new-target
4872 silly ADD node_modules/@babel/plugin-transform-named-capturing-groups-regex
4873 silly ADD node_modules/@babel/plugin-transform-modules-umd
4874 silly ADD node_modules/@babel/plugin-transform-modules-systemjs
4875 silly ADD node_modules/@babel/plugin-transform-modules-commonjs
4876 silly ADD node_modules/@babel/plugin-transform-modules-amd
4877 silly ADD node_modules/@babel/plugin-transform-member-expression-literals
4878 silly ADD node_modules/@babel/plugin-transform-logical-assignment-operators
4879 silly ADD node_modules/@babel/plugin-transform-literals
4880 silly ADD node_modules/@babel/plugin-transform-json-strings
4881 silly ADD node_modules/@babel/plugin-transform-function-name
4882 silly ADD node_modules/@babel/plugin-transform-for-of
4883 silly ADD node_modules/@babel/plugin-transform-export-namespace-from
4884 silly ADD node_modules/@babel/plugin-transform-exponentiation-operator
4885 silly ADD node_modules/@babel/plugin-transform-explicit-resource-management
4886 silly ADD node_modules/@babel/plugin-transform-dynamic-import
4887 silly ADD node_modules/@babel/plugin-transform-duplicate-named-capturing-groups-regex
4888 silly ADD node_modules/@babel/plugin-transform-duplicate-keys
4889 silly ADD node_modules/@babel/plugin-transform-dotall-regex
4890 silly ADD node_modules/@babel/plugin-transform-destructuring
4891 silly ADD node_modules/@babel/plugin-transform-computed-properties
4892 silly ADD node_modules/@babel/plugin-transform-classes
4893 silly ADD node_modules/@babel/plugin-transform-class-static-block
4894 silly ADD node_modules/@babel/plugin-transform-class-properties
4895 silly ADD node_modules/@babel/plugin-transform-block-scoping
4896 silly ADD node_modules/@babel/plugin-transform-block-scoped-functions
4897 silly ADD node_modules/@babel/plugin-transform-async-to-generator
4898 silly ADD node_modules/@babel/plugin-transform-async-generator-functions
4899 silly ADD node_modules/@babel/plugin-transform-arrow-functions
4900 silly ADD node_modules/@babel/plugin-syntax-unicode-sets-regex
4901 silly ADD node_modules/@babel/plugin-syntax-typescript
4902 silly ADD node_modules/@babel/plugin-syntax-jsx
4903 silly ADD node_modules/@babel/plugin-syntax-import-attributes
4904 silly ADD node_modules/@babel/plugin-syntax-import-assertions
4905 silly ADD node_modules/@babel/plugin-syntax-dynamic-import
4906 silly ADD node_modules/@babel/plugin-proposal-private-property-in-object
4907 silly ADD node_modules/@babel/plugin-bugfix-v8-static-class-fields-redefine-readonly
4908 silly ADD node_modules/@babel/plugin-bugfix-v8-spread-parameters-in-optional-chaining
4909 silly ADD node_modules/@babel/plugin-bugfix-safari-rest-destructuring-rhs-array
4910 silly ADD node_modules/@babel/plugin-bugfix-safari-id-destructuring-collision-in-function-expression
4911 silly ADD node_modules/@babel/plugin-bugfix-safari-class-field-initializer-scope
4912 silly ADD node_modules/@babel/plugin-bugfix-firefox-class-in-computed-class-key
4913 silly ADD node_modules/@babel/parser
4914 silly ADD node_modules/@babel/helper-wrap-function
4915 silly ADD node_modules/@babel/helper-validator-option
4916 silly ADD node_modules/@babel/helper-validator-identifier
4917 silly ADD node_modules/@babel/helper-string-parser
4918 silly ADD node_modules/@babel/helper-skip-transparent-expression-wrappers
4919 silly ADD node_modules/@babel/helper-replace-supers
4920 silly ADD node_modules/@babel/helper-remap-async-to-generator
4921 silly ADD node_modules/@babel/helper-plugin-utils
4922 silly ADD node_modules/@babel/helper-optimise-call-expression
4923 silly ADD node_modules/@babel/helper-module-transforms
4924 silly ADD node_modules/@babel/helper-module-imports
4925 silly ADD node_modules/@babel/helper-member-expression-to-functions
4926 silly ADD node_modules/@babel/helper-globals
4927 silly ADD node_modules/@babel/helper-annotate-as-pure
4928 silly ADD node_modules/@babel/compat-data
4929 silly ADD node_modules/@babel/code-frame
4930 silly ADD node_modules/@algolia/requester-node-http
4931 silly ADD node_modules/@algolia/requester-fetch
4932 silly ADD node_modules/@algolia/requester-browser-xhr
4933 silly ADD node_modules/@algolia/events
4934 silly ADD node_modules/@algolia/client-common
4935 silly ADD node_modules/@11ty/gray-matter
4936 silly CHANGE node_modules/@jsonjoy.com/fs-snapshot
4937 silly CHANGE node_modules/@webassemblyjs/wasm-parser
4938 silly CHANGE node_modules/@ungap/structured-clone
4939 silly CHANGE node_modules/@webassemblyjs/ast
4940 silly CHANGE node_modules/@webassemblyjs/wasm-gen
4941 silly CHANGE node_modules/@types/serve-static
4942 silly CHANGE node_modules/@types/node
4943 silly CHANGE node_modules/@pnpm/network.ca-file
4944 silly CHANGE node_modules/@pnpm/network.ca-file/node_modules/graceful-fs
4945 silly CHANGE node_modules/@szmarczak/http-timer
4946 silly CHANGE node_modules/@peculiar/utils
4947 silly CHANGE node_modules/@peculiar/asn1-x509-attr
4948 silly CHANGE node_modules/@peculiar/asn1-x509
4949 silly CHANGE node_modules/@peculiar/asn1-schema
4950 silly CHANGE node_modules/@docusaurus/theme-translations
4951 silly CHANGE node_modules/@peculiar/asn1-rsa
4952 silly CHANGE node_modules/@peculiar/asn1-pkcs9
4953 silly CHANGE node_modules/@peculiar/asn1-pkcs8
4954 silly CHANGE node_modules/@peculiar/asn1-pfx
4955 silly CHANGE node_modules/@peculiar/asn1-ecc
4956 silly CHANGE node_modules/@peculiar/asn1-csr
4957 silly CHANGE node_modules/@nodelib/fs.walk
4958 silly CHANGE node_modules/@peculiar/asn1-cms
4959 silly CHANGE node_modules/@nodelib/fs.stat
4960 silly CHANGE node_modules/@nodelib/fs.scandir
4961 silly CHANGE node_modules/@mdx-js/mdx
4962 silly CHANGE node_modules/@jsonjoy.com/util
4963 silly CHANGE node_modules/@jsonjoy.com/json-pointer
4964 silly CHANGE node_modules/@jsonjoy.com/json-pack
4965 silly CHANGE node_modules/@jsonjoy.com/fs-node-utils
4966 silly CHANGE node_modules/@jsonjoy.com/fs-node-builtins
4967 silly CHANGE node_modules/@jsonjoy.com/fs-node
4968 silly CHANGE node_modules/@jsonjoy.com/fs-core
4969 silly CHANGE node_modules/@jsonjoy.com/codegen
4970 silly CHANGE node_modules/@jridgewell/gen-mapping
4971 silly CHANGE node_modules/@jsonjoy.com/buffers
4972 silly CHANGE node_modules/@jsonjoy.com/base64
4973 silly CHANGE node_modules/@jridgewell/resolve-uri
4974 silly CHANGE node_modules/@docusaurus/utils
4975 silly CHANGE node_modules/@babel/helper-create-regexp-features-plugin
4976 silly CHANGE node_modules/@babel/helper-create-regexp-features-plugin/node_modules/semver
4977 silly CHANGE node_modules/@babel/helper-create-class-features-plugin
4978 silly CHANGE node_modules/@babel/helper-create-class-features-plugin/node_modules/semver
4979 silly CHANGE node_modules/@babel/helper-compilation-targets
4980 silly CHANGE node_modules/@babel/helper-compilation-targets/node_modules/semver
4981 silly CHANGE node_modules/@docusaurus/theme-search-algolia
4982 silly CHANGE node_modules/@docusaurus/theme-common
4983 silly CHANGE node_modules/@docusaurus/theme-classic
4984 silly CHANGE node_modules/@docusaurus/plugin-debug
4985 silly CHANGE node_modules/@docusaurus/plugin-content-docs
4986 silly CHANGE node_modules/@docusaurus/plugin-content-blog
4987 silly CHANGE node_modules/@docusaurus/mdx-loader
4988 silly CHANGE node_modules/@docusaurus/logger
4989 silly CHANGE node_modules/@docusaurus/cssnano-preset
4990 silly CHANGE node_modules/@docusaurus/core
4991 silly CHANGE node_modules/@docusaurus/core/node_modules/webpack-merge
4992 silly CHANGE node_modules/@docusaurus/bundler
4993 silly CHANGE node_modules/@docsearch/react
4994 silly CHANGE node_modules/@docsearch/core
4995 silly CHANGE node_modules/@csstools/postcss-scope-pseudo-class
4996 silly CHANGE node_modules/@csstools/postcss-scope-pseudo-class/node_modules/postcss-selector-parser
4997 silly CHANGE node_modules/@csstools/postcss-is-pseudo-class
4998 silly CHANGE node_modules/@csstools/postcss-is-pseudo-class/node_modules/postcss-selector-parser
4999 silly CHANGE node_modules/@csstools/postcss-cascade-layers
5000 silly CHANGE node_modules/@csstools/postcss-cascade-layers/node_modules/postcss-selector-parser
5001 silly CHANGE node_modules/@colors/colors
5002 silly CHANGE node_modules/@babel/types
5003 silly CHANGE node_modules/@babel/traverse
5004 silly CHANGE node_modules/@babel/runtime
5005 silly CHANGE node_modules/@babel/preset-modules
5006 silly CHANGE node_modules/@babel/preset-env
5007 silly CHANGE node_modules/@babel/preset-env/node_modules/semver
5008 silly CHANGE node_modules/@babel/preset-env/node_modules/babel-plugin-polyfill-corejs3
5009 silly CHANGE node_modules/@babel/plugin-transform-runtime
5010 silly CHANGE node_modules/@babel/plugin-transform-runtime/node_modules/semver
5011 silly CHANGE node_modules/@babel/plugin-transform-regenerator
5012 silly CHANGE node_modules/@babel/helpers
5013 silly CHANGE node_modules/@babel/helper-define-polyfill-provider
5014 silly CHANGE node_modules/wrap-ansi
5015 silly ADD node_modules/wrap-ansi/node_modules/strip-ansi
5016 silly ADD node_modules/wrap-ansi/node_modules/ansi-styles
5017 silly ADD node_modules/wrap-ansi/node_modules/ansi-regex
5018 silly CHANGE node_modules/webpack-dev-server
5019 silly ADD node_modules/webpack-dev-server/node_modules/open
5020 silly ADD node_modules/webpack-dev-server/node_modules/define-lazy-prop
5021 silly CHANGE node_modules/webpack-dev-server/node_modules/ws
5022 silly CHANGE node_modules/@babel/core
5023 silly CHANGE node_modules/@babel/core/node_modules/semver
5024 silly CHANGE node_modules/@babel/generator
5025 silly CHANGE node_modules/@algolia/recommend
5026 silly CHANGE node_modules/@algolia/monitoring
5027 silly CHANGE node_modules/@algolia/ingestion
5028 silly CHANGE node_modules/@algolia/client-search
5029 silly CHANGE node_modules/@algolia/client-query-suggestions
5030 silly CHANGE node_modules/@algolia/client-personalization
5031 silly CHANGE node_modules/@algolia/client-insights
5032 silly CHANGE node_modules/@algolia/client-analytics
5033 silly CHANGE node_modules/@algolia/client-abtesting
5034 silly CHANGE node_modules/@algolia/autocomplete-shared
5035 silly CHANGE node_modules/@algolia/autocomplete-plugin-algolia-insights
5036 silly CHANGE node_modules/@algolia/abtesting
5037 silly CHANGE node_modules/@algolia/autocomplete-core
5038 silly CHANGE node_modules/wsl-utils
5039 silly ADD node_modules/wsl-utils/node_modules/is-wsl
5040 silly CHANGE node_modules/wildcard
5041 silly CHANGE node_modules/websocket-extensions
5042 silly CHANGE node_modules/websocket-driver
5043 silly CHANGE node_modules/webpackbar
5044 silly CHANGE node_modules/webpack-sources
5045 silly CHANGE node_modules/webpack-dev-middleware
5046 silly ADD node_modules/webpack-dev-middleware/node_modules/range-parser
5047 silly ADD node_modules/webpack-dev-middleware/node_modules/mime-types
5048 silly ADD node_modules/webpack-dev-middleware/node_modules/mime-db
5049 silly CHANGE node_modules/terser
5050 silly CHANGE node_modules/terser/node_modules/commander
5051 silly CHANGE node_modules/webpack
5052 silly ADD node_modules/webpack/node_modules/mime-db
5053 silly CHANGE node_modules/webpack-bundle-analyzer
5054 silly CHANGE node_modules/webpack-bundle-analyzer/node_modules/commander
5055 silly CHANGE node_modules/svgo
5056 silly CHANGE node_modules/svgo/node_modules/commander
5057 silly CHANGE node_modules/watchpack
5058 silly CHANGE node_modules/uuid
5059 silly CHANGE node_modules/url-loader
5060 silly ADD node_modules/url-loader/node_modules/mime-types
5061 silly ADD node_modules/url-loader/node_modules/mime-db
5062 silly CHANGE node_modules/url-loader/node_modules/schema-utils
5063 silly CHANGE node_modules/url-loader/node_modules/json-schema-traverse
5064 silly CHANGE node_modules/url-loader/node_modules/ajv-keywords
5065 silly CHANGE node_modules/url-loader/node_modules/ajv
5066 silly CHANGE node_modules/uri-js
5067 silly CHANGE node_modules/update-notifier
5068 silly ADD node_modules/update-notifier/node_modules/camelcase
5069 silly ADD node_modules/update-notifier/node_modules/boxen
5070 silly CHANGE node_modules/update-notifier/node_modules/chalk
5071 silly CHANGE node_modules/type-is
5072 silly ADD node_modules/type-is/node_modules/mime-types
5073 silly ADD node_modules/type-is/node_modules/mime-db
5074 silly CHANGE node_modules/sitemap
5075 silly CHANGE node_modules/tsyringe
5076 silly CHANGE node_modules/tsyringe/node_modules/tslib
5077 silly CHANGE node_modules/tinypool
5078 silly CHANGE node_modules/tiny-invariant
5079 silly CHANGE node_modules/terser-webpack-plugin
5080 silly ADD node_modules/terser-webpack-plugin/node_modules/supports-color
5081 silly CHANGE node_modules/terser-webpack-plugin/node_modules/jest-worker
5082 silly CHANGE node_modules/string-width
5083 silly ADD node_modules/string-width/node_modules/strip-ansi
5084 silly ADD node_modules/string-width/node_modules/ansi-regex
5085 silly CHANGE node_modules/rc
5086 silly ADD node_modules/rc/node_modules/strip-json-comments
5087 silly ADD node_modules/rc/node_modules/ini
5088 silly CHANGE node_modules/stringify-entities
5089 silly CHANGE node_modules/stylehacks
5090 silly CHANGE node_modules/spdy-transport
5091 silly CHANGE node_modules/spdy
5092 silly CHANGE node_modules/source-map-support
5093 silly CHANGE node_modules/source-map-support/node_modules/source-map
5094 silly CHANGE node_modules/serve-index
5095 silly ADD node_modules/serve-index/node_modules/statuses
5096 silly ADD node_modules/serve-index/node_modules/ms
5097 silly ADD node_modules/serve-index/node_modules/mime-types
5098 silly ADD node_modules/serve-index/node_modules/mime-db
5099 silly ADD node_modules/serve-index/node_modules/http-errors
5100 silly CHANGE node_modules/serve-index/node_modules/depd
5101 silly CHANGE node_modules/serve-index/node_modules/debug
5102 silly CHANGE node_modules/serve-handler
5103 silly ADD node_modules/serve-handler/node_modules/path-to-regexp
5104 silly CHANGE node_modules/send
5105 silly ADD node_modules/send/node_modules/range-parser
5106 silly CHANGE node_modules/send/node_modules/debug
5107 silly CHANGE node_modules/selfsigned
5108 silly CHANGE node_modules/schema-utils
5109 silly CHANGE node_modules/resolve
5110 silly CHANGE node_modules/reusify
5111 silly CHANGE node_modules/require-like
5112 silly CHANGE node_modules/renderkid
5113 silly CHANGE node_modules/renderkid/node_modules/htmlparser2
5114 silly CHANGE node_modules/renderkid/node_modules/entities
5115 silly CHANGE node_modules/renderkid/node_modules/domutils
5116 silly CHANGE node_modules/renderkid/node_modules/domhandler
5117 silly CHANGE node_modules/renderkid/node_modules/dom-serializer
5118 silly CHANGE node_modules/renderkid/node_modules/css-select
5119 silly CHANGE node_modules/relateurl
5120 silly CHANGE node_modules/readable-stream
5121 silly CHANGE node_modules/react-router-dom
5122 silly CHANGE node_modules/react-loadable-ssr-addon-v5-slorber
5123 silly CHANGE node_modules/react-json-view-lite
5124 silly CHANGE node_modules/proxy-addr
5125 silly CHANGE node_modules/proxy-addr/node_modules/ipaddr.js
5126 silly CHANGE node_modules/raw-body
5127 silly ADD node_modules/raw-body/node_modules/bytes
5128 silly CHANGE node_modules/prismjs
5129 silly CHANGE node_modules/property-information
5130 silly CHANGE node_modules/prompts
5131 silly CHANGE node_modules/postcss-selector-not
5132 silly CHANGE node_modules/postcss-selector-not/node_modules/postcss-selector-parser
5133 silly CHANGE node_modules/pretty-error
5134 silly CHANGE node_modules/postcss-modules-local-by-default
5135 silly CHANGE node_modules/postcss-modules-local-by-default/node_modules/postcss-selector-parser
5136 silly CHANGE node_modules/postcss-pseudo-class-any-link
5137 silly CHANGE node_modules/postcss-pseudo-class-any-link/node_modules/postcss-selector-parser
5138 silly CHANGE node_modules/postcss-zindex
5139 silly CHANGE node_modules/postcss-svgo
5140 silly CHANGE node_modules/postcss-selector-parser
5141 silly CHANGE node_modules/parse-entities
5142 silly CHANGE node_modules/postcss-reduce-initial
5143 silly CHANGE node_modules/postcss-reduce-idents
5144 silly CHANGE node_modules/postcss-ordered-values
5145 silly CHANGE node_modules/postcss-normalize-repeat-style
5146 silly CHANGE node_modules/postcss-modules-scope
5147 silly CHANGE node_modules/postcss-modules-scope/node_modules/postcss-selector-parser
5148 silly CHANGE node_modules/postcss-nesting
5149 silly CHANGE node_modules/postcss-nesting/node_modules/postcss-selector-parser
5150 silly CHANGE node_modules/postcss-normalize-display-values
5151 silly CHANGE node_modules/postcss-minify-font-values
5152 silly CHANGE node_modules/postcss-minify-selectors
5153 silly CHANGE node_modules/postcss-merge-rules
5154 silly CHANGE node_modules/postcss-focus-within
5155 silly CHANGE node_modules/postcss-focus-within/node_modules/postcss-selector-parser
5156 silly CHANGE node_modules/postcss-merge-longhand
5157 silly CHANGE node_modules/postcss-dir-pseudo-class
5158 silly CHANGE node_modules/postcss-dir-pseudo-class/node_modules/postcss-selector-parser
5159 silly CHANGE node_modules/postcss-focus-visible
5160 silly CHANGE node_modules/postcss-focus-visible/node_modules/postcss-selector-parser
5161 silly CHANGE node_modules/postcss-discard-comments
5162 silly CHANGE node_modules/postcss-custom-selectors
5163 silly CHANGE node_modules/postcss-custom-selectors/node_modules/postcss-selector-parser
5164 silly CHANGE node_modules/postcss-convert-values
5165 silly CHANGE node_modules/parse5-htmlparser2-tree-adapter
5166 silly CHANGE node_modules/postcss-calc
5167 silly CHANGE node_modules/postcss-attribute-case-insensitive
5168 silly CHANGE node_modules/postcss-attribute-case-insensitive/node_modules/postcss-selector-parser
5169 silly CHANGE node_modules/object-inspect
5170 silly CHANGE node_modules/nth-check
5171 silly CHANGE node_modules/parse5
5172 silly CHANGE node_modules/parse5/node_modules/entities
5173 silly CHANGE node_modules/micromark-util-events-to-acorn
5174 silly CHANGE node_modules/micromark-util-events-to-acorn/node_modules/micromark-util-symbol
5175 silly CHANGE node_modules/null-loader
5176 silly CHANGE node_modules/null-loader/node_modules/schema-utils
5177 silly CHANGE node_modules/null-loader/node_modules/json-schema-traverse
5178 silly CHANGE node_modules/null-loader/node_modules/ajv-keywords
5179 silly CHANGE node_modules/null-loader/node_modules/ajv
5180 silly CHANGE node_modules/micromark-util-subtokenize
5181 silly CHANGE node_modules/micromark-util-subtokenize/node_modules/micromark-util-symbol
5182 silly CHANGE node_modules/minimizer-webpack-plugin
5183 silly ADD node_modules/minimizer-webpack-plugin/node_modules/supports-color
5184 silly CHANGE node_modules/minimizer-webpack-plugin/node_modules/jest-worker
5185 silly CHANGE node_modules/node-releases
5186 silly CHANGE node_modules/mini-css-extract-plugin
5187 silly CHANGE node_modules/micromark-util-decode-string
5188 silly CHANGE node_modules/micromark-util-decode-string/node_modules/micromark-util-symbol
5189 silly CHANGE node_modules/micromark-util-decode-string/node_modules/micromark-util-character
5190 silly CHANGE node_modules/micromark-util-sanitize-uri
5191 silly CHANGE node_modules/micromark-util-sanitize-uri/node_modules/micromark-util-symbol
5192 silly CHANGE node_modules/micromark-util-sanitize-uri/node_modules/micromark-util-character
5193 silly CHANGE node_modules/micromark-factory-space
5194 silly ADD node_modules/micromark-factory-space/node_modules/micromark-util-types
5195 silly CHANGE node_modules/micromark-util-normalize-identifier
5196 silly CHANGE node_modules/micromark-util-normalize-identifier/node_modules/micromark-util-symbol
5197 silly CHANGE node_modules/micromark-util-character
5198 silly ADD node_modules/micromark-util-character/node_modules/micromark-util-types
5199 silly CHANGE node_modules/micromark-util-decode-numeric-character-reference
5200 silly CHANGE node_modules/micromark-util-decode-numeric-character-reference/node_modules/micromark-util-symbol
5201 silly CHANGE node_modules/micromark-util-chunked
5202 silly CHANGE node_modules/micromark-util-chunked/node_modules/micromark-util-symbol
5203 silly CHANGE node_modules/micromark-util-classify-character
5204 silly CHANGE node_modules/micromark-util-classify-character/node_modules/micromark-util-symbol
5205 silly CHANGE node_modules/micromark-util-classify-character/node_modules/micromark-util-character
5206 silly CHANGE node_modules/micromark-factory-whitespace
5207 silly CHANGE node_modules/micromark-factory-whitespace/node_modules/micromark-util-symbol
5208 silly CHANGE node_modules/micromark-factory-whitespace/node_modules/micromark-util-character
5209 silly CHANGE node_modules/micromark-factory-whitespace/node_modules/micromark-factory-space
5210 silly CHANGE node_modules/micromark-factory-title
5211 silly CHANGE node_modules/micromark-factory-title/node_modules/micromark-util-symbol
5212 silly CHANGE node_modules/micromark-factory-title/node_modules/micromark-util-character
5213 silly CHANGE node_modules/micromark-factory-title/node_modules/micromark-factory-space
5214 silly CHANGE node_modules/micromark-extension-mdxjs-esm
5215 silly CHANGE node_modules/micromark-extension-mdxjs-esm/node_modules/micromark-util-symbol
5216 silly CHANGE node_modules/micromark-extension-mdxjs-esm/node_modules/micromark-util-character
5217 silly CHANGE node_modules/micromark-factory-label
5218 silly CHANGE node_modules/micromark-factory-label/node_modules/micromark-util-symbol
5219 silly CHANGE node_modules/micromark-factory-label/node_modules/micromark-util-character
5220 silly CHANGE node_modules/micromark-factory-mdx-expression
5221 silly CHANGE node_modules/micromark-factory-mdx-expression/node_modules/micromark-util-symbol
5222 silly CHANGE node_modules/micromark-factory-mdx-expression/node_modules/micromark-util-character
5223 silly CHANGE node_modules/micromark-factory-mdx-expression/node_modules/micromark-factory-space
5224 silly CHANGE node_modules/micromark-factory-destination
5225 silly CHANGE node_modules/micromark-factory-destination/node_modules/micromark-util-symbol
5226 silly CHANGE node_modules/micromark-factory-destination/node_modules/micromark-util-character
5227 silly CHANGE node_modules/micromark-extension-gfm-autolink-literal
5228 silly CHANGE node_modules/micromark-extension-gfm-autolink-literal/node_modules/micromark-util-symbol
5229 silly CHANGE node_modules/micromark-extension-gfm-autolink-literal/node_modules/micromark-util-character
5230 silly CHANGE node_modules/micromark-extension-frontmatter
5231 silly CHANGE node_modules/micromark-extension-frontmatter/node_modules/micromark-util-symbol
5232 silly CHANGE node_modules/micromark-extension-frontmatter/node_modules/micromark-util-character
5233 silly CHANGE node_modules/micromark-extension-mdx-jsx
5234 silly CHANGE node_modules/micromark-extension-mdx-jsx/node_modules/micromark-util-symbol
5235 silly CHANGE node_modules/micromark-extension-mdx-jsx/node_modules/micromark-util-character
5236 silly CHANGE node_modules/micromark-extension-mdx-jsx/node_modules/micromark-factory-space
5237 silly CHANGE node_modules/micromark-extension-mdx-expression
5238 silly CHANGE node_modules/micromark-extension-mdx-expression/node_modules/micromark-util-symbol
5239 silly CHANGE node_modules/micromark-extension-mdx-expression/node_modules/micromark-util-character
5240 silly CHANGE node_modules/micromark-extension-mdx-expression/node_modules/micromark-factory-space
5241 silly CHANGE node_modules/micromark-extension-gfm-task-list-item
5242 silly CHANGE node_modules/micromark-extension-gfm-task-list-item/node_modules/micromark-util-symbol
5243 silly CHANGE node_modules/micromark-extension-gfm-task-list-item/node_modules/micromark-util-character
5244 silly CHANGE node_modules/micromark-extension-gfm-task-list-item/node_modules/micromark-factory-space
5245 silly CHANGE node_modules/micromark-extension-gfm-table
5246 silly CHANGE node_modules/micromark-extension-gfm-table/node_modules/micromark-util-symbol
5247 silly CHANGE node_modules/micromark-extension-gfm-table/node_modules/micromark-util-character
5248 silly CHANGE node_modules/micromark-extension-gfm-table/node_modules/micromark-factory-space
5249 silly CHANGE node_modules/micromark-extension-gfm-strikethrough
5250 silly CHANGE node_modules/micromark-extension-gfm-strikethrough/node_modules/micromark-util-symbol
5251 silly CHANGE node_modules/micromark-extension-gfm-footnote
5252 silly CHANGE node_modules/micromark-extension-gfm-footnote/node_modules/micromark-util-symbol
5253 silly CHANGE node_modules/micromark-extension-gfm-footnote/node_modules/micromark-util-character
5254 silly CHANGE node_modules/micromark-extension-gfm-footnote/node_modules/micromark-factory-space
5255 silly CHANGE node_modules/micromark-extension-directive
5256 silly CHANGE node_modules/micromark-extension-directive/node_modules/micromark-util-symbol
5257 silly CHANGE node_modules/micromark-extension-directive/node_modules/micromark-util-character
5258 silly CHANGE node_modules/micromark-extension-directive/node_modules/micromark-factory-space
5259 silly CHANGE node_modules/micromark-core-commonmark
5260 silly CHANGE node_modules/micromark-core-commonmark/node_modules/micromark-util-symbol
5261 silly CHANGE node_modules/micromark-core-commonmark/node_modules/micromark-util-character
5262 silly CHANGE node_modules/micromark-core-commonmark/node_modules/micromark-factory-space
5263 silly CHANGE node_modules/mdast-util-gfm-autolink-literal
5264 silly CHANGE node_modules/mdast-util-gfm-autolink-literal/node_modules/micromark-util-symbol
5265 silly CHANGE node_modules/mdast-util-gfm-autolink-literal/node_modules/micromark-util-character
5266 silly CHANGE node_modules/micromark
5267 silly CHANGE node_modules/micromark/node_modules/micromark-util-symbol
5268 silly CHANGE node_modules/micromark/node_modules/micromark-util-character
5269 silly CHANGE node_modules/micromark/node_modules/micromark-factory-space
5270 silly CHANGE node_modules/mdast-util-to-markdown
5271 silly CHANGE node_modules/memfs
5272 silly CHANGE node_modules/mdast-util-to-hast
5273 silly CHANGE node_modules/mdast-util-frontmatter
5274 silly ADD node_modules/mdast-util-frontmatter/node_modules/escape-string-regexp
5275 silly CHANGE node_modules/mdast-util-from-markdown
5276 silly CHANGE node_modules/mdast-util-from-markdown/node_modules/micromark-util-symbol
5277 silly CHANGE node_modules/mdast-util-find-and-replace
5278 silly ADD node_modules/mdast-util-find-and-replace/node_modules/escape-string-regexp
5279 silly CHANGE node_modules/loader-utils
5280 silly CHANGE node_modules/js-yaml
5281 silly CHANGE node_modules/joi
5282 silly CHANGE node_modules/jiti
5283 silly CHANGE node_modules/json-schema-traverse
5284 silly CHANGE node_modules/is-inside-container
5285 silly ADD node_modules/is-inside-container/node_modules/is-docker
5286 silly CHANGE node_modules/jest-worker
5287 silly ADD node_modules/jest-worker/node_modules/supports-color
5288 silly CHANGE node_modules/html-minifier-terser
5289 silly CHANGE node_modules/html-minifier-terser/node_modules/commander
5290 silly CHANGE node_modules/http-proxy-middleware
5291 silly ADD node_modules/http-proxy-middleware/node_modules/is-plain-obj
5292 silly CHANGE node_modules/image-size
5293 silly CHANGE node_modules/infima
5294 silly CHANGE node_modules/iconv-lite
5295 silly CHANGE node_modules/human-signals
5296 silly CHANGE node_modules/hyperdyperid
5297 silly CHANGE node_modules/http2-wrapper
5298 silly CHANGE node_modules/http-proxy
5299 silly CHANGE node_modules/htmlparser2
5300 silly CHANGE node_modules/hast-util-to-estree
5301 silly CHANGE node_modules/html-webpack-plugin
5302 silly CHANGE node_modules/html-webpack-plugin/node_modules/html-minifier-terser
5303 silly CHANGE node_modules/html-webpack-plugin/node_modules/commander
5304 silly CHANGE node_modules/has-symbols
5305 silly CHANGE node_modules/hpack.js
5306 silly ADD node_modules/hpack.js/node_modules/safe-buffer
5307 silly ADD node_modules/hpack.js/node_modules/isarray
5308 silly CHANGE node_modules/hpack.js/node_modules/string_decoder
5309 silly CHANGE node_modules/hpack.js/node_modules/readable-stream
5310 silly CHANGE node_modules/fs-extra
5311 silly CHANGE node_modules/detect-port
5312 silly CHANGE node_modules/form-data-encoder
5313 silly CHANGE node_modules/got
5314 silly CHANGE node_modules/css-tree
5315 silly CHANGE node_modules/feed
5316 silly CHANGE node_modules/finalhandler
5317 silly ADD node_modules/finalhandler/node_modules/ms
5318 silly CHANGE node_modules/finalhandler/node_modules/debug
5319 silly CHANGE node_modules/file-loader
5320 silly CHANGE node_modules/file-loader/node_modules/schema-utils
5321 silly CHANGE node_modules/file-loader/node_modules/json-schema-traverse
5322 silly CHANGE node_modules/file-loader/node_modules/ajv-keywords
5323 silly CHANGE node_modules/file-loader/node_modules/ajv
5324 silly CHANGE node_modules/faye-websocket
5325 silly CHANGE node_modules/express
5326 silly ADD node_modules/express/node_modules/range-parser
5327 silly ADD node_modules/express/node_modules/path-to-regexp
5328 silly ADD node_modules/express/node_modules/ms
5329 silly ADD node_modules/express/node_modules/content-disposition
5330 silly CHANGE node_modules/express/node_modules/debug
5331 silly CHANGE node_modules/fast-glob
5332 silly CHANGE node_modules/csso
5333 silly CHANGE node_modules/csso/node_modules/mdn-data
5334 silly CHANGE node_modules/csso/node_modules/css-tree
5335 silly CHANGE node_modules/entities
5336 silly CHANGE node_modules/css-blank-pseudo
5337 silly CHANGE node_modules/css-blank-pseudo/node_modules/postcss-selector-parser
5338 silly CHANGE node_modules/css-select
5339 silly CHANGE node_modules/css-has-pseudo
5340 silly CHANGE node_modules/css-has-pseudo/node_modules/postcss-selector-parser
5341 silly CHANGE node_modules/cli-table3
5342 silly ADD node_modules/cli-table3/node_modules/string-width
5343 silly CHANGE node_modules/cli-table3/node_modules/emoji-regex
5344 silly CHANGE node_modules/babel-plugin-polyfill-corejs2
5345 silly CHANGE node_modules/babel-plugin-polyfill-corejs2/node_modules/semver
5346 silly CHANGE node_modules/crypto-random-string
5347 silly CHANGE node_modules/crypto-random-string/node_modules/type-fest
5348 silly CHANGE node_modules/core-js
5349 silly CHANGE node_modules/bonjour-service
5350 silly CHANGE node_modules/compression
5351 silly ADD node_modules/compression/node_modules/ms
5352 silly ADD node_modules/compression/node_modules/bytes
5353 silly CHANGE node_modules/compression/node_modules/debug
5354 silly CHANGE node_modules/clean-css
5355 silly CHANGE node_modules/clean-css/node_modules/source-map
5356 silly CHANGE node_modules/cheerio
5357 silly CHANGE node_modules/body-parser
5358 silly ADD node_modules/body-parser/node_modules/ms
5359 silly ADD node_modules/body-parser/node_modules/bytes
5360 silly CHANGE node_modules/body-parser/node_modules/debug
5361 silly CHANGE node_modules/ansi-align
5362 silly ADD node_modules/ansi-align/node_modules/string-width
5363 silly CHANGE node_modules/ansi-align/node_modules/emoji-regex
5364 silly CHANGE node_modules/algoliasearch
5365 silly CHANGE node_modules/ajv
5366 silly CHANGE node_modules/accepts
5367 silly ADD node_modules/accepts/node_modules/mime-types
5368 silly ADD node_modules/accepts/node_modules/mime-db
5369 silly CHANGE node_modules/accepts/node_modules/negotiator
5370 verbose cwd /Users/pcartee/github/writing-samples/writing-samples
5371 verbose os Darwin 25.5.0
5372 verbose node v24.19.0
5373 verbose npm  v11.17.0
5374 verbose exit 0
5375 info ok
